Suburb,Actual_Price_2025,Predicted_Price_2025,Prediction_Error,Error_Percent,Absolute_Error,Historical_Growth_Rate,Forecast_Price_2026,Forecast_2026_Lower,Forecast_2026_Upper,Median_Income,Crime_Rate,Education_Rate,Employment_Rate,Risk_Score,Population,Current_Sales_Count,Avg_Sales_Count,Median_Sales_Count,Total_Sales_Count,Sales_Count_Volatility,Low_Sales_Flag,Market_Liquidity_Category
ABERFOYLE PARK,941688.0,916581.2442729261,25106.755727073876,2.6661437468751727,25106.755727073876,15.609142857142855,1059651.7200932647,998606.3517652901,1120697.0884212393,783.0,25.456163773920782,0.46675567423230974,0.6111946712505372,2.249042083867443,11234.0,37.0,37.0,37.0,1073.0,7.245688373094722,0,High
ADELAIDE,1585000.0,1616212.2560351687,-31212.256035168655,-1.9692275101052779,31212.256035168655,8.300676879230494,1750368.8130911693,1689323.4447631948,1811414.181419144,726.0,435.4227325166181,0.7148821622809427,0.5286210892236385,23.788969446683865,18202.0,8.0,5.068965517241379,5.0,147.0,2.170105897395638,0,Moderate
ALBERT PARK,1240000.0,1251053.3525874545,-11053.352587454487,-0.8913994022140714,11053.352587454487,24.646781789638933,1559397.7424716465,1498352.374143672,1620443.110799621,752.0,53.902302077484556,0.4587310499719259,0.636963696369637,3.3508078103724372,1780.0,2.0,6.758620689655173,6.0,196.0,3.804651029743475,1,Low
ALBERTON,1615000.0,1699079.807083455,-84079.80708345491,-5.206180005167487,84079.80708345491,15.293040293040297,1958920.7665916393,1897875.3982636647,2019966.1349196138,779.0,111.23052122514777,0.4588930682428802,0.605625,6.235361836972228,1860.0,1.0,6.275862068965517,6.0,182.0,2.9019273364455307,1,Low
ALDGATE,1625000.0,1652577.1385094402,-27577.138509440236,-1.6970546775040147,27577.138509440236,13.68330464716007,1878704.3029010075,1817658.934573033,1939749.671228982,995.0,14.112903225806452,0.5771889400921659,0.6257163323782235,1.4620330002207507,3471.0,7.0,11.172413793103448,11.0,324.0,4.14098819742722,0,Moderate
ALDINGA,879800.0,827490.7179225704,52309.28207742958,5.945587869678288,52309.28207742958,22.680672268907564,1015171.1757102188,954125.8073822443,1076216.5440381935,627.0,154.24836601307192,0.4261437908496732,0.5039494470774092,8.189822857953516,764.0,4.0,2.391304347826087,2.0,55.0,1.437773861178916,1,Low
ALDINGA BEACH,840000.0,795252.878954706,44747.121045293985,5.327038219677855,44747.121045293985,19.3984962406015,949519.9787820099,888474.6104540353,1010565.3471099845,658.0,37.87026621672291,0.35948631421072363,0.5571479331990998,3.2976906622660245,10667.0,65.0,56.55172413793103,57.0,1640.0,11.114939132590075,0,High
ALLENBY GARDENS,1196500.0,1192215.9229582052,4284.077041794779,0.3580507347927103,4284.077041794779,8.580984233158146,1294519.7833324496,1233474.415004475,1355565.1516604242,796.0,44.47702834799609,0.5263929618768328,0.6456647398843931,3.136290317450722,2045.0,9.0,5.103448275862069,5.0,148.0,2.4252367717430765,0,Moderate
ANDREWS FARM,730000.0,695834.6525856121,34165.347414387856,4.680184577313405,34165.347414387856,23.498964803312635,859348.5926859579,798303.2243579833,920393.9610139325,772.0,51.95402298850575,0.32114942528735635,0.6356327383823765,4.456855427401963,8699.0,63.0,50.44827586206897,51.0,1463.0,12.588504412747117,0,High
ANGLE PARK,1041000.0,1155417.3637743054,-114417.36377430544,-10.991101227118678,114417.36377430544,18.00760459576427,1363480.3540735857,1302434.9857456111,1424525.7224015603,516.0,153.59897172236504,0.4106683804627249,0.441469013006886,10.018506943593776,1555.0,5.0,2.7916666666666665,3.0,67.0,1.102533314755127,0,Moderate
ANGLE VALE,853500.0,819882.2032667454,33617.79673325457,3.9388162546285375,33617.79673325457,9.505226480836237,897813.8635633197,836768.4952353451,958859.2318912942,894.0,97.72951628825271,0.34995064165844025,0.6938255887969447,5.224299269246219,4051.0,39.0,24.448275862068964,21.0,709.0,16.16121063113897,0,High
ASCOT PARK,1050833.0,1050102.841930239,730.1580697610043,0.06948374001968002,730.1580697610043,18.90780086285267,1248654.196137565,1187608.8278095904,1309699.5644655395,783.0,66.03510727222067,0.5592086932293118,0.6231319038336582,4.535891316431874,3588.0,4.0,8.03448275862069,8.0,233.0,3.69828878016277,1,Low
ATHELSTONE,1092500.0,1084666.7984756527,7833.2015243473,0.7169978511988375,7833.2015243473,16.928571428571427,1268285.3922176023,1207240.0238896278,1329330.760545577,829.0,15.621745469693815,0.5169756300770673,0.6368944099378882,1.6847943028193628,9601.0,28.0,30.655172413793103,31.0,889.0,5.947843919492205,0,High
ATHOL PARK,862000.0,827157.7743168443,34842.2256831557,4.04202154096934,34842.2256831557,19.452054794520546,988056.9578140934,927011.5894861189,1049102.326142068,650.0,77.5691699604743,0.45849802371541504,0.5712538226299694,5.5121015026533255,2023.0,3.0,5.035714285714286,4.5,141.0,2.252276919641838,1,Low
AULDANA,2025000.0,1871633.5332786313,153366.46672136872,7.573652677598456,153366.46672136872,-2.5261324041811855,1824353.5921069586,1763308.223778984,1885398.9604349332,1048.0,15.873015873015872,0.6111111111111112,0.5877862595419847,1.6069113826030574,629.0,1.0,2.04,2.0,51.0,1.42828568570857,1,Low
BALHANNAH,978500.0,1016757.3618533505,-38257.361853350536,-3.9097968168983686,38257.361853350536,,,,,843.0,18.782014797951053,0.45304496300512237,0.6089074460681977,1.327192814869244,1756.0,2.0,4.25,4.0,51.0,2.378884383296277,1,Low
BANKSIA PARK,845000.0,782698.0253053866,62301.97469461337,7.373014756758979,62301.97469461337,14.151102136967861,893458.4222903824,832413.0539624079,954503.790618357,794.0,21.51180161338512,0.4263519569763968,0.6146449704142012,1.8788320537042928,3346.0,11.0,13.93103448275862,13.0,404.0,4.666989198331178,0,Moderate
BEAUMONT,1620000.0,1679077.8610745028,-59077.86107450281,-3.6467815478088155,59077.86107450281,9.947643979057592,1846106.5488253694,1785061.1804973949,1907151.917153344,1096.0,20.13177159590044,0.6277452415812591,0.6013363028953229,1.7822824975103542,2731.0,7.0,10.655172413793103,10.0,309.0,3.1199343178636387,0,Moderate
BEDFORD PARK,987500.0,1019205.0899395926,-31705.08993959264,-3.210642019199254,31705.08993959264,20.54673721340388,1228618.4814351173,1167573.1131071427,1289663.849763092,470.0,101.96494954859267,0.6744556558682953,0.4856486796785304,7.708545698811872,1882.0,4.0,4.228070175438597,4.0,241.0,1.8994129154975483,1,Low
BELAIR,1330000.0,1343240.1534587617,-13240.15345876175,-0.9955002600572743,13240.15345876175,14.611624117327537,1539509.3556751695,1478463.987347195,1600554.724003144,977.0,23.098114007204916,0.5838101292646747,0.5945809065586224,1.8953292200384473,4718.0,15.0,15.052631578947368,15.0,858.0,3.5427040350132617,0,High
BELLEVUE HEIGHTS,1178000.0,1163173.0779044165,14826.922095583519,1.2586521303551375,14826.922095583519,17.51130305688643,1366859.8406523727,1305814.472324398,1427905.2089803473,764.0,11.057869517139697,0.5399926280869886,0.5167318557149065,1.6147092935669916,2712.0,11.0,9.241379310344827,9.0,268.0,2.668000487440964,0,Moderate
BEULAH PARK,1450000.0,1454580.5785155408,-4580.578515540808,-0.31590196658902125,4580.578515540808,8.278867102396514,1575003.3715081129,1513958.0031801383,1636048.7398360875,1082.0,27.465667915106117,0.6067415730337079,0.7068965517241379,1.8359469388861134,1601.0,4.0,5.413793103448276,5.0,157.0,1.955162422542477,1,Low
BEVERLEY,1140000.0,1151332.528371422,-11332.528371422086,-0.9940814360896567,11332.528371422086,18.44938980617373,1363746.3544959414,1302700.9861679669,1424791.722823916,816.0,86.13046231792273,0.4819506016466118,0.6453576864535768,5.83495499106745,1578.0,6.0,5.428571428571429,6.0,152.0,1.9518001458970664,0,Moderate
BIRDWOOD,777000.0,785529.9961509141,-8529.996150914114,-1.097811602434249,8529.996150914114,,,,,776.0,21.060275962236744,0.420479302832244,0.6360360360360361,1.7370580116085474,1376.0,9.0,4.076923076923077,3.0,53.0,2.564551242795331,0,Moderate
BIRKENHEAD,840000.0,802022.3673737587,37977.632626241306,4.521146741219203,37977.632626241306,14.56043956043956,918800.3494364213,857754.9811084467,979845.7177643959,858.0,58.92162312395775,0.44080044469149526,0.6579826319305278,4.012855870056324,1798.0,11.0,7.827586206896552,8.0,227.0,2.81664650550008,0,Moderate
BLACK FOREST,1485500.0,1557032.4498874992,-71532.44988749921,-4.815378652810449,71532.44988749921,10.505674232309747,1720609.2067640314,1659563.8384360569,1781654.575092006,894.0,47.90721129601614,0.5809379727685325,0.6403091557669441,3.541704946091062,1982.0,2.0,3.6666666666666665,3.0,99.0,1.7541160386140582,1,Low
BLACKWOOD,1290000.0,1302704.208098399,-12704.208098398987,-0.9848223332092239,12704.208098398987,22.756640344580042,1599155.9194890612,1538110.5511610867,1660201.2878170358,869.0,29.76329974220764,0.5345676119053199,0.6001129624399887,2.1267462522730574,4266.0,7.0,14.89655172413793,15.0,432.0,3.9310560884377295,0,Moderate
BLAIR ATHOL,970000.0,951438.4273150163,18561.572684983723,1.9135641943282187,18561.572684983723,13.765182186234815,1082405.6602247756,1021360.291896801,1143451.0285527501,640.0,141.99052132701422,0.44644549763033176,0.53701989819528,9.278709539101069,5274.0,29.0,21.448275862068964,20.0,622.0,7.14935664886085,0,High
BLAKEVIEW,677500.0,644580.8463012108,32919.15369878919,4.858915675098036,32919.15369878919,13.367346938775508,730744.2043271889,669698.8359992143,791789.5726551635,855.0,59.354120267260576,0.3700445434298441,0.6547565877623939,4.273712295334964,8979.0,35.0,48.82758620689656,48.0,1416.0,12.372402946873455,0,High
BOWDEN,1455000.0,1363910.4710161004,91089.52898389963,6.260448727415782,91089.52898389963,,,,,1056.0,122.71973466003317,0.6838032061912659,0.6662686567164179,6.879409245667488,1808.0,4.0,3.32,3.0,83.0,2.461706725018234,1,Low
BRADBURY,2392600.0,2088802.9677046812,303797.0322953188,12.697359871910004,303797.0322953188,,,,,907.0,11.1731843575419,0.5083798882681564,0.5761589403973509,0.8402701519208763,178.0,1.0,1.0,1.0,6.0,0.0,1,Low
BRAHMA LODGE,780000.0,753378.6713519294,26621.328648070572,3.41299085231674,26621.328648070572,29.156223893066,973035.4435339039,911990.0752059293,1034080.8118618785,521.0,69.50606329488316,0.31795326826382725,0.4676877101232723,5.903272155942803,3380.0,13.0,14.0,13.0,406.0,4.035556254807295,0,Moderate
BRIDGEWATER,1072500.0,1051134.39057234,21365.609427660005,1.992131415166434,21365.609427660005,12.653061224489795,1184135.0685631258,1123089.7002351512,1245180.4368911004,962.0,11.827956989247312,0.5172043010752688,0.6854589205912685,1.2618454274553568,3719.0,20.0,16.275862068965516,16.0,472.0,3.9087498158813783,0,High
BRIGHTON,1428000.0,1460976.8954301537,-32976.8954301537,-2.3093064026718277,32976.8954301537,8.948909860071591,1591718.4008786706,1530673.032550696,1652763.7692066452,875.0,89.4393741851369,0.5340286831812255,0.5628201265441398,4.91452153198177,3834.0,10.0,9.06896551724138,9.0,263.0,3.504395550924567,0,Moderate
BROADVIEW,1173000.0,1184443.5450382575,-11443.545038257493,-0.9755792871489763,11443.545038257493,13.412042502951595,1343301.616722255,1282256.2483942804,1404346.9850502296,897.0,63.80588631768141,0.5493147607279263,0.6579514824797844,4.188390998827759,4450.0,11.0,12.543859649122806,12.0,715.0,4.149312229749634,0,Moderate
BROMPTON,1160000.0,1135790.1819619897,24209.81803801027,2.0870532791388166,24209.81803801027,17.099567099567096,1330005.3862368756,1268960.017908901,1391050.7545648501,856.0,128.686327077748,0.5973190348525469,0.6155001501952538,7.49713782574053,3729.0,9.0,7.793103448275862,8.0,226.0,2.920118764033256,0,Moderate
BROOKLYN PARK,1165000.0,1170467.6804994904,-5467.6804994903505,-0.46932879823951507,5467.6804994903505,17.719780219780223,1377871.9810275594,1316826.6126995848,1438917.349355534,782.0,62.289228327712756,0.5338226542352708,0.630586592178771,4.235252795417972,5040.0,11.0,11.689655172413794,12.0,339.0,3.129393463320945,0,Moderate
BURNSIDE,1825000.0,1893004.3208359717,-68004.32083597174,-3.7262641553957114,68004.32083597174,11.785714285714286,2116108.4015059257,2055063.0331779511,2177153.7698339005,1033.0,18.948056190787323,0.597517151257759,0.6004056795131846,1.8751998733122315,3060.0,12.0,9.448275862068966,10.0,274.0,3.439125791083622,0,Moderate
BURTON,735000.0,684996.5520612877,50003.447938712314,6.803190195743173,50003.447938712314,15.126050420168061,788609.4759024908,727564.1075745162,849654.8442304654,653.0,57.20858895705522,0.34248466257668714,0.5824064711830131,4.680247765806387,6519.0,16.0,21.79310344827586,22.0,632.0,5.570196908194459,0,High
CAMDEN PARK,1225000.0,1239944.7115136113,-14944.711513611255,-1.2199764500907146,14944.711513611255,15.886699507389165,1436931.0018895422,1375885.6335615676,1497976.3702175168,797.0,64.0910452231207,0.5450733752620545,0.6418118466898954,4.472142292902016,3338.0,3.0,8.482758620689655,9.0,246.0,2.959496695327632,1,Low
CAMPBELLTOWN,1187500.0,1205003.9050050578,-17503.905005057808,-1.4740130530574995,17503.905005057808,17.4380551659654,1415133.150711877,1354087.7823839025,1476178.5190398516,713.0,41.23488773747841,0.5039939550949913,0.5570574473615805,3.3399437046853278,9263.0,15.0,27.448275862068964,27.0,796.0,5.14494347391239,0,High
CHANDLERS HILL,1108244.0,1105752.9376630504,2491.0623369496316,0.22477562133876938,2491.0623369496316,16.972049076293892,1293421.8689057848,1232376.5005778102,1354467.2372337594,1025.0,10.08827238335435,0.5094577553593947,0.6990881458966566,0.8179521519665942,792.0,2.0,1.9,1.5,38.0,1.2096106376585989,1,Low
CHELTENHAM,1125000.0,1145253.7855933588,-20253.7855933588,-1.8003364971874487,20253.7855933588,18.181818181818183,1353481.7466103332,1292436.3782823586,1414527.1149383078,766.0,51.85516316495306,0.47161376843987485,0.5963541666666666,3.5220880837214,2236.0,12.0,6.172413793103448,6.0,179.0,2.493834762501337,0,Moderate
CHRISTIE DOWNS,771000.0,756110.5513818489,14889.448618151131,1.9311865911998873,14889.448618151131,25.192012288786486,946590.0144027756,885544.646074801,1007635.3827307501,493.0,137.97709923664124,0.2824427480916031,0.37857142857142856,9.775169213492726,5239.0,19.0,18.93103448275862,18.0,549.0,4.927553975081339,0,High
CHRISTIES BEACH,923500.0,907313.0053037113,16186.994696288719,1.7527877310545443,16186.994696288719,20.989304812834227,1097751.697593394,1036706.3292654194,1158797.0659213685,641.0,116.21666946168037,0.392587623679356,0.5320972886762361,7.585810195380575,5962.0,39.0,29.344827586206897,30.0,851.0,7.052232990180007,0,High
CLAPHAM,1319000.0,1325640.0923419097,-6640.092341909651,-0.5034186764146816,6640.092341909651,15.388076490438696,1529630.6037394048,1468585.2354114302,1590675.9720673794,1029.0,21.352313167259787,0.5640569395017794,0.6711210096510765,1.5711409997610983,1685.0,9.0,5.965517241379311,6.0,173.0,2.0086021902359583,0,Moderate
CLARENCE GARDENS,1486327.0,1531731.769411125,-45404.76941112499,-3.054830425009099,45404.76941112499,17.500577416595384,1799793.6735315053,1738748.3052035307,1860839.0418594799,979.0,37.48946925021061,0.537910699241786,0.6846318036286019,2.5893273884239223,2373.0,6.0,7.137931034482759,7.0,207.0,2.5174269450463345,0,Moderate
CLARENCE PARK,1561000.0,1543732.2309703012,17267.7690296988,1.1061991691030622,17267.7690296988,7.566319031287185,1660535.9365543216,1599490.568226347,1721581.3048822961,921.0,56.78826626551335,0.5863106430989093,0.6622965641952984,3.429978432367295,2658.0,6.0,6.689655172413793,7.0,194.0,2.6336211935532803,0,Moderate
CLARENDON,880000.0,890989.4775039242,-10989.477503924165,-1.2488042618095643,10989.477503924165,9.890109890109889,979109.3159383783,918063.9476104038,1040154.6842663529,951.0,29.503105590062113,0.4937888198757764,0.6678966789667896,1.8741988401659617,643.0,1.0,1.4166666666666667,1.0,17.0,0.5149286505444373,1,Low
CLEARVIEW,907500.0,865942.0425972397,41557.95740276028,4.579389245483227,41557.95740276028,12.172011661807577,971344.6090066704,910299.2406786958,1032389.977334645,781.0,81.18254340685124,0.486391365556077,0.6131040616661726,5.386350175633383,4261.0,21.0,17.137931034482758,17.0,497.0,4.381162092503333,0,High
CLOVELLY PARK,1050000.0,1021114.5238453308,28885.476154669188,2.750997729016113,28885.476154669188,11.138014527845035,1134846.4078571594,1073801.0395291848,1195891.776185134,755.0,50.84745762711865,0.5359769747361689,0.6227799227799228,3.7734932303722784,3126.0,5.0,8.620689655172415,8.0,250.0,3.811765555519686,0,Moderate
COLLEGE PARK,3000000.0,3201804.42560865,-201804.42560864985,-6.726814186954995,201804.42560864985,4.715246846236305,3352777.407809816,3291732.039481841,3413822.7761377906,1170.0,44.97354497354497,0.6653439153439153,0.6366459627329193,2.740233971323857,755.0,3.0,1.875,1.5,45.0,1.034723235417589,1,Low
COLLINSWOOD,1850000.0,1975619.3448264725,-125619.34482647246,-6.790234855484997,125619.34482647246,14.597970335675255,2264019.670730103,2202974.302402128,2325065.0390580776,1012.0,54.10821643286573,0.6018704074816299,0.6682769726247987,3.3007376733398783,1496.0,3.0,2.607142857142857,2.0,73.0,1.7286107827082529,1,Low
COLONEL LIGHT GARDENS,1760000.0,1825589.0814168607,-65589.08141686069,-3.7266523532307207,65589.08141686069,18.68852459016394,2166764.745812799,2105719.377484824,2227810.1141407737,1042.0,20.833333333333332,0.5643115942028986,0.6980273141122914,1.786114096589557,3311.0,12.0,8.206896551724139,8.0,238.0,3.1096544404348627,0,Moderate
COROMANDEL VALLEY,1226500.0,1217116.70060771,9383.299392289948,0.7650468318214388,9383.299392289948,13.974654377880185,1387204.5528930963,1326159.1845651218,1448249.921221071,986.0,8.21730198584798,0.5261355854827665,0.6806237366445279,0.9977278466772141,4380.0,10.0,14.701754385964913,15.0,838.0,3.3432496609944278,0,Moderate
COWANDILLA,965000.0,889994.3228406408,75005.67715935921,7.772609032057949,75005.67715935921,11.972789115646256,996551.4662555746,935506.0979276,1057596.8345835493,589.0,48.76373626373626,0.49381868131868134,0.5164319248826291,3.673009378421234,1455.0,6.0,3.642857142857143,3.0,102.0,1.809732652944151,0,Moderate
CRAFERS,1368778.0,1430399.886155701,-61621.88615570101,-4.501963514587538,61621.88615570101,12.40912725499756,1607900.0282841022,1546854.6599561276,1668945.3966120768,1066.0,20.42850024912805,0.5734927752864972,0.6451414514145142,1.8265917226229458,2006.0,11.0,7.827586206896552,7.0,227.0,3.1175650470615843,0,Moderate
CRAFERS WEST,1155253.0,1187989.3194704312,-32736.31947043119,-2.833692660432926,32736.31947043119,12.004392103316833,1330600.215525187,1269554.8471972125,1391645.5838531617,1096.0,10.703363914373089,0.6001529051987767,0.6534195933456562,1.1476138751822647,1307.0,2.0,4.456140350877193,4.0,254.0,2.027226953946454,1,Low
CRAIGBURN FARM,1452500.0,1492236.0792117678,-39736.07921176776,-2.735702527488314,39736.07921176776,13.107024988213107,1687823.8349971855,1626778.466669211,1748869.20332516,1133.0,10.0,0.552258064516129,0.6645082962363416,0.9936953692430411,3099.0,6.0,12.24561403508772,12.0,698.0,5.197116995282736,0,Moderate
CRAIGMORE,741500.0,682974.2914527319,58525.70854726806,7.892880451418484,58525.70854726806,19.66575091575092,817286.3144284409,756240.9461004663,878331.6827564155,682.0,39.656432748538016,0.32090643274853803,0.5755860953920776,3.4738254480856967,10943.0,41.0,44.206896551724135,41.0,1282.0,10.230833335506754,0,High
CROYDON,1560000.0,1634281.454415158,-74281.4544151579,-4.7616316932793525,74281.4544151579,15.83011583011583,1892990.1016391788,1831944.7333112042,1954035.4699671534,811.0,78.62407862407862,0.5077805077805078,0.6310107948969578,4.602972644946279,1220.0,5.0,3.4642857142857144,3.5,97.0,1.502643173856158,0,Moderate
CROYDON PARK,1108500.0,1130930.345707235,-22430.345707234927,-2.023486306471351,22430.345707234927,18.36524300441826,1338628.4519070762,1277583.0835791016,1399673.8202350507,648.0,68.5417159064051,0.49137319782557315,0.5643620011242271,5.016768174212775,4230.0,12.0,11.89655172413793,11.0,345.0,3.6969565435272655,0,Moderate
CUMBERLAND PARK,1773750.0,1853034.6008433,-79284.60084330011,-4.469885882638485,79284.60084330011,20.060996272450016,2224771.8030456835,2163726.4347177087,2285817.1713736583,920.0,64.15241057542768,0.5583203732503889,0.6708920187793427,3.875101530679436,2571.0,4.0,6.862068965517241,6.0,199.0,3.0204557121996687,1,Low
DARLINGTON,870000.0,827621.5516738263,42378.448326173704,4.871086014502725,42378.448326173704,17.179023508137433,969798.8525942847,908753.4842663101,1030844.2209222593,752.0,100.31347962382445,0.5023510971786834,0.5937211449676824,6.39890642345663,1275.0,5.0,4.350877192982456,4.0,248.0,2.232001248640967,0,Moderate
DAVOREN PARK,676000.0,698212.6768693129,-22212.676869312883,-3.2858989451646274,22212.676869312883,30.21724818959842,909193.3343301519,848147.9660021773,970238.7026581265,486.0,153.91834819333647,0.23244173314562802,0.37198364008179957,12.313908320471558,6392.0,38.0,32.13793103448276,30.0,932.0,12.04967141795942,0,High
DAW PARK,1415000.0,1467685.6896078386,-52685.689607838634,-3.723370290306617,52685.689607838634,15.39752464862597,1693672.955429562,1632627.5871015873,1754718.3237575365,797.0,28.824833702882483,0.5280857354028086,0.6190057193136823,2.471490353757164,2705.0,6.0,7.137931034482759,7.0,207.0,1.7672443830324114,0,Moderate
DERNANCOURT,1080000.0,1059285.5333931353,20714.466606864706,1.9180061673022875,20714.466606864706,16.26591230551627,1231587.9893198828,1170542.6209919082,1292633.3576478574,801.0,35.9251968503937,0.5127952755905512,0.5931358169551189,2.5438930626083254,4063.0,20.0,16.017543859649123,16.0,913.0,4.926209887900548,0,High
DEVON PARK,1090000.0,1084177.2633472162,5822.736652783817,0.5341960231911759,5822.736652783817,23.011120615911036,1333658.6011063275,1272613.232778353,1394703.969434302,851.0,112.141652613828,0.5320404721753794,0.6320939334637965,6.669299569327899,1185.0,5.0,3.5964912280701755,3.0,205.0,1.830882389946044,0,Moderate
DIREK,785000.0,731586.641815354,53413.358184646,6.8042494502733755,53413.358184646,53.679653679653676,1124299.8175084444,1063254.4491804698,1185345.185836419,895.0,94.09190371991247,0.3730853391684901,0.730829420970266,5.408881706612496,913.0,1.0,3.689655172413793,3.0,107.0,2.3161459409338683,1,Low
DOVER GARDENS,1050000.0,1000422.6826158039,49577.317384196096,4.721649274685342,49577.317384196096,13.136589187777489,1131844.1005723851,1070798.7322444106,1192889.4689003597,728.0,40.156709108716946,0.4841658504733921,0.5809968847352025,3.2579504086462716,3062.0,13.0,11.413793103448276,11.0,331.0,4.338508971815337,0,Moderate
DRY CREEK,710000.0,647186.134533481,62813.865466519026,8.847023305143525,62813.865466519026,19.523809523809522,773541.5227043034,712496.1543763288,834586.891032278,618.0,776.824034334764,0.45493562231759654,0.5217391304347826,40.82245562609429,232.0,1.0,1.5714285714285714,1.0,44.0,0.9973509887241276,1,Low
DULWICH,2100000.0,2146829.8617906477,-46829.86179064773,-2.2299934186022727,46829.86179064773,9.714285714285714,2355379.0483645964,2294333.6800366216,2416424.4166925712,1036.0,32.53012048192771,0.6325301204819277,0.6205621301775148,2.740171387932181,1659.0,5.0,4.071428571428571,4.0,114.0,2.0354009783964297,0,Moderate
EASTWOOD,1420000.0,1401779.5758889013,18220.42411109875,1.283128458528081,18220.42411109875,,,,,1072.0,129.03225806451613,0.6479663394109397,0.6350931677018633,7.453819748127341,712.0,1.0,2.0869565217391304,2.0,48.0,1.2399795994751786,1,Low
EDEN HILLS,1298750.0,1302700.5979336824,-3950.5979336823802,-0.3041846339697694,3950.5979336823802,19.448051948051948,1556050.4869474082,1495005.1186194336,1617095.8552753828,866.0,24.495200264812976,0.5643826547500828,0.6334805299076676,2.1127012838562544,3020.0,8.0,11.172413793103448,10.0,324.0,4.440631917042899,0,Moderate
EDWARDSTOWN,1125000.0,1131900.4253839457,-6900.425383945694,-0.6133711452396172,6900.425383945694,15.8953722334004,1311820.2113101664,1250774.8429821918,1372865.579638141,744.0,145.2934662236988,0.520265780730897,0.5938967136150235,8.687988333201526,4514.0,14.0,12.06896551724138,11.0,350.0,3.872347336129032,0,Moderate
ELIZABETH,817500.0,848135.3270818277,-30635.32708182768,-3.747440621630297,30635.32708182768,35.17879833000544,1146499.1433614758,1085453.7750335012,1207544.5116894504,452.0,1334.6228239845261,0.27949709864603484,0.34638196915776986,70.51133566956405,1033.0,2.0,3.821428571428572,3.0,107.0,2.1439591522603334,1,Low
ELIZABETH DOWNS,640000.0,622781.5584138631,17218.441586136934,2.690381497833896,17218.441586136934,30.64233064233064,813616.3427224985,752570.9743945239,874661.711050473,494.0,122.0693664018601,0.23968223212555706,0.3773067331670823,10.628046363414441,5160.0,27.0,28.03448275862069,27.0,813.0,8.35157281432105,0,High
ELIZABETH EAST,700000.0,693175.5481405419,6824.451859458117,0.9749216942083024,6824.451859458117,31.168831168831165,909230.2644440873,848184.8961161127,970275.6327720619,481.0,114.58333333333333,0.2484809027777778,0.37567567567567567,9.517045390934408,4607.0,20.0,17.896551724137932,17.0,519.0,5.734263108631726,0,High
ELIZABETH GROVE,690000.0,690672.5880764963,-672.588076496264,-0.0974765328255455,672.588076496264,31.56146179401993,908658.9530840283,847613.5847560538,969704.3214120029,453.0,114.92890995260663,0.21682464454976302,0.328492739108663,10.253710224562852,2531.0,7.0,7.241379310344827,7.0,210.0,2.4444568840804046,0,Moderate
ELIZABETH NORTH,667500.0,691453.6776388886,-23953.677638888592,-3.5885659384102757,23953.677638888592,31.122448979591834,906650.995679563,845605.6273515885,967696.3640075376,485.0,125.1044859292282,0.25494566731680135,0.3511555708865126,11.134409743183566,3588.0,14.0,14.0,14.0,406.0,5.126959555693246,0,Moderate
ELIZABETH PARK,671000.0,633070.3485769876,37929.65142301237,5.652705130106166,37929.65142301237,28.699551569506728,814758.6997380961,753713.3314101215,875804.0680660707,486.0,105.4414088959133,0.2623617069315873,0.38466042154566743,8.926191926617946,4428.0,24.0,21.724137931034484,20.0,630.0,6.105597851410844,0,High
ELIZABETH SOUTH,680000.0,753789.7747654023,-73789.77476540231,-10.85143746550034,73789.77476540231,31.972789115646265,994797.3898264494,933752.0214984749,1055842.7581544241,457.0,230.06134969325154,0.23551465576005454,0.3116098403107467,17.0057726226189,2933.0,11.0,7.103448275862069,7.0,206.0,2.69052341676441,0,Moderate
ELIZABETH VALE,698000.0,691758.5530123274,6241.4469876725925,0.8941901128470762,6241.4469876725925,28.510116492949106,888979.722326081,827934.3539981064,950025.0906540556,468.0,143.12096029547553,0.24469067405355494,0.32068366164542295,11.343222999462279,4331.0,17.0,14.12280701754386,13.0,805.0,3.5560319751826333,0,High
ENFIELD,990000.0,962197.720325546,27802.27967445401,2.808311078227678,27802.27967445401,18.04081632653061,1135786.0437475424,1074740.6754195679,1196831.412075517,696.0,72.03867848509267,0.48348106365834004,0.5757038787162827,5.275403134822285,6204.0,24.0,24.103448275862068,24.0,699.0,6.137384433513112,0,High
ERINDALE,3075000.0,3290310.311277493,-215310.3112774929,-7.001961342357493,215310.3112774929,20.168067226890752,3953902.306829256,3892856.938501281,4014947.675157231,915.0,23.017902813299234,0.6410912190963342,0.599802371541502,1.981461174207141,1172.0,3.0,3.7586206896551726,4.0,109.0,1.8832944617230332,1,Low
ETHELTON,815000.0,777802.4242384025,37197.57576159749,4.564119725349385,37197.57576159749,12.145289443813848,872268.7799631575,811223.4116351829,933314.1482911321,787.0,55.77956989247312,0.42473118279569894,0.5862619808306709,4.371335797707351,1487.0,6.0,4.517241379310345,5.0,131.0,2.5017235438103813,0,Moderate
EVANSTON,705000.0,620150.2741157291,84849.72588427085,12.035422111244094,84849.72588427085,19.739382239382234,742564.1071820096,681518.738854035,803609.4755099842,604.0,104.22316931421929,0.3219682293684618,0.4955419990614735,7.247444433829786,2580.0,15.0,12.862068965517242,12.0,373.0,4.223439170113063,0,High
EVANSTON GARDENS,710000.0,654203.8265740185,55796.17342598154,7.858615975490359,55796.17342598154,23.420074349442377,807418.8491545507,746373.4808265761,868464.2174825253,791.0,58.773424190800675,0.3649914821124361,0.6306913996627319,4.695709233312876,2347.0,12.0,14.93103448275862,16.0,433.0,5.706706796660766,0,Moderate
EVANSTON PARK,727500.0,651223.2652535763,76276.73474642367,10.484774535590882,76276.73474642367,13.172296659747122,737004.3256700693,675958.9573420947,798049.6939980439,713.0,34.05060297942776,0.36769921967368174,0.579731308411215,2.783494021590331,4228.0,20.0,18.28070175438597,19.0,1042.0,6.667496815481892,0,High
EVANSTON SOUTH,774000.0,717773.3858853553,56226.614114644704,7.264420428248671,56226.614114644704,10.844155844155845,795609.8504586372,734564.4821306627,856655.2187866118,875.0,41.775456919060055,0.4164490861618799,0.6694214876033058,2.7960117167362166,765.0,5.0,3.8620689655172415,4.0,112.0,1.8463117274918368,0,Moderate
EVERARD PARK,1821250.0,1988724.0467917616,-167474.04679176165,-9.19555507435891,167474.04679176165,18.17574191248552,2350189.39688817,2289144.028560195,2411234.7652161447,744.0,59.701492537313435,0.5792910447761194,0.5780590717299579,4.23046372111064,1071.0,2.0,1.9545454545454544,2.0,43.0,0.8438727464026861,1,Low
EYRE,720000.0,701641.5637162942,18358.436283705756,2.549782817181355,18358.436283705756,21.49068322981367,852429.1295832742,791383.7612552997,913474.4979112488,921.0,109.51526032315978,0.4236983842010772,0.7364620938628159,6.242646352281414,1113.0,6.0,8.448275862068966,6.0,245.0,5.268411300901628,0,Moderate
FAIRVIEW PARK,905000.0,881060.8936076039,23939.10639239615,2.6452051262316187,23939.10639239615,17.440919223991084,1034726.0123758801,973680.6440479056,1095771.3807038548,872.0,20.564197205378328,0.42657527023464276,0.6375,1.8331354731942446,3792.0,19.0,14.689655172413794,13.0,426.0,4.335101319263007,0,High
FELIXSTOW,1612000.0,1767463.8844318578,-155463.88443185785,-9.644161565251727,155463.88443185785,20.21401819154628,2124739.3555599237,2063693.987231949,2185784.7238878985,687.0,49.23325262308313,0.5282485875706214,0.5182584269662921,3.6056509912444676,2477.0,5.0,10.20689655172414,9.0,296.0,4.427021816920229,0,Moderate
FERRYDEN PARK,920500.0,921035.2419792407,-535.2419792406727,-0.05814687444222408,535.2419792406727,14.615384615384611,1055648.085037745,994602.7167097705,1116693.4533657196,548.0,59.60854092526691,0.4721975088967972,0.5316929660336989,4.735981290691856,4495.0,9.0,8.172413793103448,8.0,237.0,2.6331535346321555,0,Moderate
FINDON,1010000.0,971892.6340168403,38107.36598315975,3.773006532986114,38107.36598315975,13.867595818815332,1106670.7762951339,1045625.4079671593,1167716.1446231084,721.0,95.3129465561589,0.49642755072877964,0.601113172541744,5.6177643814937985,6997.0,20.0,21.89655172413793,20.0,635.0,6.613540372308742,0,High
FIRLE,1634000.0,1623547.0869257557,10452.91307424428,0.6397131624384503,10452.91307424428,,,,,735.0,64.94367130550033,0.5745526838966203,0.6155660377358491,4.663258708242866,1508.0,4.0,4.730769230769231,5.0,123.0,2.0111229163368867,1,Low
FITZROY,2160000.0,2449358.637317985,-289358.63731798483,-13.396233209165963,289358.63731798483,24.528301886792452,3050144.718169566,2989099.349841591,3111190.0864975406,1100.0,28.06122448979592,0.6173469387755102,0.6427480916030535,1.7746666226841716,783.0,3.0,2.12,2.0,53.0,1.6155494421403511,1,Low
FLAGSTAFF HILL,1086250.0,1082726.6669557325,3523.3330442674924,0.3243574724296886,3523.3330442674924,16.14145658263305,1257494.521810982,1196449.1534830073,1318539.8901389565,844.0,12.076583210603829,0.5152675503190967,0.6372059871703493,1.4838349961457609,10184.0,31.0,36.96551724137931,37.0,1072.0,7.542653751549489,0,High
FLINDERS PARK,1263500.0,1289292.068975901,-25792.068975901,-2.041319269956549,25792.068975901,15.426219870664314,1488181.0983111607,1427135.7299831861,1549226.4666391353,786.0,41.89435336976321,0.4967213114754098,0.626129103326724,3.071745292040435,5489.0,22.0,18.79310344827586,19.0,545.0,5.066552154958663,0,High
FREWVILLE,2480000.0,2728455.1469417224,-248455.14694172237,-10.018352699262998,248455.14694172237,37.25095114240993,3744830.640671552,3683785.2723435774,3805876.008999527,890.0,91.41583054626533,0.5830546265328874,0.6426592797783933,5.999832715074382,896.0,1.0,2.0869565217391304,2.0,48.0,1.0834726777719228,1,Low
FULHAM,1620000.0,1707255.9771863492,-87255.97718634922,-5.386171431256124,87255.97718634922,16.105431010224184,1982216.9107600255,1921171.542432051,2043262.279088,812.0,62.307428962684014,0.4809996576514892,0.5890073831009024,3.756130489500304,2920.0,14.0,10.96551724137931,10.0,318.0,3.849700903230662,0,Moderate
FULHAM GARDENS,1440000.0,1512786.6118603877,-72786.61186038773,-5.054625823638037,72786.61186038773,17.001629549158068,1769984.9874781505,1708939.619150176,1831030.355806125,767.0,30.727106784301796,0.47216306662610286,0.5771872740419378,2.5632241767350674,6573.0,18.0,17.275862068965516,18.0,501.0,4.224896885674404,0,High
FULLARTON,1951500.0,2080598.0550748713,-129098.05507487128,-6.615324369709008,129098.05507487128,16.350078492935634,2420777.470202105,2359732.1018741303,2481822.83853008,846.0,53.09931126416352,0.583203732503888,0.543910851684797,3.8220849698709496,4500.0,4.0,8.10344827586207,7.0,235.0,4.442850015041879,1,Low
GAWLER,791000.0,725239.445210606,65760.55478939402,8.313597318507462,65760.55478939402,13.964285714285714,826513.9534525156,765468.5851245411,887559.3217804902,597.0,514.2002989536621,0.3991031390134529,0.42414355628058725,26.957881077591207,668.0,3.0,2.875,2.0,69.0,1.848912723973083,1,Low
GAWLER EAST,860000.0,802879.5124813222,57120.48751867784,6.641917153334632,57120.48751867784,14.486450317832052,919188.254168981,858142.8858410064,980233.6224969556,776.0,29.349736379613354,0.38101933216168715,0.5537948290241869,2.4968028757594896,5689.0,26.0,28.517241379310345,26.0,827.0,6.65271528698284,0,High
GAWLER SOUTH,982500.0,966704.4622016514,15795.537798348581,1.6076883255316623,15795.537798348581,29.06784335355764,1247704.6009662794,1186659.2326383048,1308749.969294254,715.0,62.237495227185946,0.3818251240931653,0.5444887118193891,4.472758056291305,2618.0,8.0,13.344827586206897,12.0,387.0,4.377506319396316,0,Moderate
GAWLER WEST,625000.0,537973.2825016822,87026.71749831783,13.924274799730851,87026.71749831783,17.04260651629073,629657.952201217,568612.5838732424,690703.3205291915,545.0,77.8688524590164,0.27459016393442626,0.445409429280397,5.766553171837608,975.0,6.0,3.5517241379310347,3.0,103.0,1.9008683522566303,0,Moderate
GILLES PLAINS,915000.0,876837.837387226,38162.162612773944,4.170728154401524,38162.162612773944,18.702118071203245,1040825.0850283703,979779.7167003957,1101870.453356345,678.0,98.24475865431496,0.46782057532910776,0.5630454408666867,6.35914593950652,4101.0,6.0,14.491228070175438,16.0,826.0,4.579156219130113,0,Moderate
GLANDORE,1417000.0,1472512.2066726682,-55512.206672668224,-3.917586921148075,55512.206672668224,16.73782156540777,1718978.672354388,1657933.3040264135,1780024.0406823626,799.0,80.21038790269559,0.5525969756738988,0.6302681992337165,4.919469661055176,3041.0,7.0,7.105263157894737,7.0,405.0,2.636855612049509,0,Moderate
GLANVILLE,870000.0,889345.9754036798,-19345.975403679768,-2.223675333756295,19345.975403679768,,,,,790.0,80.93278463648834,0.42935528120713307,0.6058158319870759,5.344305991729695,728.0,5.0,3.1481481481481484,3.0,85.0,1.7910826915520144,0,Moderate
GLEN OSMOND,2034000.0,2026852.106553204,7147.893446796108,0.35142052344130326,7147.893446796108,8.415178571428573,2197415.3306984175,2136369.9623704427,2258460.6990263923,927.0,67.74941995359629,0.5758700696055684,0.5780979827089338,4.078561074826789,2154.0,6.0,6.103448275862069,6.0,177.0,2.30441854435912,0,Moderate
GLENALTA,1100000.0,1071497.381300353,28502.61869964702,2.5911471545133655,28502.61869964702,17.460317460317462,1258584.225654383,1197538.8573264084,1319629.5939823575,945.0,10.294117647058824,0.5504901960784314,0.6236230110159119,1.2478786831076525,2039.0,8.0,7.827586206896552,8.0,227.0,2.765462574549062,0,Moderate
GLENELG,1949000.0,2095106.9571388715,-146106.95713887154,-7.4965088321637525,146106.95713887154,15.978260869565217,2429868.6122469306,2368823.243918956,2490913.9805749054,915.0,197.6169718105202,0.5704736995059576,0.49703403059631596,10.761198720799268,3440.0,1.0,2.6666666666666665,3.0,72.0,1.0741723110591492,1,Low
GLENELG EAST,1827000.0,1924786.7255874253,-97786.72558742529,-5.3523111979981,97786.72558742529,17.141137008686677,2254717.0553453797,2193671.687017405,2315762.4236733546,976.0,46.939834024896264,0.5471991701244814,0.63838199513382,3.0450548535209956,3855.0,12.0,7.689655172413793,8.0,223.0,2.3315146559979,0,Moderate
GLENELG NORTH,1400000.0,1412620.5860028276,-12620.586002827622,-0.9014704287734016,12620.586002827622,12.380952380952381,1587516.4680793681,1526471.0997513935,1648561.8364073427,950.0,46.55041698256255,0.5367702805155421,0.6317460317460317,2.9662758914597935,6594.0,24.0,16.385964912280702,16.0,934.0,6.64872271827162,0,High
GLENELG SOUTH,2681200.0,2462707.1377757327,218492.86222426733,8.149069902441717,218492.86222426733,,,,,889.0,46.681922196796336,0.5551487414187642,0.5496957403651116,3.24261750253605,2184.0,4.0,3.7777777777777777,3.0,102.0,1.7831116564834577,1,Low
GLENGOWRIE,1500000.0,1550438.48960648,-50438.489606480114,-3.3625659737653413,50438.489606480114,17.697228144989335,1824823.1263598655,1763777.758031891,1885868.49468784,856.0,35.714285714285715,0.49809292649098474,0.6023451964616334,2.323722238549057,5767.0,11.0,15.448275862068966,15.0,448.0,4.881350858819365,0,Moderate
GLENSIDE,1240000.0,1232840.2643768457,7159.735623154324,0.5773980341253487,7159.735623154324,0.17492711370262284,1234996.836267884,1173951.4679399093,1296042.2045958585,761.0,96.03925692253767,0.5867507886435331,0.4911993450675399,5.922789440318,2852.0,3.0,5.75,4.5,161.0,4.865791397699446,1,Low
GLENUNGA,2447500.0,2595289.252040258,-147789.25204025814,-6.038375977130057,147789.25204025814,19.16013009374402,3092550.0490401275,3031504.6807121527,3153595.4173681024,902.0,63.61556064073226,0.5743707093821511,0.5482233502538071,4.0592128728647,2184.0,6.0,5.758620689655173,6.0,167.0,1.939351371939176,0,Moderate
GLYNDE,1425000.0,1510515.097245148,-85515.09724514792,-6.001059455799854,85515.09724514792,21.118012422360245,1829505.8631230053,1768460.4947950307,1890551.2314509798,661.0,42.32049453162149,0.48216833095577744,0.4994535519125683,3.182295211127939,2102.0,6.0,5.413793103448276,5.0,157.0,2.5706758613711798,0,Moderate
GOLDEN GROVE,1160000.0,1160140.4076973218,-140.40769732184708,-0.012104111838090265,140.40769732184708,23.163841807909602,1428873.496485967,1367828.1281579924,1489918.8648139415,792.0,43.592233009708735,0.44485436893203884,0.6030933829515059,2.9136225954885484,10299.0,28.0,32.96551724137931,32.0,956.0,7.952909434471539,0,High
GOODWOOD,2110000.0,2171529.4178428217,-61529.417842821684,-2.9160861536882314,61529.417842821684,16.130892316563354,2521816.4898575423,2460771.1215295675,2582861.858185517,1006.0,62.6770538243626,0.6342067988668555,0.6550858099623273,3.9239550079464975,2823.0,8.0,7.9655172413793105,8.0,231.0,2.67905578543595,0,Moderate
GRANGE,1737500.0,1837822.6845024256,-100322.6845024256,-5.773967453377013,100322.6845024256,18.26697892271663,2173537.3669173885,2112491.9985894137,2234582.7352453633,824.0,39.0625,0.4993489583333333,0.5551750380517504,2.695184070489945,6143.0,28.0,17.517241379310345,17.0,508.0,5.698500364476683,0,High
GREEN FIELDS,911000.0,920981.4890014082,-9981.48900140822,-1.0956628980689593,9981.48900140822,,,,,587.0,315.7894736842105,0.45614035087719296,0.5833333333333334,15.979862847218385,170.0,2.0,1.3636363636363635,1.0,15.0,0.674199862463242,1,Low
GREENACRES,1050500.0,1030612.3482146943,19887.6517853057,1.893160569757801,19887.6517853057,19.026478515934674,1226701.585230333,1165656.2169023585,1287746.9535583076,789.0,109.62168602919273,0.5162347333929104,0.6505977632086386,6.51777854753397,3356.0,10.0,12.482758620689657,13.0,362.0,3.3125377588702123,0,Moderate
GREENHILL,1191500.0,1222448.7238889302,-30948.723888930166,-2.597458991937068,30948.723888930166,15.368342458934794,1410318.830161059,1349273.4618330845,1471364.1984890336,1095.0,10.989010989010989,0.5494505494505495,0.6818181818181818,1.3113887103701956,454.0,2.0,2.25,2.0,54.0,1.1887150534341142,1,Low
GREENWITH,905000.0,887396.7592771184,17603.24072288163,1.9451094721416164,17603.24072288163,13.517665130568357,1007352.081575715,946306.7132477404,1068397.4499036896,873.0,18.40855106888361,0.43893507521773556,0.6805131337813073,1.6091831736954438,10103.0,24.0,34.51724137931034,33.0,1001.0,8.403318603194696,0,High
GULFVIEW HEIGHTS,982500.0,982223.8513665247,276.148633475299,0.028106731142524072,276.148633475299,9.706959706959708,1077567.9248508213,1016522.5565228467,1138613.2931787958,816.0,24.761904761904763,0.4315646258503401,0.6621975147155004,1.9155626460668655,3674.0,11.0,11.964912280701755,11.0,682.0,3.7175496551621854,0,Moderate
HACKHAM,770500.0,701403.9851057223,69096.01489427767,8.967685255584383,69096.01489427767,23.249299719887954,864475.49985019,803430.1315222154,925520.8681781646,613.0,51.8699910952805,0.33949243098842385,0.5044414535666218,4.422803134966709,4491.0,14.0,17.896551724137932,17.0,519.0,4.328846989229075,0,Moderate
HACKHAM WEST,755500.0,760391.5057386465,-4891.5057386464905,-0.6474527781133674,4891.5057386464905,22.300242130750604,929960.6526600249,868915.2843320504,991006.0209879995,496.0,85.33554266777134,0.2863849765258216,0.4161964819117159,7.116621368423619,3620.0,20.0,13.79310344827586,13.0,400.0,4.135035933034644,0,High
HALLETT COVE,985000.0,966573.104738815,18426.89526118501,1.8707507879375647,18426.89526118501,15.183246073298426,1113330.2777096296,1052284.909381655,1174375.6460376042,838.0,21.817309997602493,0.5037960521058099,0.6332345348503681,2.0735646661298186,12512.0,32.0,45.43859649122807,45.0,2590.0,7.360652008822825,0,High
HAMPSTEAD GARDENS,1200000.0,1235125.486333057,-35125.48633305705,-2.9271238610880874,35125.48633305705,18.105135299277954,1458746.6267495218,1397701.2584215472,1519791.9950774964,761.0,52.734375,0.5540364583333334,0.646921278254092,3.8044865509152355,1535.0,5.0,5.241379310344827,5.0,152.0,2.935681624595082,0,Moderate
HAPPY VALLEY,909750.0,872838.2784835167,36911.72151648335,4.057347789665661,36911.72151648335,18.8215242357905,1037119.7466075482,976074.3782795736,1098165.114935523,773.0,18.5622975221084,0.4396287540495578,0.6015188271279401,1.7665973299810809,11420.0,33.0,41.3448275862069,40.0,1199.0,9.581514427229749,0,High
HAWTHORN,2050000.0,2100230.9501127363,-50230.95011273632,-2.4502902494017715,50230.95011273632,12.982176110667728,2372886.6307871216,2311841.262459147,2433931.9991150964,1027.0,48.154815481548155,0.6201620162016201,0.6174242424242424,3.2536452288748756,2221.0,1.0,6.0,6.0,174.0,2.070196678027062,1,Low
HAWTHORNDENE,1111000.0,1101369.1123830248,9630.887616975233,0.8668665721849895,9630.887616975233,15.24252491694352,1269245.573765527,1208200.2054375524,1330290.9420935016,928.0,10.029498525073747,0.5460176991150443,0.6560885608856089,1.115117884497899,3389.0,7.0,11.758620689655173,12.0,341.0,3.6611392880768014,0,Moderate
HAZELWOOD PARK,1616700.0,1691065.483783369,-74365.48378336895,-4.599831990064264,74365.48378336895,11.234411996842935,1881046.747367998,1820001.3790400233,1942092.1156959725,1158.0,23.02968270214944,0.6299897645854657,0.6269891788669637,1.6520292389340403,1953.0,7.0,5.862068965517241,5.0,170.0,2.8874622809043444,0,Moderate
HEATHFIELD,1495000.0,1516232.3565532132,-21232.356553213205,-1.4202245186095788,21232.356553213205,15.459610027855154,1750635.965992498,1689590.5976645234,1811681.3343204726,863.0,17.873941674506113,0.5315145813734713,0.5988636363636364,1.7034025620549964,1062.0,5.0,3.125,2.0,75.0,1.895360468182194,0,Moderate
HEATHPOOL,2514000.0,2362243.422655135,151756.57734486507,6.036458923821204,151756.57734486507,1.0458911419423693,2386949.9173638015,2325904.5490358267,2447995.2856917763,988.0,23.450586264656614,0.5896147403685092,0.5906313645621182,2.2723265838688658,596.0,2.0,2.25,2.0,45.0,1.292692009559488,1,Low
HECTORVILLE,1335000.0,1396185.13511923,-61185.13511923002,-4.5831561887063685,61185.13511923002,15.054945054945051,1606380.0400767403,1545334.6717487657,1667425.408404715,717.0,41.254125412541256,0.5275813295615276,0.6049280177187154,3.37087140822903,4241.0,11.0,11.862068965517242,11.0,344.0,4.46193534187508,0,Moderate
HENDON,950000.0,909335.766341283,40664.233658717014,4.280445648286001,40664.233658717014,20.71474624666114,1097702.3628690112,1036656.9945410367,1158747.7311969858,681.0,70.75471698113208,0.41509433962264153,0.5484171322160148,4.733486316219729,1271.0,3.0,4.620689655172414,4.0,134.0,2.077323021573821,1,Low
HENLEY BEACH,1790000.0,1820657.1656499745,-30657.165649974486,-1.7126908184343286,30657.165649974486,11.94139194139194,2038068.9737092755,1977023.605381301,2099114.3420372503,971.0,50.638977635782744,0.5378594249201278,0.6349418271981689,3.163439644056809,6259.0,14.0,16.379310344827587,16.0,475.0,3.802384525375851,0,Moderate
HENLEY BEACH SOUTH,2111250.0,2144144.7037954624,-32894.70379546238,-1.5580676753327356,32894.70379546238,18.23257604928764,2535077.517521743,2474032.1491937684,2596122.885849718,1040.0,47.142857142857146,0.5385714285714286,0.666239863422962,2.9948452915739536,2799.0,10.0,7.896551724137931,8.0,229.0,2.9196969948732563,0,Moderate
HIGHBURY,1185000.0,1191712.8309384054,-6712.830938405357,-0.566483623494123,6712.830938405357,16.216216216216218,1384963.5602797684,1323918.1919517939,1446008.928607743,856.0,19.404915912031047,0.4888601408653155,0.6341036414565826,1.7772311416951263,6956.0,15.0,22.655172413793103,24.0,657.0,4.987669525002674,0,High
HIGHGATE,2600000.0,2759154.9385370547,-159154.9385370547,-6.121343789886719,159154.9385370547,25.185972369819343,3454074.9389975034,3393029.5706695286,3515120.307325478,988.0,25.249169435215947,0.6186046511627907,0.6365105008077544,1.9390601405756789,1504.0,3.0,4.310344827586207,4.0,125.0,2.550958479192003,1,Low
HILLBANK,815000.0,799185.6727049941,15814.327295005904,1.9404082570559391,15814.327295005904,15.567765567765573,923601.0246828779,862555.6563549034,984646.3930108525,823.0,78.3805345033905,0.38990825688073394,0.65308126687945,5.041228151754039,5013.0,23.0,23.344827586206897,24.0,677.0,4.782974732385736,0,High
HILLCREST,973750.0,945303.7176602928,28446.28233970725,2.921312692139384,28446.28233970725,18.406916233003187,1119304.981117488,1058259.6127895133,1180350.3494454625,759.0,68.0327868852459,0.5038251366120219,0.6036376115305422,4.54222595407028,3659.0,12.0,12.137931034482758,11.0,352.0,4.572621457662321,0,Moderate
HILLIER,835000.0,810259.0565487857,24740.94345121435,2.962987239666389,24740.94345121435,,,,,512.0,31.90184049079755,0.24294478527607363,0.2968536251709986,2.2598736740813967,814.0,1.0,1.380952380952381,1.0,29.0,0.4976133515281193,1,Low
HILTON,1200000.0,1215001.0426959903,-15001.042695990298,-1.250086891332525,15001.042695990298,16.88311688311688,1420131.0888654431,1359085.7205374686,1481176.4571934177,748.0,246.42464246424643,0.5808580858085809,0.6224747474747475,13.35486406119935,908.0,3.0,2.6666666666666665,2.0,72.0,1.6870547845739468,1,Low
HOLDEN HILL,942750.0,918139.7731867672,24610.22681323276,2.6104722156704065,24610.22681323276,20.247252747252748,1104037.8536369451,1042992.4853089706,1165083.2219649197,706.0,79.90314769975787,0.4737691686844229,0.5771484375,5.504653534672861,3716.0,15.0,15.36842105263158,15.0,876.0,3.917139895689969,0,High
HOPE VALLEY,940000.0,894222.3642063222,45777.635793677764,4.8699612546465705,45777.635793677764,18.78958479943702,1062243.0336243997,1001197.6652964251,1123288.4019523743,658.0,30.788026878436163,0.4127061698228467,0.49885057471264366,2.5361619427086834,8184.0,23.0,23.75862068965517,23.0,689.0,4.859858701751032,0,High
HOVE,1550000.0,1634643.3955187912,-84643.39551879116,-5.460864227018785,84643.39551879116,17.73577109802706,1924560.0064170212,1863514.6380890466,1985605.3747449957,778.0,30.721003134796238,0.4934169278996865,0.5162349507479023,2.172929838814434,3189.0,6.0,7.862068965517241,7.0,228.0,3.113612256012006,0,Moderate
HUNTFIELD HEIGHTS,770000.0,711903.427101443,58096.572898556944,7.545009467345058,58096.572898556944,28.3499446290144,913727.654496758,852682.2861687834,974773.0228247326,623.0,54.047619047619044,0.315,0.5148070595273706,4.617815469443161,4199.0,15.0,16.93103448275862,16.0,491.0,4.636278021390178,0,High
HYDE PARK,2100000.0,2346821.2841962706,-246821.28419627063,-11.753394485536697,246821.28419627063,20.0,2816185.5410355246,2755140.1727075498,2877230.9093634994,1133.0,39.735099337748345,0.6237206502107164,0.6008492569002123,2.607619008032154,1660.0,3.0,4.586206896551724,5.0,133.0,2.275918046781348,1,Low
INGLE FARM,862500.0,825552.857427207,36947.142572792945,4.283726675106428,36947.142572792945,22.141273360785554,1008340.7723279411,947295.4039999666,1069386.1406559157,636.0,71.77284157585919,0.39207879295892706,0.5168030207677785,5.202583610532732,9543.0,45.0,44.82758620689656,47.0,1300.0,7.24602829889412,0,High
IRONBANK,865000.0,826062.1674083977,38937.832591602346,4.501483536601427,38937.832591602346,,,,,906.0,7.434944237918216,0.5297397769516728,0.6512141280353201,1.2899999999999998,537.0,1.0,1.1666666666666667,1.0,14.0,0.3892494720807615,1,Low
JOSLIN,2600000.0,2739785.0896327784,-139785.08963277843,-5.376349601260709,139785.08963277843,17.733990147783246,3225658.3074986897,3164612.939170715,3286703.6758266645,943.0,24.115755627009644,0.5667202572347267,0.5672348484848485,2.004403223722746,1243.0,2.0,3.2413793103448274,3.0,94.0,1.5733306893746395,1,Low
KANGARILLA,1075775.0,1061006.1294746723,14768.870525327744,1.3728586856292202,14768.870525327744,18.068421052631578,1252713.1843423855,1191667.816014411,1313758.55267036,771.0,18.76379690949227,0.423841059602649,0.6392811296534018,1.806314288767375,905.0,2.0,1.3571428571428572,1.0,19.0,0.6333236937766509,1,Low
KENSINGTON,1290000.0,1373564.8605727286,-83564.86057272856,-6.477896168428571,83564.86057272856,12.636961285609933,1547141.7202360465,1486096.351908072,1608187.088564021,797.0,46.434494195688224,0.5831951354339414,0.5775095298602287,3.3806857159407766,1808.0,3.0,2.9655172413793105,3.0,86.0,1.1489982786475248,1,Low
KENSINGTON GARDENS,2337500.0,2454882.1479541264,-117382.14795412635,-5.021696169160485,117382.14795412635,14.501231527093594,2810870.2919462426,2749824.9236182678,2871915.6602742174,915.0,22.008803521408563,0.6066426570628252,0.5574526995846792,2.0227991094838376,2498.0,12.0,5.896551724137931,6.0,171.0,3.1548695647274148,0,Moderate
KENSINGTON PARK,2518000.0,2714223.5099727428,-196223.50997274276,-7.792832008448879,196223.50997274276,15.078717201166183,3123493.597249099,3062448.2289211242,3184538.965577074,888.0,22.07001522070015,0.60882800608828,0.5836314847942755,2.2357509376108484,2627.0,8.0,6.137931034482759,6.0,178.0,2.9365205106315204,0,Moderate
KENT TOWN,3100000.0,2864613.8064146675,235386.19358533248,7.593103018881693,235386.19358533248,,,,,831.0,151.66204986149583,0.6135734072022161,0.5795026375282593,9.235102243268397,1443.0,1.0,1.6428571428571428,1.5,23.0,0.7449463436684919,1,Low
KERSBROOK,825000.0,832612.6391548766,-7612.639154876582,-0.9227441399850402,7612.639154876582,,,,,876.0,17.905102954341988,0.40555058191584603,0.6546840958605664,1.6149052607769359,1116.0,1.0,2.1,1.5,21.0,1.5951314818673863,1,Low
KESWICK,1450000.0,1512570.5029355818,-62570.50293558184,-4.315207099005644,62570.50293558184,10.596310596310598,1672847.1714148133,1611801.8030868387,1733892.5397427878,867.0,109.93377483443709,0.6119205298013245,0.695024077046549,6.772828489360572,754.0,1.0,2.1463414634146343,2.0,88.0,1.6516805927563003,1,Low
KIDMAN PARK,1217500.0,1213560.800899039,3939.1991009609774,0.32354818077708236,3939.1991009609774,13.321995464852606,1375231.3157580378,1314185.9474300633,1436276.6840860124,798.0,34.83870967741935,0.48748387096774193,0.5681749164895232,2.58149910142215,3874.0,11.0,10.79310344827586,11.0,313.0,3.5894618612268294,0,Moderate
KILBURN,1093556.0,1211491.0406767013,-117935.04067670135,-10.7845451606229,117935.04067670135,21.524551780597623,1472259.057044459,1411213.6887164845,1533304.4253724336,542.0,176.2513312034079,0.42261270855520056,0.48142613151152863,11.110877726192133,5633.0,11.0,8.827586206896552,7.0,256.0,4.614178192710884,0,Moderate
KILKENNY,900000.0,881998.0039762197,18001.996023780317,2.000221780420035,18001.996023780317,13.971742543171114,1005228.4943276851,944183.1259997105,1066273.8626556597,655.0,203.57336220898756,0.5089334055224689,0.5485498108448928,11.438435326172776,1846.0,4.0,4.321428571428571,4.0,121.0,1.846990974903684,1,Low
KINGS PARK,1820000.0,1900581.4875039149,-80581.48750391486,-4.42755425845686,80581.48750391486,2.6248548199767723,1950468.9922862474,1889423.6239582729,2011514.360614222,850.0,43.47826086956522,0.5756521739130435,0.5009823182711198,3.178126486527927,574.0,2.0,1.7222222222222223,2.0,31.0,0.7519039015221181,1,Low
KINGSTON PARK,1425000.0,1545928.31549132,-120928.3154913201,-8.486197578338253,120928.3154913201,20.512820512820507,1863041.816104924,1801996.4477769495,1924087.1844328986,878.0,46.47435897435898,0.5432692307692307,0.5678119349005425,2.72260812581208,623.0,2.0,2.2916666666666665,2.0,55.0,1.545798419465872,1,Low
KINGSWOOD,2200000.0,2276811.370518246,-76811.3705182462,-3.4914259326475543,76811.3705182462,7.878299415676003,2456185.3874178296,2395140.019089855,2517230.7557458044,906.0,41.48727984344423,0.5671232876712329,0.5240073868882733,2.7521148766352637,2554.0,2.0,6.137931034482759,6.0,178.0,2.682271664240626,1,Low
KLEMZIG,1215000.0,1224915.9203875223,-9915.920387522317,-0.8161251347754994,9915.920387522317,15.384615384615389,1413364.5235240643,1352319.1551960898,1474409.891852039,769.0,53.02353291629431,0.5479594876377718,0.5962633451957295,3.848430690358249,6713.0,19.0,20.96551724137931,21.0,608.0,4.362852594188886,0,High
KURRALTA PARK,1246500.0,1286924.0329513967,-40424.03295139666,-3.2430030446367155,40424.03295139666,19.439935064935067,1537101.2292921918,1476055.8609642172,1598146.5976201664,826.0,87.5796178343949,0.6264331210191083,0.7009174311926606,5.424838004665225,3139.0,3.0,7.172413793103448,6.0,208.0,4.080169512560908,1,Low
LARGS BAY,1070000.0,1082528.8641714815,-12528.864171481458,-1.170921885185183,12528.864171481458,12.649465072372562,1219462.9747432044,1158417.6064152298,1280508.343071179,858.0,73.3252131546894,0.4518879415347138,0.6013765414396329,4.557444039878704,4104.0,8.0,12.655172413793103,13.0,367.0,4.073221452968904,0,Moderate
LARGS NORTH,946000.0,889810.7568940991,56189.24310590094,5.93966629026437,56189.24310590094,9.496574696750676,974312.3000822697,913266.9317542951,1035357.6684102443,827.0,42.68597104343485,0.426610084872691,0.6026292201971916,2.9899196825903926,4005.0,18.0,16.93103448275862,17.0,491.0,3.816608764735284,0,High
LEABROOK,2100000.0,2207734.3458720464,-107734.34587204643,-5.130206946287925,107734.34587204643,1.0910155963974504,2231821.071912534,2170775.7035845593,2292866.440240509,966.0,21.170610211706105,0.5840597758405978,0.4609429978888107,1.7723786895953644,1605.0,3.0,2.923076923076923,3.0,76.0,1.8093772834448196,1,Low
LENSWOOD,536000.0,577249.4412269492,-41249.44122694922,-7.695791273684556,41249.44122694922,,,,,838.0,11.214953271028037,0.45794392523364486,0.6704035874439462,0.5722843853940525,534.0,1.0,1.5,1.0,9.0,0.8366600265340757,1,Low
LIGHTSVIEW,858000.0,857531.0923742822,468.9076257178094,0.054651238428649114,468.9076257178094,13.891625615763548,976656.101265685,915610.7329377105,1037701.4695936596,1005.0,43.506813331144315,0.6030208504350681,0.7089034304977196,2.969503379510151,6090.0,34.0,34.13793103448276,34.0,990.0,8.283909264915906,0,High
LINDEN PARK,1802500.0,1883108.0243908488,-80608.02439084882,-4.472012448868172,80608.02439084882,13.703416149068326,2141158.153509626,2080112.7851816516,2202203.521837601,874.0,32.939189189189186,0.5734797297297297,0.5260053619302949,2.7898980174809345,2367.0,4.0,6.0,6.0,174.0,2.632217967526897,1,Low
LOBETHAL,755000.0,755743.1295299174,-743.1295299173798,-0.09842775230693773,743.1295299173798,,,,,759.0,14.201183431952662,0.3806706114398422,0.5994180407371484,1.4962901601848855,2534.0,8.0,7.615384615384615,7.0,99.0,3.686426940784747,0,Moderate
LOCKLEYS,1420000.0,1459598.8819972735,-39598.88199727354,-2.7886536617798265,39598.88199727354,18.69918699186992,1732532.0062731865,1671486.637945212,1793577.374601161,878.0,25.050100200400802,0.5108550434201736,0.602780536246276,1.8694603716858964,5987.0,19.0,17.413793103448278,18.0,505.0,3.9597730939619535,0,High
LOWER MITCHAM,1472750.0,1521309.549998029,-48559.5499980289,-3.297202512173071,48559.5499980289,10.321637426900585,1678333.6058896382,1617288.2375616636,1739378.9742176128,985.0,18.281535648994517,0.5886654478976234,0.6152551878855861,1.8730580751712738,2187.0,5.0,6.964285714285714,6.0,195.0,2.834733547569204,0,Moderate
LYNTON,1127500.0,1102074.5437357177,25425.456264282344,2.255029380424155,25425.456264282344,,,,,1097.0,35.874439461883405,0.6053811659192825,0.5873015873015873,1.8814453755028813,222.0,4.0,2.25,1.5,27.0,1.815338686155987,1,Low
MAGILL,1490000.0,1561723.2572786184,-71723.2572786184,-4.813641428095195,71723.2572786184,21.190476190476193,1892659.8522733734,1831614.4839453988,1953705.220601348,781.0,24.654425417784196,0.5558077161130597,0.5935131104759538,2.3603796409433415,9693.0,34.0,29.964912280701757,30.0,1708.0,5.4966382982195245,0,High
MALVERN,2650750.0,2713923.9465006907,-63173.946500690654,-2.383248005307579,63173.946500690654,14.293800539083561,3101846.822195924,3040801.453867949,3162892.1905238987,1117.0,39.05674281503317,0.6260132645541636,0.6063408190224571,2.6649064402213165,2713.0,9.0,8.0,8.0,232.0,2.672612419124244,0,Moderate
MANNINGHAM,1150000.0,1194088.5132784694,-44088.51327846944,-3.833783763345169,44088.51327846944,21.623731459797032,1452295.0067820884,1391249.6384541139,1513340.375110063,877.0,29.454022988505745,0.5423850574712644,0.6658119658119658,2.3218319167591983,1391.0,3.0,4.793103448275862,4.0,139.0,2.193811268494489,1,Low
MANSFIELD PARK,813750.0,744289.052969113,69460.94703088701,8.535907469233427,69460.94703088701,13.558597091531222,845204.2068575685,784158.8385295939,906249.575185543,534.0,60.099804729876325,0.468648296810588,0.5338688085676038,4.789671636377591,4608.0,7.0,8.724137931034482,9.0,253.0,3.4319564570595458,0,Moderate
MARDEN,1676338.0,1793993.3817764414,-117655.38177644135,-7.018595401192441,117655.38177644135,17.64457590705359,2110535.9057915034,2049490.5374635288,2171581.274119478,818.0,57.067271352985635,0.5982615268329554,0.6281318681318682,3.8034329692338,2645.0,4.0,5.620689655172414,5.0,163.0,3.075406977753958,1,Low
MARINO,1343000.0,1360099.6939289728,-17099.693928972818,-1.2732460110925403,17099.693928972818,9.11149825783972,1484025.1538461945,1422979.78551822,1545070.522174169,932.0,21.94907813871817,0.5201931518876207,0.5933544303797469,2.079918956399339,2277.0,5.0,8.655172413793103,8.0,251.0,3.372958240275203,0,Moderate
MARION,1080000.0,1064786.550393579,15213.449606420938,1.408652741335272,15213.449606420938,17.52577319587629,1251398.6262357528,1190353.2579077783,1312443.9945637274,659.0,63.38371526084836,0.48488542174549,0.5027855153203342,4.108032531175459,4101.0,9.0,13.241379310344827,12.0,384.0,4.733280140314908,0,Moderate
MARLESTON,982000.0,963796.719564135,18203.280435865046,1.8536945454037728,18203.280435865046,11.935914552736984,1078834.6724733922,1017789.3041454176,1139880.0408013668,746.0,54.843669912865195,0.557662737057919,0.6194379391100703,3.5762036429746984,1950.0,2.0,4.448275862068965,4.0,129.0,2.4725089469223027,1,Low
MARRYATVILLE,1880000.0,1891618.1573320741,-11618.15733207413,-0.6179870921316026,11618.15733207413,,,,,744.0,36.97996918335902,0.5824345146379045,0.5627376425855514,4.364757630592455,648.0,2.0,2.0,1.5,40.0,1.5894388284780523,1,Low
MASLIN BEACH,900000.0,865735.2545888601,34264.74541113991,3.8071939345711012,34264.74541113991,9.414088215931532,947236.3351722747,886190.9668443002,1008281.7035002493,697.0,24.711696869851732,0.4546952224052718,0.5903846153846154,2.9631414574758717,1213.0,5.0,5.137931034482759,4.0,149.0,2.401251726124678,0,Moderate
MAWSON LAKES,1040000.0,1040712.6073429718,-712.6073429718381,-0.0685199368242152,712.6073429718381,16.190476190476186,1209208.9342461196,1148163.565918145,1270254.3025740942,915.0,65.31351939108372,0.5630300833635375,0.6927190090009803,4.411093991275053,13794.0,29.0,44.55172413793103,44.0,1292.0,8.71200406211597,0,High
MAYLANDS,1530000.0,1601452.3765337656,-71452.37653376558,-4.6700899695271625,71452.37653376558,15.250965250965251,1845689.3219896874,1784643.9536617128,1906734.690317662,1018.0,44.40026507620941,0.5911199469847581,0.6298342541436464,3.2525885416888367,1508.0,4.0,4.0344827586206895,4.0,117.0,2.2596263695684877,1,Low
MCLAREN FLAT,1112000.0,1094907.134101126,17092.86589887389,1.5371282283159973,17092.86589887389,12.753799392097264,1234549.3935141452,1173504.0251861706,1295594.7618421197,842.0,9.84009840098401,0.3972939729397294,0.6893819334389857,0.8359843917176315,1625.0,7.0,4.357142857142857,4.0,122.0,1.7043362064926932,0,Moderate
MCLAREN VALE,950000.0,907016.1527842212,42983.84721577878,4.524615496397766,42983.84721577878,17.14782033253371,1062549.6530507188,1001504.2847227443,1123595.0213786934,687.0,31.265386509108815,0.42122107336287545,0.5038472499287546,2.469181783700309,4061.0,13.0,11.586206896551724,11.0,336.0,2.442440836822728,0,Moderate
MEDINDIE,2005000.0,2433554.683036114,-428554.6830361141,-21.374298405791226,428554.6830361141,12.993197278911566,2749751.2438931875,2688705.8755652127,2810796.6122211623,1309.0,55.27210884353742,0.5943877551020408,0.6047471620227038,3.266864367981543,1175.0,3.0,3.5,3.0,98.0,1.4529663145135576,1,Low
MELROSE PARK,1157500.0,1135536.9529040295,21963.047095970483,1.8974554726540374,21963.047095970483,12.341844950540604,1275683.1629875381,1214637.7946595636,1336728.5313155127,832.0,62.06896551724138,0.4982758620689655,0.6252665245202559,3.804631003067675,2319.0,6.0,7.379310344827586,7.0,214.0,3.1782047167661927,0,Moderate
MILE END,1055000.0,1035643.1876888049,19356.81231119507,1.8347689394497695,19356.81231119507,12.389380530973451,1163952.9631546745,1102907.5948267,1224998.331482649,820.0,104.03350231430461,0.6076702666960546,0.6474584801207851,6.0982980714253205,4536.0,27.0,11.482758620689657,11.0,333.0,3.8602432348897815,0,High
MILLSWOOD,1940000.0,2067537.933045226,-127537.93304522592,-6.574120260063192,127537.93304522592,16.853932584269664,2415999.3824348706,2354954.014106896,2477044.7507628454,1171.0,31.278748850046,0.5924563017479301,0.6221480244852532,2.289826159436934,2173.0,6.0,6.172413793103448,6.0,179.0,1.8911252417021345,0,Moderate
MITCHAM,1570000.0,1655214.965150551,-85214.96515055094,-5.427704786659295,85214.96515055094,6.578073089700998,1764096.215349823,1703050.8470218484,1825141.5836777976,922.0,26.186579378068743,0.6142935079105292,0.6104651162790697,2.1942651106692597,1832.0,11.0,6.0,6.0,168.0,2.2771001702132443,0,Moderate
MITCHELL PARK,1170500.0,1221453.806148077,-50953.806148076896,-4.353165839220581,50953.806148076896,19.563331405436674,1460410.8622091452,1399365.4938811706,1521456.2305371198,635.0,71.58992180712424,0.48305821025195483,0.5305997552019583,5.133762621659898,5754.0,13.0,14.724137931034482,14.0,427.0,4.98495272741691,0,Moderate
MOANA,1126000.0,1130382.134064848,-4382.134064848069,-0.3891770927929013,4382.134064848069,21.70022371364653,1375677.5859760118,1314632.2176480372,1436722.9543039864,810.0,28.037383177570092,0.4196563159481459,0.6304670126019274,2.2235169167157447,3316.0,9.0,14.79310344827586,15.0,429.0,4.647421023265235,0,Moderate
MODBURY,900000.0,851705.0167768179,48294.98322318215,5.366109247020239,48294.98322318215,19.954346585505043,1021657.1877105979,960611.8193826233,1082702.5560385725,683.0,181.44440471934215,0.4780121558813014,0.5503680336487907,10.431304697627018,5593.0,26.0,23.0,22.0,667.0,5.593363414414826,0,High
MODBURY HEIGHTS,912500.0,885088.6185103598,27411.38148964022,3.0039870125633117,27411.38148964022,17.586447782046807,1040744.2662295237,979698.8979015491,1101789.6345574984,782.0,22.0125786163522,0.4283876500857633,0.6125376306003187,2.142981156895782,6995.0,27.0,25.31578947368421,25.0,1443.0,4.536195285608077,0,High
MODBURY NORTH,886500.0,843728.8335940854,42771.166405914584,4.824722662821724,42771.166405914584,18.021137026239067,995778.3628259641,934732.9944979895,1056823.7311539387,743.0,38.036809815950924,0.4518843120070114,0.5918148703664023,2.975721938742,5704.0,25.0,23.24137931034483,24.0,674.0,6.7699713673892985,0,High
MORPHETT VALE,785100.0,736745.4110449738,48354.58895502624,6.159035658518181,48354.58895502624,20.92845929580623,890934.8745092413,829889.5061812667,951980.2428372159,639.0,68.90805316002167,0.3596217139524226,0.5243299895193891,4.974434153457143,24002.0,91.0,97.34482758620688,97.0,2823.0,17.434112419680822,0,High
MORPHETTVILLE,1061000.0,1023050.3300735899,37949.669926410075,3.576783216438273,37949.669926410075,14.178403755868542,1168102.5364971694,1107057.1681691948,1229147.904825144,743.0,57.22809872525088,0.4974233794412802,0.5634870499052432,3.9611885905699196,3686.0,9.0,10.655172413793103,11.0,309.0,4.159978211386668,0,Moderate
MOUNT OSMOND,2100000.0,2018585.8353183265,81414.16468167352,3.8768649848415957,81414.16468167352,9.714285714285714,2214677.0307492497,2153631.662421275,2275722.3990772245,1142.0,19.35483870967742,0.6387096774193548,0.6204188481675392,1.9248162553884198,464.0,2.0,2.12,2.0,53.0,1.013245610238044,1,Low
MUNNO PARA,700000.0,623729.8507913571,76270.14920864289,10.8957356012347,76270.14920864289,26.530612244897956,789209.1989604927,728163.8306325182,850254.5672884673,685.0,163.34745762711864,0.3379237288135593,0.5509065550906556,10.038610783586098,4719.0,42.0,29.344827586206897,28.0,851.0,11.947133135099117,0,High
MUNNO PARA DOWNS,725000.0,739797.7231134367,-14797.723113436718,-2.041065257025754,14797.723113436718,,,,,511.0,175.82417582417582,0.36813186813186816,0.5605095541401274,10.670278898229274,181.0,5.0,5.666666666666667,5.0,34.0,2.6583202716502514,0,Moderate
MUNNO PARA WEST,720000.0,688413.2486347752,31586.75136522483,4.387048800725671,31586.75136522483,24.528301886792452,857269.3284885879,796223.9601606133,918314.6968165624,834.0,38.26867247294801,0.34230667722354186,0.6784182055586644,3.4969031135900863,7577.0,61.0,52.0,51.0,1508.0,16.464246978572344,0,High
MYLOR,1736000.0,1785084.5279953936,-49084.52799539361,-2.8274497693199083,49084.52799539361,27.047619047619044,2267907.390805576,2206862.022477601,2328952.759133551,815.0,12.172284644194757,0.5337078651685393,0.5988950276243094,1.3984500319434663,1067.0,1.0,1.8421052631578947,2.0,35.0,1.014514547003576,1,Low
MYRTLE BANK,1560000.0,1614129.8050263778,-54129.805026377784,-3.469859296562679,54129.805026377784,5.349276274386407,1700474.0677244535,1639428.699396479,1761519.436052428,777.0,21.84235517568851,0.5701171256726812,0.4457875457875458,2.044772426443221,3158.0,5.0,6.310344827586207,6.0,183.0,2.3770246749705226,0,Moderate
NAILSWORTH,1575000.0,1615698.2407027986,-40698.24070279859,-2.584015282717371,40698.24070279859,18.216994273332297,1910029.8966859581,1848984.5283579836,1971075.2650139327,925.0,63.506261180679786,0.5559033989266547,0.6720044174489233,3.753942095804367,2235.0,7.0,4.862068965517241,5.0,141.0,2.294778824247938,0,Moderate
NETHERBY,2700000.0,2770223.807241399,-70223.80724139884,-2.6008817496814385,70223.80724139884,16.6574505697267,3231672.468603436,3170627.100275461,3292717.8369314107,1028.0,28.457974851091993,0.6207809397749835,0.6368038740920097,1.8237992213447165,1510.0,6.0,4.689655172413793,5.0,136.0,1.9658413007423647,0,Moderate
NETLEY,1270000.0,1305058.25262394,-35058.25262393989,-2.760492332593692,35058.25262393989,18.404118404118407,1545242.7186795687,1484197.3503515942,1606288.0870075433,684.0,29.82731554160126,0.456305599162742,0.55375,2.459833303268376,1910.0,3.0,5.724137931034483,5.0,166.0,2.462527037184972,1,Low
NEWTON,1107500.0,1117254.098555105,-9754.09855510504,-0.880731246510613,9754.09855510504,15.259437108176607,1287740.7850626467,1226695.4167346722,1348786.1533906213,752.0,65.84603360687768,0.5064478311840562,0.6197150735294118,4.166773566558962,5117.0,9.0,13.96551724137931,13.0,405.0,4.931551180342243,0,Moderate
NOARLUNGA DOWNS,770000.0,708261.9489885787,61738.05101142125,8.01792870278198,61738.05101142125,11.430241295816982,789217.9987644295,728172.6304364549,850263.367092404,648.0,61.75595238095239,0.37028769841269843,0.5372227286539046,4.659536486978183,4031.0,14.0,14.827586206896552,15.0,430.0,4.690940855348145,0,Moderate
NORTH ADELAIDE,2480000.0,2602975.0336959194,-122975.03369591944,-4.958670713545139,122975.03369591944,22.163433274544385,3179883.668442164,3118838.3001141893,3240929.036770139,964.0,110.052754982415,0.701641266119578,0.5573848345733734,6.7785661008208296,6823.0,10.0,8.586206896551724,9.0,249.0,3.590833979725425,0,Moderate
NORTH BRIGHTON,1900000.0,2032626.644330056,-132626.64433005592,-6.980349701581891,132626.64433005592,18.614718614718615,2410994.374659893,2349949.0063319183,2472039.742987868,793.0,36.75918979744936,0.44486121530382594,0.5126722987994664,2.0741109272867986,2665.0,9.0,7.655172413793103,8.0,222.0,2.943222991272438,0,Moderate
NORTH HAVEN,997500.0,971872.6326067811,25627.367393218912,2.569159638417936,25627.367393218912,15.714285714285714,1124595.474873561,1063550.1065455864,1185640.8432015355,758.0,36.16183315431436,0.40726817042606517,0.5552128315854411,2.735304438307238,5585.0,24.0,14.96551724137931,15.0,434.0,4.238284344778217,0,High
NORTH PLYMPTON,1177560.0,1176924.610560535,635.3894394650124,0.05395813711955334,635.3894394650124,20.435205661211853,1417431.575205997,1356386.2068780225,1478476.9435339717,777.0,29.908612572694544,0.5300470783716422,0.5642834241744149,2.6437537117164505,3610.0,9.0,10.827586206896552,10.0,314.0,3.8551354017099375,0,Moderate
NORTHFIELD,885000.0,806866.5698899202,78133.43011007982,8.828636170630489,78133.43011007982,15.462184873949584,931625.7706123954,870580.4022844208,992671.13894037,679.0,74.94052339413165,0.41237113402061853,0.4511494252873563,5.385339577068786,5043.0,9.0,15.03448275862069,15.0,436.0,4.468003378153616,0,Moderate
NORTHGATE,1286000.0,1320420.3599935411,-34420.35999354115,-2.6765443229814267,34420.35999354115,17.944862155388467,1557367.9734660662,1496322.6051380916,1618413.3417940408,881.0,31.711145996860285,0.5237048665620094,0.6771463119709794,2.310677762558194,3184.0,4.0,7.379310344827586,8.0,214.0,3.40602190563638,1,Low
NORWOOD,1700000.0,1757581.070655262,-57581.0706552621,-3.3871218032507118,57581.0706552621,12.256049960967996,1972991.084779287,1911945.7164513124,2034036.4531072616,1002.0,84.81510621557828,0.6503540519276161,0.6071109522958728,5.351524222360288,6354.0,9.0,12.862068965517242,13.0,373.0,3.4509226295403805,0,Moderate
NOVAR GARDENS,1505000.0,1658531.5976888933,-153531.59768889332,-10.201435062384938,153531.59768889332,21.105232216343328,2008568.5427625633,1947523.1744345888,2069613.911090538,630.0,61.37903547229972,0.4320446392985253,0.4936049265750829,3.7113603222027636,2508.0,6.0,7.448275862068965,7.0,216.0,2.458021952949621,0,Moderate
O'HALLORAN HILL,863300.0,824532.5051206102,38767.494879389764,4.490616805211371,38767.494879389764,18.77824588280352,979365.246315798,918319.8779878234,1040410.6146437726,796.0,48.84318766066838,0.44876973925817115,0.6277503367759317,3.3168407843601124,2722.0,6.0,9.280701754385966,9.0,529.0,2.97462114013168,0,Moderate
O'SULLIVAN BEACH,780000.0,741443.9544871666,38556.0455128334,4.9430827580555645,38556.0455128334,20.265780730897006,891703.3605460275,830657.992218053,952748.7288740021,599.0,63.41463414634146,0.31978319783197834,0.4732484076433121,5.4595235408502525,1844.0,12.0,9.241379310344827,9.0,268.0,3.124273314523293,0,Moderate
OAKBANK,1200000.0,1164181.5515315814,35818.44846841856,2.984870705701547,35818.44846841856,,,,,889.0,11.547344110854503,0.5161662817551963,0.6132596685082873,1.1883133576577862,865.0,1.0,1.5,1.5,12.0,0.5345224838248488,1,Low
OAKDEN,1025000.0,1017222.3019701346,7777.698029865394,0.7587998077917457,7777.698029865394,18.25396825396825,1202905.7380440482,1141860.3697160736,1263951.1063720228,649.0,40.736607142857146,0.49581473214285715,0.5333333333333333,3.345914986460388,3583.0,10.0,9.79310344827586,10.0,284.0,3.2445482884461927,0,Moderate
OAKLANDS PARK,1092500.0,1064604.8737309668,27895.12626903318,2.5533296356094444,27895.12626903318,15.728021978021976,1232046.1622504664,1171000.7939224918,1293091.530578441,648.0,333.5021524436566,0.5049379589769561,0.5201716738197425,17.55402608679446,3948.0,6.0,10.379310344827584,10.0,301.0,3.9134730018182817,0,Moderate
OLD NOARLUNGA,830500.0,803315.421578581,27184.57842141902,3.273278557666348,27184.57842141902,8.932065977075762,875068.0850380042,814022.7167100296,936113.4533659788,704.0,93.34203655352479,0.3302872062663185,0.5836637589214909,5.9127206619285095,1531.0,6.0,6.142857142857143,5.5,172.0,2.690370836538197,0,Moderate
OLD REYNELLA,745000.0,672526.8661904694,72473.13380953064,9.727937424098073,72473.13380953064,15.694164989939637,778074.3421720722,717028.9738440976,839119.7105000467,707.0,92.51228678808904,0.4217982075744435,0.5746294381247845,5.692707417330816,3458.0,3.0,12.241379310344827,12.0,355.0,4.867201985988849,1,Low
ONE TREE HILL,1452500.0,1512584.201388618,-60084.20138861798,-4.1366059475812715,60084.20138861798,12.83846872082166,1706776.8509599857,1645731.4826320112,1767822.2192879603,842.0,23.946360153256705,0.38409961685823757,0.6575028636884307,1.8462344205397057,1043.0,5.0,2.117647058823529,2.0,36.0,1.053704948098403,0,Moderate
ONKAPARINGA HEIGHTS,800000.0,1044953.0503859738,-244953.05038597377,-30.61913129824672,244953.05038597377,,,,,,48.76373626373626,0.5023510971786834,0.6001129624399887,3.4738254480856967,,8.0,4.833333333333333,5.5,58.0,2.516611478423583,0,Moderate
ONKAPARINGA HILLS,996750.0,993858.571711192,2891.428288807976,0.2900856071038852,2891.428288807976,14.192857142857141,1134915.498996202,1073870.1306682273,1195960.8673241765,825.0,18.00076599004213,0.39984680199157413,0.6414488766620816,1.5895184449028967,2610.0,6.0,5.413793103448276,5.0,157.0,2.8223247937435034,0,Moderate
OSBORNE,880000.0,836985.2724507925,43014.72754920751,4.888037221500854,43014.72754920751,17.94871794871795,987213.3982752938,926168.0299473192,1048258.7666032683,647.0,68.64754098360656,0.36116803278688525,0.5350713842333954,5.351871405180738,1951.0,10.0,7.931034482758621,8.0,230.0,3.3586884608936125,0,Moderate
OTTOWAY,860000.0,832167.3623878085,27832.637612191495,3.236353210719941,27832.637612191495,17.055393586005827,974096.7813373327,913051.4130093581,1035142.1496653073,555.0,63.9367816091954,0.3807471264367816,0.5324675324675324,5.094703197437764,2783.0,6.0,7.0,7.0,203.0,2.171240593367238,0,Moderate
OVINGHAM,1255000.0,1281865.8541460035,-26865.85414600349,-2.140705509641712,26865.85414600349,11.560997209378957,1430062.3297718046,1369016.96144383,1491107.6980997792,919.0,147.32724902216427,0.5475880052151239,0.5909797822706065,8.936063984396009,766.0,3.0,1.7777777777777777,2.0,96.0,0.7439483312010688,1,Low
PANORAMA,1112500.0,1052851.8367035228,59648.16329647717,5.361632655863117,59648.16329647717,7.942057942057944,1136469.939618538,1075424.5712905633,1197515.3079465125,817.0,30.97530347425701,0.544579321892005,0.5885045778229908,2.245193032017961,2388.0,6.0,8.89655172413793,8.0,258.0,3.866937026956005,0,Moderate
PARA HILLS,828000.0,801503.7079363061,26496.292063693865,3.2000352733929787,26496.292063693865,19.128329297820823,954817.9765246068,893772.6081966322,1015863.3448525814,686.0,66.38210185457757,0.39269944068295554,0.5727888665079656,5.062624528872893,6793.0,33.0,33.44827586206897,32.0,970.0,6.322218230158912,0,High
PARA HILLS WEST,880000.0,863120.9888788266,16879.01112117339,1.918069445587885,16879.01112117339,28.693528693528695,1110780.8574826415,1049735.489154667,1171826.225810616,600.0,126.51699029126215,0.3774271844660194,0.5144124168514412,8.052525318369891,3295.0,6.0,10.827586206896552,11.0,314.0,3.6062343390820266,0,Moderate
PARA VISTA,870000.0,851166.7568516651,18833.243148334906,2.1647405917626332,18833.243148334906,20.382546323968917,1024656.2153611797,963610.8470332051,1085701.5836891544,642.0,51.91798941798942,0.38756613756613756,0.5265914585012087,4.365117770904957,3023.0,9.0,11.20689655172414,11.0,325.0,3.416130960445787,0,Moderate
PARADISE,1076500.0,1063250.8116823325,13249.18831766746,1.2307652872891277,13249.18831766746,14.245958123509142,1214721.0770624687,1153675.7087344942,1275766.4453904433,710.0,39.20753671377113,0.49002493765586036,0.5616570327552987,3.092178214683191,7217.0,23.0,20.620689655172413,20.0,598.0,5.136798565973671,0,High
PARAFIELD GARDENS,875500.0,871556.1076230027,3943.8923769972753,0.450473144145891,3943.8923769972753,22.500000000000004,1067656.2318381784,1006610.8635102038,1128701.600166153,585.0,51.33203378817414,0.3816872427983539,0.5244860323748378,4.576861076036376,18467.0,43.0,52.6551724137931,51.0,1527.0,9.846231556390952,0,High
PARALOWIE,780000.0,752773.5730218622,27226.42697813781,3.490567561299719,27226.42697813781,21.08843537414966,911521.7414822549,850476.3731542804,972567.1098102295,678.0,60.66838046272493,0.3464724364467295,0.5780774249673771,4.937090215831888,17504.0,36.0,56.241379310344826,55.0,1631.0,13.297838633224233,0,High
PARK HOLME,1050000.0,1031024.5343681875,18975.46563181246,1.8071872030297582,18975.46563181246,13.85687483248459,1173892.3135877943,1112846.9452598197,1234937.681915769,702.0,85.3125,0.518125,0.5772893772893772,5.495510175700071,3199.0,5.0,8.931034482758621,9.0,259.0,3.34803817270821,0,Moderate
PARKSIDE,1776500.0,1795899.9725222047,-19399.972522204742,-1.0920333533467348,19399.972522204742,11.150087697318968,1996144.394414558,1935099.0260865835,2057189.7627425327,1038.0,50.126779793251416,0.6284376828554711,0.6558335281739537,3.2887397906680533,5126.0,9.0,12.137931034482758,12.0,352.0,3.777037179088492,0,Moderate
PASADENA,1620000.0,1769025.4397491096,-149025.43974910956,-9.199101219080836,149025.43974910956,26.675094816687732,2240914.6531335115,2179869.2848055367,2301960.0214614864,701.0,48.145738451528956,0.49414443721535456,0.48168908819133033,3.3432075048314247,3073.0,7.0,8.724137931034482,9.0,253.0,3.379523970326272,0,Moderate
PAYNEHAM,1620000.0,1690192.5974385235,-70192.59743852355,-4.332876385094046,70192.59743852355,23.966942148760328,2095280.0794692438,2034234.7111412692,2156325.4477972183,874.0,30.75030750307503,0.5797457974579746,0.6341698841698842,2.2343429911943016,2438.0,6.0,5.206896551724138,4.0,151.0,2.5408000756908327,0,Moderate
PAYNEHAM SOUTH,1330000.0,1380241.3491955372,-50241.34919553716,-3.7775450522960266,50241.34919553716,11.303511303511304,1536257.0861175917,1475211.7177896171,1597302.4544455663,789.0,31.17782909930716,0.5404157043879908,0.6153846153846154,2.7049594793373855,1731.0,4.0,3.928571428571429,4.0,110.0,2.124435810568894,1,Low
PENNINGTON,858500.0,818245.3414344599,40254.6585655401,4.688952657605137,40254.6585655401,18.332066869300913,968246.6245811647,907201.2562531901,1029291.9929091393,568.0,90.35506094329624,0.40911499735029144,0.5063011972274732,6.098678939136755,3773.0,5.0,8.793103448275861,8.0,255.0,3.436976561132385,0,Moderate
PETERHEAD,798000.0,741504.6376276169,56495.362372383126,7.079619344910166,56495.362372383126,4.326530612244898,773586.0627657914,712540.6944378169,834631.431093766,801.0,140.5990016638935,0.38519134775374375,0.603,8.311605914656282,1201.0,5.0,4.857142857142857,5.0,136.0,2.620634439925735,0,Moderate
PLYMPTON,1415000.0,1443421.5308914075,-28421.530891407514,-2.0085887555765027,28421.530891407514,12.938912938912937,1630184.586114971,1569139.2177869964,1691229.9544429455,843.0,82.23443223443223,0.6181318681318682,0.688011757295822,5.017075691567064,5459.0,10.0,12.689655172413794,13.0,368.0,4.675952525390354,0,Moderate
PLYMPTON PARK,1250000.0,1259003.0175458384,-9003.017545838375,-0.7202414036670699,9003.017545838375,17.04260651629073,1473569.9478544022,1412524.5795264277,1534615.3161823768,831.0,55.64142194744977,0.5267903142709943,0.6354359925788498,3.824673852449692,3881.0,13.0,11.482758620689657,11.0,333.0,4.058682841013928,0,Moderate
POORAKA,900000.0,908867.3781221712,-8867.378122171154,-0.9852642357967949,8867.378122171154,20.091673032849503,1091474.0400367097,1030428.6717087352,1152519.4083646843,581.0,87.15717299578058,0.3930643459915612,0.5258495732001933,6.094466334360949,7583.0,28.0,23.379310344827587,24.0,678.0,5.942665305732823,0,High
PORT ADELAIDE,720000.0,564679.3498617584,155320.6501382416,21.57231251920022,155320.6501382416,3.1476997578692507,582453.7603900947,521408.3920621201,643499.1287180693,754.0,552.6512322628827,0.4585511575802838,0.5434962717481359,29.142110706331703,1338.0,3.0,5.185185185185185,5.0,140.0,2.3864527431224563,1,Low
PORT NOARLUNGA,898000.0,857589.8927296936,40410.10727030644,4.500011945468423,40410.10727030644,18.608058608058606,1017170.7225856219,956125.3542576473,1078216.0909135966,717.0,51.447935921133706,0.414664202094886,0.5729279768367717,3.7124502555561443,3245.0,9.0,11.344827586206897,10.0,329.0,4.055647403568136,0,Moderate
PORT NOARLUNGA SOUTH,940000.0,922850.6493667262,17149.350633273832,1.8243990035397692,17149.350633273832,17.68707482993197,1086075.9342887322,1025030.5659607577,1147121.3026167068,786.0,32.036613272311214,0.4096109839816934,0.6038725292456636,2.6263728579274876,3058.0,19.0,14.137931034482758,13.0,410.0,5.350061000526966,0,High
PORT WILLUNGA,1175000.0,1250636.9935282238,-75636.99352822383,-6.437190938572241,75636.99352822383,27.678571428571427,1596795.4470940714,1535750.0787660968,1657840.815422046,690.0,36.954087346024636,0.41937290033594626,0.5362517099863201,3.313509523836612,1785.0,5.0,8.517241379310345,8.0,247.0,3.031038125498688,0,Moderate
PROSPECT,1600000.0,1633790.8169473743,-33790.81694737426,-2.1119260592108913,33790.81694737426,15.789473684210526,1891757.788044328,1830712.4197163535,1952803.1563723027,954.0,72.81453548165923,0.5694892012341447,0.6683546405445792,4.442817494029902,14584.0,27.0,36.53333333333333,37.0,1644.0,8.22855339103362,0,High
QUEENSTOWN,779500.0,706975.037634738,72524.96236526198,9.304036223895059,72524.96236526198,13.99546485260771,805919.480543618,744874.1122156434,866964.8488715925,623.0,52.46913580246913,0.39609053497942387,0.5325762104004782,3.9716958502367907,1943.0,3.0,5.586206896551724,6.0,162.0,2.3981725390583546,1,Low
REDWOOD PARK,850000.0,819948.0619511055,30051.938048894517,3.5355221233993555,30051.938048894517,16.071428571428573,951725.4290503904,890680.0607224158,1012770.797378365,837.0,20.305514157973175,0.43088673621460505,0.6465536723163842,2.0606609314947195,5367.0,13.0,22.86206896551724,23.0,663.0,5.724160187504954,0,Moderate
REGENCY PARK,795000.0,820652.7218839539,-25652.7218839539,-3.2267574696797356,25652.7218839539,,,,,426.0,1459.016393442623,0.22950819672131148,0.04918032786885246,70.0,60.0,1.0,1.5,1.5,6.0,0.5773502691896257,1,Low
RENOWN PARK,1185000.0,1258043.2634603677,-73043.26346036769,-6.163988477668159,73043.26346036769,21.35338345864662,1526678.065582732,1465632.6972547574,1587723.4339107065,640.0,99.15865384615384,0.5114182692307693,0.5623678646934461,6.5832169514802334,1663.0,3.0,3.793103448275862,4.0,110.0,2.059460927122636,1,Low
REYNELLA,831050.0,791317.2420945228,39732.75790547719,4.781030973524721,39732.75790547719,18.601108033240994,938511.0171821882,877465.6488542137,999556.3855101628,718.0,42.5883812280339,0.38887740334918336,0.5904161412358133,3.405213582852201,4836.0,22.0,22.517241379310345,22.0,653.0,4.968620746064907,0,High
REYNELLA EAST,857000.0,786799.0114981778,70200.98850182223,8.191480571974589,70200.98850182223,20.99629477151091,951997.6512116692,890952.2828836946,1013043.0195396438,660.0,27.122049221496738,0.3802109492717228,0.5217132659131469,2.659376522830001,1990.0,3.0,7.344827586206897,7.0,213.0,3.330335269147253,1,Low
RICHMOND,1325000.0,1376606.2847610228,-51606.28476102278,-3.8948139442281344,51606.28476102278,24.58198885303608,1715003.4882311716,1653958.119903197,1776048.8565591462,771.0,52.374100719424455,0.5496402877697841,0.6482781678368439,3.7271129480394856,3474.0,8.0,9.655172413793103,9.0,280.0,4.623510277985807,0,Moderate
RIDGEHAVEN,901400.0,861936.6175568677,39463.382443132345,4.378010033629059,39463.382443132345,16.374149659863946,1003071.4092887983,942026.0409608238,1064116.777616773,688.0,36.70150987224158,0.3995354239256678,0.5294768890119015,3.2113294128449072,4304.0,9.0,16.551724137931036,16.0,480.0,5.389051115102014,0,Moderate
RIDLEYTON,900000.0,828792.898934402,71207.10106559796,7.911900118399775,71207.10106559796,7.692307692307693,892546.1988524329,831500.8305244583,953591.5671804075,842.0,223.5393734123624,0.5757832345469941,0.6220095693779905,11.861261618146933,1180.0,3.0,2.8461538461538463,3.0,74.0,1.3173399771450858,1,Low
RIVERLEA PARK,924750.0,1122978.0712281084,-198228.07122810837,-21.435855228776248,198228.07122810837,,,,,,48.76373626373626,0.5023510971786834,0.6001129624399887,3.4738254480856967,,14.0,16.53846153846154,14.0,215.0,9.938271015082591,0,Moderate
ROSE PARK,3115000.0,2623432.9614023166,491567.0385976834,15.7806432936656,491567.0385976834,,,,,1132.0,39.97093023255814,0.654796511627907,0.6173688736027515,3.008991544272356,1375.0,2.0,2.64,2.0,66.0,1.2543258481484518,1,Low
ROSEWATER,897500.0,866540.9689192895,30959.03108071047,3.4494742151209437,30959.03108071047,16.986062717770032,1013732.1613750922,952686.7930471177,1074777.529703067,684.0,108.01004744627407,0.42980742394641364,0.5660814839350778,7.190060069617271,3582.0,12.0,13.422222222222222,13.0,604.0,3.997094904648584,0,Moderate
ROSSLYN PARK,2305000.0,2389390.538464321,-84390.53846432082,-3.661194727302422,84390.53846432082,27.52834467120181,3047150.2014338635,2986104.8331058887,3108195.5697618383,986.0,15.646258503401363,0.6326530612244898,0.5547675334909378,1.385976401392246,1469.0,2.0,3.931034482758621,4.0,114.0,2.313485843649896,1,Low
ROSTREVOR,1304000.0,1316409.270550754,-12409.270550753921,-0.9516311772050553,12409.270550753921,13.83288409703504,1498506.6391886643,1437461.2708606897,1559552.0075166388,783.0,18.57328759020466,0.5275050278007808,0.5886874546773024,1.9771273069707704,8452.0,31.0,29.87719298245614,31.0,1703.0,6.369767251406659,0,High
ROYAL PARK,1017500.0,1004983.4887750165,12516.511224983493,1.230123953315331,12516.511224983493,18.378812199036922,1189687.516808306,1128642.1484803315,1250732.8851362807,751.0,71.80081065431385,0.44730746960046325,0.5934369602763385,4.933932370874701,3453.0,11.0,13.06896551724138,13.0,379.0,3.6344682700377686,0,Moderate
ROYSTON PARK,1660500.0,1718463.8696498314,-57963.86964983144,-3.4907479463915347,57963.86964983144,6.163793103448276,1824386.427132558,1763341.0588045835,1885431.7954605327,959.0,38.492381716118686,0.5846030473135525,0.6268221574344023,2.577691104185121,1246.0,6.0,4.068965517241379,4.0,118.0,2.250889260504432,0,Moderate
SALISBURY,810500.0,806696.3298571266,3803.670142873423,0.4692992156537228,3803.670142873423,22.47165532879819,987974.3486526851,926928.9803247105,1049019.7169806596,536.0,179.25808640579055,0.31067631757520925,0.43305002090009753,11.55587328554025,8841.0,29.0,22.620689655172413,24.0,656.0,5.753345567726214,0,High
SALISBURY DOWNS,845000.0,842736.9076335635,2263.0923664364964,0.2678215818268043,2263.0923664364964,25.29274004683841,1055888.1629600856,994842.794632111,1116933.5312880601,535.0,128.63268222963316,0.342861680165158,0.47430596574128764,8.54455089589922,6296.0,13.0,17.93103448275862,18.0,520.0,5.195678386084498,0,Moderate
SALISBURY EAST,814500.0,762604.2970514973,51895.70294850273,6.371479797237904,51895.70294850273,23.784595429926906,943986.6438364339,882941.2755084593,1005032.0121644085,599.0,42.700021565667456,0.3441880526202286,0.4929484644787136,4.010597244677467,9273.0,33.0,31.4,31.0,1413.0,8.930031049523542,0,High
SALISBURY HEIGHTS,947500.0,921428.2933804358,26071.70661956421,2.7516313054949038,26071.70661956421,16.83087027914614,1076512.694154647,1015467.3258266724,1137558.0624826215,816.0,28.959679215860994,0.38694586767654265,0.6355604638321369,2.2979930449521144,4488.0,10.0,16.08888888888889,16.0,724.0,4.435508693908442,0,Moderate
SALISBURY NORTH,753000.0,728320.5012422974,24679.498757702648,3.2774898748609096,24679.498757702648,27.12773271002337,925897.3400916103,864851.9717636358,986942.7084195849,540.0,74.97192062897791,0.2824784724822164,0.4529550827423168,6.376853654312225,10683.0,28.0,31.379310344827587,31.0,910.0,7.812141617395725,0,High
SALISBURY PARK,809000.0,772819.7360258357,36180.26397416426,4.472220515965916,36180.26397416426,21.830357142857146,941529.0444707616,880483.676142787,1002574.4127987361,606.0,70.26789635485288,0.29424681598594643,0.49245689655172414,5.220010235109562,2276.0,9.0,7.551724137931035,8.0,219.0,2.983121649937381,0,Moderate
SALISBURY PLAIN,730000.0,655104.1976190313,74895.8023809687,10.259698956297083,74895.8023809687,17.90123456790123,772375.9366989813,711330.5683710068,833421.3050269559,577.0,122.18890554722638,0.31709145427286356,0.506137865911237,7.693810931555086,1333.0,3.0,4.379310344827586,5.0,127.0,1.6347519056735944,1,Low
SEACLIFF,1681500.0,1888320.9440207714,-206820.94402077142,-12.29978852338813,206820.94402077142,15.517546969159875,2181342.0334376777,2120296.665109703,2242387.4017656525,948.0,39.6600566572238,0.5571293673276676,0.602017937219731,2.9040002048023412,2117.0,11.0,5.689655172413793,5.0,165.0,2.791613054897806,0,Moderate
SEACLIFF PARK,1040000.0,1050699.6333175418,-10699.633317541797,-1.0288108959174804,10699.633317541797,11.82525734371077,1174947.5688667665,1113902.200538792,1235992.937194741,856.0,36.294896030245745,0.49224952741020794,0.629172382258802,2.7717211649196507,2644.0,10.0,10.280701754385966,10.0,586.0,3.320684019278215,0,Moderate
SEACOMBE GARDENS,976944.0,903822.6979053754,73121.30209462461,7.4846973925449785,73121.30209462461,13.529617766389066,1026106.454217838,965061.0858898634,1087151.8225458127,715.0,51.274451689389444,0.5121517486662714,0.5894109396914446,3.5540842791042193,3373.0,12.0,9.96551724137931,10.0,289.0,3.904967153883167,0,Moderate
SEACOMBE HEIGHTS,1230000.0,1241512.5016935007,-11512.501693500672,-0.9359757474390791,11512.501693500672,19.565319698246928,1484418.3917435375,1423373.023415563,1545463.760071512,815.0,25.161290322580644,0.49290322580645163,0.6234076433121019,2.2048223226510686,1549.0,4.0,6.0344827586206895,5.0,175.0,2.3219874279942925,1,Low
SEAFORD,870000.0,833810.9592711441,36189.04072885588,4.15965985389148,36189.04072885588,19.76516634050881,998615.082336478,937569.7140085035,1059660.4506644527,656.0,104.13885180240321,0.36181575433911883,0.49906191369606,6.673378367932928,4493.0,14.0,19.103448275862068,18.0,554.0,5.016720809924453,0,Moderate
SEAFORD HEIGHTS,660000.0,720105.2640223709,-60105.26402237092,-9.106858185207715,60105.26402237092,11.904761904761903,805832.0811678913,744786.7128399167,866877.4494958658,1081.0,38.88888888888889,0.48055555555555557,0.8130277442702051,2.1768119755004176,1079.0,18.0,9.448275862068966,9.0,274.0,5.234406822011938,0,High
SEAFORD MEADOWS,841000.0,812462.3677579258,28537.632242074236,3.393297531756746,28537.632242074236,13.983193277310923,926070.5509469332,865025.1826189586,987115.9192749078,854.0,51.14638447971781,0.42308446012149714,0.6753314270860411,3.8479084598403905,5102.0,20.0,23.517241379310345,23.0,682.0,6.456561942568708,0,High
SEAFORD RISE,870000.0,813999.4926862563,56000.5073137437,6.436839921119965,56000.5073137437,13.0298273155416,920062.22093266,859016.8526046855,981107.5892606346,709.0,36.521454307238784,0.38028169014084506,0.5920615128844555,3.2026465452337916,6105.0,20.0,23.96551724137931,25.0,695.0,6.538254237402091,0,High
SEATON,1077000.0,1059807.1032551262,17192.89674487384,1.5963692427923715,17192.89674487384,14.909244880649,1217816.3395419456,1156770.971213971,1278861.7078699202,696.0,66.64828093399522,0.4328920757492186,0.5520641456279121,4.355460553726644,10877.0,31.0,32.44827586206897,32.0,941.0,6.853498621124375,0,High
SEAVIEW DOWNS,1148000.0,1168609.9476457355,-20609.94764573546,-1.7952916067713816,20609.94764573546,18.029556650246306,1379305.140176937,1318259.7718489624,1440350.5085049116,796.0,44.869437293122466,0.4520044133872747,0.6076923076923076,3.4852135588395505,2718.0,10.0,8.96551724137931,9.0,260.0,3.427647658804272,0,Moderate
SELLICKS BEACH,970000.0,952860.697407428,17139.302592572058,1.7669384116053666,17139.302592572058,27.70562770562771,1216856.7347843775,1155811.366456403,1277902.103112352,745.0,25.868440502586843,0.3762010347376201,0.5838621940163191,2.5089234146893795,2705.0,12.0,15.03448275862069,15.0,436.0,2.584054933912558,0,Moderate
SEMAPHORE,1472500.0,1474227.8470513634,-1727.8470513634384,-0.11734105611975812,1727.8470513634384,11.36759581881533,1641812.1101525854,1580766.7418246109,1702857.47848056,857.0,81.0909090909091,0.5076363636363637,0.596138044371405,4.811931269536543,2749.0,7.0,7.655172413793103,8.0,222.0,2.3796137452020822,0,Moderate
SEMAPHORE PARK,1115000.0,1129140.553403833,-14140.55340383295,-1.2682110676083362,14140.55340383295,13.177339901477827,1277931.2420912837,1216885.873763309,1338976.6104192582,656.0,88.28709819462792,0.3989431968295905,0.49221183800623053,5.698955019072819,4541.0,10.0,11.79310344827586,11.0,342.0,3.1552598981114914,0,Moderate
SEMAPHORE SOUTH,1336500.0,1433287.1109277483,-96787.11092774826,-7.241833963916817,96787.11092774826,8.389888021717,1553538.2945642893,1492492.9262363147,1614583.6628922638,930.0,57.17054263565891,0.4786821705426357,0.6330275229357798,3.5084130478860107,1031.0,4.0,2.75,2.0,77.0,1.5545631755148024,1,Low
SHEIDOW PARK,1011500.0,1026148.6204930812,-14648.620493081165,-1.4482076612042676,14648.620493081165,14.328147100424326,1173176.7043063047,1112131.33597833,1234222.0726342793,905.0,24.06417112299465,0.4708853238265003,0.7155841696648362,1.941915650405363,6731.0,18.0,22.13793103448276,20.0,642.0,6.717376921787225,0,High
SMITHFIELD,645000.0,557877.6182359734,87122.38176402659,13.507346009926605,87122.38176402659,23.555294807861543,689287.3358785333,628241.9675505587,750332.7042065079,526.0,411.5988723318566,0.26500201369311316,0.4238070805541303,23.150105072695766,2482.0,5.0,10.79310344827586,11.0,313.0,3.609306525644381,0,Moderate
SMITHFIELD PLAINS,686000.0,668593.778187118,17406.221812881995,2.5373501184959175,17406.221812881995,25.71428571428571,840517.8925780912,779472.5242501167,901563.2609060658,511.0,119.47973381730186,0.2589231699939504,0.4240297274979356,10.053165819495671,3305.0,14.0,16.20689655172414,15.0,470.0,7.037548834364072,0,Moderate
SOMERTON PARK,2470000.0,2622953.814224248,-152953.81422424782,-6.192462114342017,152953.81422424782,16.264687693259127,3049569.06044625,2988523.692118275,3110614.4287742246,908.0,34.75567790777701,0.5273571920165175,0.564792663476874,2.217495038213607,5811.0,20.0,18.06896551724138,18.0,524.0,4.008304187939607,0,High
SOUTH BRIGHTON,1250000.0,1299253.8861504656,-49253.88615046558,-3.9403108920372465,49253.88615046558,16.502463054187196,1513662.7786925375,1452617.4103645629,1574708.147020512,820.0,31.476121562952244,0.5126628075253257,0.5630323679727428,2.929344116497495,2763.0,8.0,8.241379310344827,8.0,239.0,3.5822496165497646,0,Moderate
SOUTH PLYMPTON,1235000.0,1261284.8429038841,-26284.842903884128,-2.1283273606383912,26284.842903884128,16.666666666666664,1471498.9833878647,1410453.61505989,1532544.3517158392,805.0,49.76704786107582,0.5455315544260907,0.6242454728370221,3.8113923416040767,4721.0,13.0,13.482758620689657,14.0,391.0,3.312537758870212,0,Moderate
SPRINGFIELD,6572500.0,6258299.110804945,314200.88919505477,4.780538443439403,314200.88919505477,42.447129909365565,8914767.46448499,8853722.096157014,8975812.832812965,1356.0,29.143897996357012,0.6757741347905283,0.6046511627906976,1.7668766764161195,548.0,2.0,2.1666666666666665,2.0,52.0,1.1293194051465598,1,Low
ST AGNES,845000.0,786423.3817277007,58576.618272299296,6.932144174236603,58576.618272299296,14.455782312925171,900107.0338482016,839061.665520227,961152.4021761762,746.0,46.291922531884744,0.4222957014643363,0.584841628959276,3.0438104445106333,4233.0,7.0,15.20689655172414,15.0,441.0,3.745276170866324,0,Moderate
ST CLAIR,1092500.0,1089137.8101553088,3362.1898446911946,0.30775193086418257,3362.1898446911946,5.852534562211981,1152879.9769247668,1091834.6085967922,1213925.3452527414,1055.0,106.2618595825427,0.6091081593927894,0.745594215996385,5.845756739254209,2634.0,9.0,6.310344827586207,6.0,183.0,3.094966515810817,0,Moderate
ST GEORGES,2850000.0,2972134.566634585,-122134.56663458515,-4.285423390687199,122134.56663458515,17.522321428571427,3492921.538689975,3431876.1703620004,3553966.90701795,982.0,17.950202663578462,0.6045165026056746,0.5637010676156584,1.5270801161033682,1726.0,1.0,6.0,6.0,174.0,3.327375628243461,1,Low
ST MARYS,1115500.0,1139561.4791099895,-24061.47910998948,-2.1570129188695186,24061.47910998948,26.891842008121078,1446010.5516576555,1384965.183329681,1507055.91998563,785.0,104.28429093324478,0.5313849219528396,0.631013916500994,6.500391917992062,3010.0,4.0,9.06896551724138,9.0,263.0,3.7789930110202494,1,Low
ST PETERS,2400000.0,2409713.6184625686,-9713.618462568615,-0.40473410260702564,9713.618462568615,9.149497119421934,2630190.296570119,2569144.928242144,2691235.664898094,1097.0,46.41089108910891,0.6311881188118812,0.6427255985267035,3.1995474970268765,3231.0,11.0,8.464285714285714,8.5,237.0,3.382768347540472,0,Moderate
STEPNEY,1650000.0,1650333.0602667942,-333.0602667941712,-0.020185470714798252,333.0602667941712,12.730249693000408,1860424.5796048918,1799379.2112769173,1921469.9479328664,1075.0,116.64899257688228,0.6203605514316013,0.6674937965260546,6.226658228455614,942.0,3.0,2.92,3.0,73.0,1.7301252363147974,1,Low
STIRLING,1592500.0,1619376.759272201,-26876.759272200987,-1.6877085885212548,26876.759272200987,14.418809547241787,1852871.610043956,1791826.2417159814,1913916.9783719305,1058.0,28.03129074315515,0.5961538461538461,0.5933147632311978,1.8932231196234224,3067.0,12.0,11.20689655172414,12.0,325.0,3.811442456086556,0,Moderate
STONYFELL,1508000.0,1567095.637968006,-59095.63796800608,-3.9188088838200317,59095.63796800608,12.642857142857142,1765221.3007682466,1704175.932440272,1826266.6690962212,1070.0,14.20678768745067,0.6132596685082873,0.629126213592233,1.196560415694885,1266.0,3.0,5.022222222222222,5.0,226.0,2.407270133356349,1,Low
STURT,1020000.0,995577.5149539887,24422.48504601128,2.3943612790207136,24422.48504601128,14.857142857142858,1143491.8886042957,1082446.520276321,1204537.2569322702,635.0,59.18220946915351,0.49067431850789095,0.532258064516129,4.535422194993652,2787.0,7.0,7.793103448275862,7.0,226.0,3.716558607337358,0,Moderate
SUMMERTOWN,1400000.0,1407148.3045257716,-7148.304525771644,-0.5105931804122603,7148.304525771644,13.492063492063492,1597001.6471998836,1535956.278871909,1658047.0155278582,876.0,11.952191235059761,0.5312084993359893,0.6405228758169934,1.0578364086790668,752.0,3.0,2.0,2.0,44.0,1.1547005383792517,1,Low
SURREY DOWNS,867500.0,832759.0307509314,34740.96924906864,4.004722680007912,34740.96924906864,17.90352504638219,981852.252397434,920806.8840694594,1042897.6207254085,828.0,48.52634712712116,0.39565346829413517,0.6436993367722919,3.031561698670187,3358.0,13.0,14.241379310344827,15.0,413.0,3.2912782190618497,0,Moderate
TAPEROO,857000.0,824389.040877566,32610.959122434026,3.80524610530152,32610.959122434026,20.201207243460765,990925.5795176217,929880.2111896471,1051970.9478455964,585.0,125.19224853891112,0.32513072900645956,0.47458893871449925,8.018641942955181,3250.0,9.0,9.310344827586206,9.0,270.0,3.3391984525359857,0,Moderate
TEA TREE GULLY,900000.0,858128.1560428841,41871.843957115896,4.652427106346211,41871.843957115896,19.568917686223987,1026054.5485412277,965009.1802132531,1087099.9168692024,799.0,27.142857142857142,0.442,0.5957951848084097,2.2703799487803855,3499.0,11.0,14.10344827586207,14.0,409.0,4.59304464525444,0,Moderate
TENNYSON,3720000.0,3941684.486207812,-221684.4862078121,-5.959260381930433,221684.4862078121,37.309292649098474,5412299.086471198,5351253.718143224,5473344.4547991725,1032.0,37.78558875219684,0.5333919156414763,0.6032504780114722,2.153607238273473,1137.0,8.0,3.4285714285714284,3.0,96.0,1.9327311596416443,0,Moderate
TERINGIE,1327500.0,1353265.0736166928,-25765.073616692796,-1.940871835532414,25765.073616692796,14.557305812058662,1550264.0088308556,1489218.640502881,1611309.3771588302,978.0,12.01923076923077,0.5588942307692307,0.6130434782608696,1.391069274044315,831.0,2.0,2.6153846153846154,2.5,68.0,1.2025613689761725,1,Low
THEBARTON,1495000.0,1411150.495163279,83849.50483672111,5.608662530884356,83849.50483672111,,,,,831.0,130.28413028413027,0.5717255717255717,0.645933014354067,7.304189116598536,1442.0,4.0,3.5,3.5,91.0,1.838477631085024,1,Low
TONSLEY,800000.0,823770.6512445112,-23770.651244511246,-2.9713314055639057,23770.651244511246,,,,,788.0,102.15053763440861,0.6129032258064516,0.6144578313253012,6.907495362652116,743.0,5.0,4.461538461538462,4.0,116.0,2.915212091505786,0,Moderate
TOORAK GARDENS,2910000.0,2912052.5464978693,-2052.5464978693053,-0.07053424391303455,2052.5464978693053,10.09635525764558,3206063.716881609,3145018.3485536342,3267109.085209584,1068.0,29.174664107485604,0.6337811900191939,0.5837471783295711,2.3683603188119227,2604.0,6.0,6.0,5.0,174.0,3.654742515847437,0,Moderate
TORRENS PARK,2340000.0,2446131.972974196,-106131.97297419608,-4.53555440060667,106131.97297419608,25.274725274725274,3064385.1090006414,3003339.7406726666,3125430.477328616,1001.0,40.55059523809524,0.5959821428571429,0.6350267379679144,2.9469448846858946,2687.0,10.0,9.655172413793103,9.0,280.0,3.912214043123384,0,Moderate
TORRENSVILLE,1559000.0,1635432.1018427992,-76432.10184279922,-4.902636423527853,76432.10184279922,23.590864917395525,2021244.6798042564,1960199.3114762818,2082290.048132231,799.0,91.46193140355145,0.5747993189005108,0.6615081598199212,5.2520558490306595,4110.0,6.0,10.758620689655173,10.0,312.0,3.6611392880768014,0,Moderate
TRANMERE,1511500.0,1563191.5822697224,-51691.58226972236,-3.4198863559194415,51691.58226972236,15.09232264334305,1799113.499399448,1738068.1310714735,1860158.8677274226,831.0,34.807831762146485,0.5699782451051486,0.6221064814814815,2.8800100674652303,4136.0,12.0,13.586206896551724,13.0,394.0,4.022412578995971,0,Moderate
TRINITY GARDENS,1606300.0,1656254.7342435012,-49954.73424350121,-3.1099255583328898,49954.73424350121,4.072,1723697.4270218967,1662652.0586939221,1784742.7953498713,923.0,60.07905138339921,0.5533596837944664,0.6819923371647509,3.648670842206383,1264.0,6.0,3.6206896551724137,3.0,105.0,1.9163542973843453,0,Moderate
TROTT PARK,1045000.0,1018108.1307618999,26891.86923810013,2.573384616086137,26891.86923810013,19.836734693877556,1220067.539557934,1159022.1712299595,1281112.9078859086,766.0,13.76,0.44096,0.6246553761323356,1.7450148536882322,3124.0,5.0,9.724137931034482,9.0,282.0,3.584655310428226,0,Moderate
TUSMORE,1975000.0,2100708.183672075,-125708.18367207516,-6.364971325168363,125708.18367207516,16.052227342549923,2437918.637118668,2376873.268790693,2498964.0054466426,1090.0,21.94148936170213,0.6389627659574468,0.6123417721518988,2.1695530007780306,1503.0,4.0,4.071428571428571,4.0,114.0,2.141798680385621,1,Low
UNDERDALE,1551000.0,1613123.6462498736,-62123.646249873564,-4.005393052860965,62123.646249873564,17.36734693877551,1893280.426445515,1832235.0581175403,1954325.7947734895,830.0,71.60493827160494,0.5267489711934157,0.6326234269119071,4.714486764638044,2429.0,4.0,6.620689655172414,7.0,192.0,2.569238257086111,1,Low
UNLEY,1671000.0,1708442.248996495,-37442.24899649504,-2.240709096139739,37442.24899649504,5.442739079102716,1801428.3029265285,1740382.934598554,1862473.671254503,1066.0,74.53726863431716,0.6283141570785392,0.6414705882352941,4.495893315060905,3997.0,3.0,8.03448275862069,8.0,233.0,3.5904909992595093,1,Low
UNLEY PARK,3037500.0,3042247.9445928405,-4747.944592840504,-0.15631093309762975,4747.944592840504,14.642857142857142,3487719.965051078,3426674.596723103,3548765.3333790526,1346.0,31.791907514450866,0.6315028901734104,0.6166242578456319,2.5545723467955703,1383.0,5.0,4.482758620689655,5.0,130.0,2.063642577980783,0,Moderate
UPPER STURT,1357000.0,1347969.6641002237,9030.335899776313,0.6654632203224992,9030.335899776313,23.950408565793186,1670813.905995177,1609768.5376672025,1731859.2743231517,1009.0,14.910536779324055,0.5228628230616302,0.6436498150431565,1.6804974961516013,1005.0,2.0,3.0851063829787235,3.0,145.0,1.396109302343053,1,Low
URAIDLA,1170000.0,1161867.9432969787,8132.056703021284,0.6950475814548106,8132.056703021284,10.66098081023454,1285734.4617721364,1224689.0934441618,1346779.830100111,872.0,12.027491408934708,0.4742268041237113,0.6645702306079665,1.331467629079503,581.0,3.0,1.809523809523809,1.0,38.0,1.077916862241593,1,Low
URRBRAE,1350000.0,1286632.5775212066,63367.42247879342,4.69388314657729,63367.42247879342,2.7436140018921487,1321932.8090709844,1260887.4407430098,1382978.177398959,907.0,20.54154995331466,0.6265172735760971,0.5851428571428572,2.0720433487079983,1070.0,5.0,4.0,4.0,116.0,1.945691210268034,0,Moderate
VALE PARK,1478000.0,1500340.447038439,-22340.447038439102,-1.5115322759431056,22340.447038439102,14.055608820709493,1711222.431253046,1650177.0629250715,1772267.7995810206,890.0,33.42845495311863,0.5801059926620464,0.6149732620320856,2.3634920111172026,2452.0,13.0,10.377777777777778,10.0,467.0,3.6199503317090422,0,Moderate
VALLEY VIEW,920000.0,894165.1781846007,25834.821815399337,2.8081328060216673,25834.821815399337,20.43786432629747,1076913.4441549652,1015868.0758269907,1137958.8124829398,696.0,43.86512644395879,0.44161723384327195,0.5667044595616024,3.6167824084690534,6405.0,30.0,28.176470588235293,28.0,2395.0,4.743859365608582,0,High
VIRGINIA,883000.0,832859.6301145435,50140.369885456515,5.678411085555664,50140.369885456515,9.292389853137518,910252.193874186,849206.8255462114,971297.5622021606,832.0,72.10144927536231,0.33260869565217394,0.6378908072795147,4.228430147410026,2759.0,18.0,10.862068965517242,8.0,315.0,8.27528220464429,0,High
VISTA,965000.0,920875.3437980777,44124.656201922335,4.572503233359828,44124.656201922335,21.992481203007515,1123398.6806860007,1062353.3123580262,1184444.0490139753,848.0,19.305019305019304,0.4777992277992278,0.6130177514792899,1.6524138009288518,1035.0,7.0,4.241379310344827,5.0,123.0,1.7658501071679955,0,Moderate
WALKERVILLE,2207500.0,2379832.5366199412,-172332.53661994124,-7.806683425591903,172332.53661994124,11.994047619047619,2665270.784315726,2604225.415987751,2726316.1526437006,981.0,80.5439330543933,0.5892608089260809,0.5192307692307693,4.695554298008639,2867.0,8.0,6.928571428571429,7.0,194.0,2.801171334738532,0,Moderate
WALKLEY HEIGHTS,1260000.0,1292673.5905246795,-32673.590524679516,-2.593142105133295,32673.590524679516,18.00128122998078,1525371.3989407173,1464326.0306127428,1586416.767268692,715.0,29.880478087649404,0.4447922595332954,0.5736786839341967,2.2523969749282813,3513.0,7.0,8.894736842105264,8.0,507.0,3.2824436156963253,0,Moderate
WARRADALE,1355000.0,1381575.0038924639,-26575.003892463865,-1.9612548998128314,26575.003892463865,17.343604108309993,1621189.9030269412,1560144.5346989667,1682235.2713549158,854.0,36.366770079283,0.5125818683212685,0.608155661353757,2.595187166386785,5801.0,19.0,20.310344827586206,19.0,589.0,5.910664987218697,0,High
WATERFALL GULLY,1295000.0,1447930.9472052832,-152930.9472052832,-11.809339552531522,152930.9472052832,,,,,1359.0,24.691358024691358,0.5555555555555556,0.6854838709677419,2.2121606519123906,161.0,2.0,1.1666666666666667,1.0,28.0,0.3806934938134405,1,Low
WATTLE PARK,1851000.0,1928355.4090792276,-77355.4090792276,-4.1791144829404425,77355.4090792276,16.461794019933556,2245797.304494097,2184751.936166122,2306842.6728220717,952.0,15.906680805938493,0.6240721102863203,0.5899419729206963,1.6685348156566242,1885.0,4.0,6.448275862068965,6.0,187.0,2.772134387802909,1,Low
WAYVILLE,1430000.0,1496885.325365795,-66885.32536579506,-4.677295480125529,66885.32536579506,2.6533996683250414,1536603.6756242574,1475558.3072962828,1597649.043952232,979.0,115.4446177847114,0.6515860634425377,0.6464221286831028,6.588579341116462,1922.0,2.0,2.333333333333333,2.0,63.0,1.3587324409735149,1,Low
WELLAND,1332500.0,1407886.6043761305,-75386.6043761305,-5.657531285263078,75386.6043761305,,,,,676.0,171.2018140589569,0.4943310657596372,0.6013245033112583,9.607373512008886,881.0,4.0,2.083333333333333,2.0,50.0,1.0598058340078629,1,Low
WEST BEACH,1530000.0,1569632.9712142032,-39632.971214203164,-2.5903902754381156,39632.971214203164,11.353162966066192,1747835.9604052585,1686790.592077284,1808881.328733233,896.0,43.663060278207105,0.527047913446677,0.5958029197080292,3.247038117778119,5175.0,19.0,13.912280701754383,13.0,793.0,4.163106248234029,0,High
WEST CROYDON,1290000.0,1341471.3847341528,-51471.384734152816,-3.9900298243529315,51471.384734152816,19.528178243774573,1603436.3078342692,1542390.9395062947,1664481.6761622438,784.0,63.8699033702569,0.5180296959698326,0.6241783366676193,4.251478110255602,4242.0,10.0,11.862068965517242,12.0,344.0,3.440557865179035,0,Moderate
WEST LAKES,1667500.0,1761481.5500360162,-93981.55003601615,-5.63607496467863,93981.55003601615,18.799603174603174,2092633.0914366362,2031587.7231086616,2153678.459764611,791.0,107.99231791992908,0.4721524597429458,0.5124833555259654,5.929205093932076,6768.0,16.0,19.13793103448276,19.0,555.0,6.033976051914185,0,High
WEST LAKES SHORE,1360000.0,1393059.6213844935,-33059.62138449354,-2.4308545135657016,33059.62138449354,17.564402810304447,1637742.224672168,1576696.8563441935,1698787.5930001426,849.0,38.92493049119555,0.46709916589434664,0.5796460176991151,2.5985500193165936,3236.0,14.0,10.06896551724138,10.0,292.0,3.584998849200439,0,Moderate
WEST RICHMOND,1100000.0,1102728.0599087207,-2728.0599087206647,-0.24800544624733314,2728.0599087206647,16.526610644257705,1284971.632834812,1223926.2645068374,1346017.0011627865,724.0,81.80147058823529,0.4880514705882353,0.5982436882546652,5.326196866441273,1087.0,5.0,3.8846153846153846,4.0,101.0,1.4512594000225618,0,Moderate
WESTBOURNE PARK,2490500.0,2688445.217786039,-197945.21778603923,-7.9480111538261085,197945.21778603923,23.36356764928193,3316561.9349573655,3255516.5666293907,3377607.3032853403,884.0,25.730994152046787,0.5637426900584795,0.6011209715086409,2.082295302609912,2564.0,2.0,5.793103448275862,5.0,168.0,2.6909811055347133,1,Low
WILLASTON,760000.0,708876.7939499413,51123.20605005871,6.72673763816562,51123.20605005871,21.66508987701041,862455.588476466,801410.2201484914,923500.9568044406,713.0,50.5926568372362,0.34113905753107837,0.5493257629524485,4.001205903814375,3458.0,13.0,17.93103448275862,18.0,520.0,4.3583338435261725,0,Moderate
WILLUNGA,1115750.0,1097538.4449105368,18211.555089463247,1.6322254169359844,18211.555089463247,14.82713633398565,1260271.966455328,1199226.5981273535,1321317.3347833026,780.0,24.529844644317254,0.4832379394930499,0.5911354581673307,2.114371949023978,2445.0,14.0,9.10344827586207,9.0,264.0,3.7449473349930993,0,Moderate
WILLUNGA SOUTH,1400000.0,1466963.1573961882,-66963.15739618824,-4.783082671156303,66963.15739618824,,,,,776.0,19.108280254777068,0.4543524416135881,0.6237113402061856,1.2829264011522137,470.0,1.0,1.1111111111111112,1.0,10.0,0.3333333333333333,1,Low
WINDSOR GARDENS,982500.0,958598.9089949124,23901.091005087597,2.4326810183295264,23901.091005087597,17.98029556650247,1130957.8261294656,1069912.457801491,1192003.1944574402,777.0,55.42210020590254,0.5274536719286205,0.6274796408435999,3.964097441517521,5827.0,12.0,20.448275862068964,21.0,593.0,4.162641734151109,0,Moderate
WOODCROFT,921750.0,891261.2984946215,30488.70150537847,3.3076974782075914,30488.70150537847,20.32100619485639,1072374.562174071,1011329.1938460965,1133419.9305020457,771.0,22.159442041140636,0.4146729054471616,0.6198567917067436,1.8500633910624023,11326.0,26.0,34.10344827586207,34.0,989.0,6.443960780596972,0,High
WOODFORDE,1590000.0,1608688.129272098,-18688.129272097955,-1.1753540422703115,18688.129272097955,8.31556503198294,1742459.6368235091,1681414.2684955345,1803505.0051514837,928.0,29.26829268292683,0.5785365853658536,0.6611764705882353,2.7328753946173325,1024.0,1.0,3.185185185185185,3.0,86.0,1.7549279414756835,1,Low
WOODSIDE,965000.0,944422.7556188904,20577.2443811096,2.132356930684933,20577.2443811096,,,,,757.0,15.544041450777202,0.4274611398963731,0.5755864465682016,1.3510471611573205,2701.0,15.0,9.692307692307692,8.0,126.0,4.250188532771524,0,High
WOODVILLE GARDENS,825000.0,815954.8600524266,9045.139947573422,1.0963805997058693,9045.139947573422,12.93302540415704,921482.5093894609,860437.1410614863,982527.8777174355,517.0,80.81226688769166,0.45047658516369665,0.4681064791562029,6.6584942321344,2412.0,4.0,5.481481481481482,5.0,148.0,4.3444958136294565,1,Low
WOODVILLE NORTH,1130000.0,1190976.2129237372,-60976.21292373724,-5.396125037498871,60976.21292373724,21.58730158730159,1448075.8398406077,1387030.4715126331,1509121.2081685823,643.0,86.33357825128581,0.4790595150624541,0.5637878123629987,6.024749904982343,2721.0,3.0,5.857142857142857,5.5,164.0,2.2724482753235917,1,Low
WOODVILLE PARK,1320000.0,1358275.8609831692,-38275.86098316917,-2.8996864381188767,38275.86098316917,18.509316770186334,1609683.4427055195,1548638.074377545,1670728.811033494,847.0,101.99676200755532,0.5051268213707502,0.6284403669724771,6.540079799518798,1852.0,3.0,4.928571428571429,5.0,138.0,1.923125762505588,1,Low
