Suburb,Actual_Price_2025,Predicted_Price_2025,Prediction_Error,Error_Percent,Absolute_Error,Historical_Growth_Rate,Forecast_Price_2026,Forecast_2026_Lower,Forecast_2026_Upper,Median_Income,Crime_Rate,Education_Rate,Employment_Rate,Risk_Score,Population,Expected_Growth_2026,Value_Gap,Value_Gap_Percent,Value_Category,Value_Score,Growth_Score,Safety_Score,Income_Score,Education_Score,Investment_Score,Price_Category,Crime_Rate_Risk,Crime_Risk_Category,Income_Risk,Employment_Risk,Education_Risk,Economic_Risk,Economic_Risk_Category,Prediction_Error_Abs,Prediction_Uncertainty_Risk,Growth_Risk,Price_Level_Risk,Market_Risk,Market_Risk_Category,Total_Risk_Score,Total_Risk_Category,Risk_Adjusted_Return,Investment_Strategy
ABERFOYLE PARK,941688.0,916581.244272926,25106.75572707388,2.6661437468751727,25106.75572707388,15.609142857142857,1059651.7200932647,998606.35176529,1120697.0884212393,783.0,25.456163773920785,0.4667556742323097,0.6111946712505372,2.249042083867443,11234.0,12.52683692404116,-25106.75572707388,-2.7391740649231475,Fairly Valued,48.61240196219764,45.11880108613938,97.60254440446934,38.2636655948553,50.18115795562469,56.141595375878765,Upper-Mid ($750k-$1M),1.2414886912392045,Very Low Crime Risk,61.736334405144696,26.423218654132043,49.81884204437532,48.75890120768703,Moderate Economic Risk,25106.75572707388,5.080381578835121,20,6.720583119357243,10.712298411373359,Very Low Market Risk,26.89435689348995,Low Risk,0.44908140280390196,Low Risk / Low Return (SAFE)
ADELAIDE,1585000.0,1616212.256035169,-31212.25603516865,-1.9692275101052776,31212.25603516865,8.300676879230494,1750368.813091169,1689323.4447631948,1811414.181419144,726.0,435.4227325166181,0.7148821622809427,0.5286210892236385,23.788969446683865,18202.0,10.43336360196652,31212.25603516865,1.9311978311399145,Fairly Valued,57.77942565220148,42.13259909132165,66.80440378443527,32.154340836012864,100.0,56.05100935077984,Premium (>$1M),29.48424206669124,Low Crime Risk,67.84565916398714,37.23343811077699,0.0,45.09286101522666,Moderate Economic Risk,31212.25603516865,6.322784803281596,20,17.377619481487617,13.873518791684543,Very Low Market Risk,34.16640688595761,Low Risk,0.2966855168286383,Low Risk / Low Return (SAFE)
ALBERT PARK,1240000.0,1251053.3525874545,-11053.352587454488,-0.8913994022140714,11053.352587454488,24.646781789638933,1559397.7424716463,1498352.374143672,1620443.110799621,752.0,53.90230207748456,0.4587310499719259,0.636963696369637,3.350807810372437,1780.0,25.75788245739085,11053.352587454488,0.8835236774349963,Fairly Valued,55.72304684551297,63.99201726166628,96.02722173955586,34.941050375133976,48.56997370988963,62.01851764424069,Premium (>$1M),3.201154014817768,Very Low Crime Risk,65.05894962486602,23.0496358461279,51.43002629011036,49.73037082429345,Moderate Economic Risk,11053.352587454488,2.2206661592878305,20,11.662387144868715,10.803863249932311,Very Low Market Risk,27.986304266578518,Low Risk,0.8886225101518006,Low Risk / High Return (BEST)
ALBERTON,1615000.0,1699079.807083455,-84079.80708345491,-5.206180005167487,84079.80708345491,15.293040293040296,1958920.7665916395,1897875.398263665,2019966.1349196136,779.0,111.23052122514775,0.4588930682428802,0.605625,6.235361836972228,1860.0,21.29540350412627,84079.80708345491,4.948549605081917,Fairly Valued,63.70189517033938,57.62658455633576,91.90283918984191,37.83494105037513,48.60250374210205,62.43327405992061,Premium (>$1M),7.150516909960324,Very Low Crime Risk,62.16505894962487,27.152378841225058,51.39749625789795,49.507742378759545,Moderate Economic Risk,84079.80708345491,17.08075918318559,20,17.874596206411,18.300952724876986,Very Low Market Risk,30.559216807343265,Low Risk,0.6747760451131097,Low Risk / High Return (BEST)
ALDGATE,1625000.0,1652577.1385094402,-27577.13850944024,-1.6970546775040147,27577.13850944024,13.68330464716007,1878704.3029010077,1817658.934573033,1939749.671228982,995.0,14.112903225806452,0.5771889400921659,0.6257163323782235,1.462033000220751,3471.0,15.612572486215845,27577.13850944024,1.6687353265889744,Fairly Valued,57.26426325175444,49.520399899977775,98.72782287078566,60.9860664523044,72.35395164477872,65.68824865700145,Premium (>$1M),0.4600471431725013,Very Low Crime Risk,39.0139335476956,24.522097983186924,27.646048355221282,32.39280583984814,Low Economic Risk,27577.13850944024,5.583077734686561,20,18.040255114718796,13.743294872554324,Very Low Market Risk,19.083076037386682,Very Low Risk,0.7773994609765684,Low Risk / Low Return (SAFE)
ALDINGA,879800.0,827490.7179225704,52309.28207742958,5.945587869678288,52309.28207742958,22.680672268907564,1015171.1757102188,954125.8073822444,1076216.5440381935,627.0,154.24836601307192,0.4261437908496732,0.5039494470774092,8.189822857953516,764.0,15.386585100047606,-52309.28207742958,-6.321434300647254,Overvalued,41.58112797043624,49.19804375802778,89.10831883948701,21.54340836012862,42.02710306500936,50.02973465905545,Upper-Mid ($750k-$1M),10.114032654219308,Very Low Crime Risk,78.45659163987138,40.463355711658934,57.97289693499063,62.961881920431495,High Economic Risk,52309.28207742958,10.61580124067089,20,5.695353267621966,12.670158813173849,Very Low Market Risk,37.04918251911631,Low Risk,0.40438674582081297,Low Risk / Low Return (SAFE)
ALDINGA BEACH,840000.0,795252.878954706,44747.12104529399,5.327038219677855,44747.12104529399,19.3984962406015,949519.97878201,888474.6104540353,1010565.3471099844,658.0,37.87026621672291,0.3594863142107236,0.5571479331990998,3.2976906622660245,10667.0,13.038092712144037,-44747.12104529399,-5.626778881217049,Overvalued,42.94460026515309,45.84807383979546,96.10316950712078,24.866023579849948,28.643613354303483,50.1602973133268,Upper-Mid ($750k-$1M),2.0967009460943205,Very Low Crime Risk,75.13397642015005,33.49881214190779,71.35638664569652,61.88790918178666,High Economic Risk,44747.12104529399,9.076983326330215,20,5.036030812556945,11.889801033671322,Very Low Market Risk,33.95092508145589,Low Risk,0.3730399891206808,Low Risk / Low Return (SAFE)
ALLENBY GARDENS,1196500.0,1192215.9229582052,4284.077041794779,0.3580507347927103,4284.077041794779,8.580984233158146,1294519.7833324496,1233474.415004475,1355565.1516604242,796.0,44.47702834799609,0.5263929618768328,0.6456647398843931,3.136290317450722,2045.0,8.192209221266161,-4284.077041794779,-0.3593373447961375,Fairly Valued,53.28355451219807,38.935739780160425,96.33394236127278,39.65702036441586,62.15513395666792,57.14985622128325,Premium (>$1M),2.5518433106438887,Very Low Crime Risk,60.342979635584136,21.910528306071214,37.84486604333208,44.313621518279845,Moderate Economic Risk,4284.077041794779,0.8431918589517943,40,10.94177089372981,17.072719467013172,Very Low Market Risk,26.336907645735725,Low Risk,0.299675783648633,Low Risk / Low Return (SAFE)
ANDREWS FARM,730000.0,695834.6525856121,34165.347414387856,4.680184577313405,34165.347414387856,23.498964803312635,859348.5926859579,798303.2243579833,920393.9610139324,772.0,51.95402298850575,0.3211494252873563,0.6356327383823765,4.456855427401963,8699.0,17.718985299446288,-34165.347414387856,-4.909980738589951,Fairly Valued,44.35153438103204,52.525059227828585,94.44577675750207,37.08467309753483,20.94633190415998,52.9832146278134,Mid-Range ($500k-$750k),3.066936324859947,Very Low Crime Risk,62.91532690246517,23.22387980620188,79.05366809584002,54.23556101226115,Moderate Economic Risk,34165.347414387856,6.923706933571673,20,3.2137828211712085,10.572928478721472,Very Low Market Risk,30.152447099332857,Low Risk,0.568783095688998,Low Risk / Low Return (SAFE)
ANGLE PARK,1041000.0,1155417.3637743054,-114417.36377430544,-10.991101227118678,114417.36377430544,18.00760459576427,1363480.3540735857,1302434.9857456111,1424525.7224015603,516.0,153.59897172236504,0.4106683804627249,0.441469013006886,10.018506943593776,1555.0,30.97793987258268,114417.36377430544,9.90268688714767,Undervalued,73.42589463738626,71.43808581288195,86.49363640948074,9.646302250803858,38.91994980740088,62.52495744469318,Premium (>$1M),10.069295633705394,Very Low Crime Risk,90.35369774919614,48.643056621675974,61.08005019259911,71.98577589962069,High Economic Risk,114417.36377430544,23.25412358455471,50,8.36577486954361,28.89309315120779,Low Market Risk,44.79229527016352,Moderate Risk,0.676488035592457,High Risk / High Return (AGGRESSIVE)
ANGLE VALE,853500.0,819882.2032667454,33617.79673325457,3.9388162546285375,33617.79673325457,9.505226480836235,897813.8635633197,836768.4952353451,958859.2318912942,894.0,97.72951628825273,0.3499506416584402,0.6938255887969447,5.224299269246219,4051.0,5.192016820541261,-33617.79673325457,-4.100320338617857,Fairly Valued,45.94073888820604,34.65616265949134,93.34847299407804,50.160771704180064,26.729040797358333,51.3129767655131,Upper-Mid ($750k-$1M),6.220427527494601,Very Low Crime Risk,49.839228295819936,15.60549304923319,73.27095920264168,44.25545390320826,Moderate Economic Risk,33617.79673325457,6.812286296857277,40,5.259670338772468,18.039832103436027,Very Low Market Risk,27.601821630539717,Low Risk,0.1815274875708428,Low Risk / Low Return (SAFE)
ASCOT PARK,1050833.0,1050102.841930239,730.1580697610043,0.06948374001968,730.1580697610043,18.90780086285267,1248654.196137565,1187608.8278095904,1309699.5644655395,783.0,66.03510727222067,0.5592086932293118,0.6231319038336582,4.535891316431874,3588.0,18.82517927563799,-730.1580697610043,-0.069532053490958,Fairly Valued,53.85238543830109,54.10297217447432,94.33276995003372,38.2636655948553,68.74387726124964,61.16195023046891,Premium (>$1M),4.036987594902678,Very Low Crime Risk,61.736334405144696,24.860441543572463,31.256122738750364,44.577524213394156,Moderate Economic Risk,730.1580697610043,0.12000781710967778,20,8.528667274082665,9.180169945364536,Very Low Market Risk,25.33589237424079,Low Risk,0.7148107612275538,Low Risk / Low Return (SAFE)
ATHELSTONE,1092500.0,1084666.7984756527,7833.2015243473,0.7169978511988375,7833.2015243473,16.928571428571427,1268285.3922176023,1207240.0238896278,1329330.760545577,829.0,15.621745469693815,0.5169756300770673,0.6368944099378882,1.6847943028193628,9601.0,16.090196083991064,-7833.2015243473,-0.7221758364279028,Fairly Valued,52.571373743202464,50.20169854630346,98.40931511509206,43.19399785637727,60.264321858767126,60.50923164688832,Premium (>$1M),0.5639918611705186,Very Low Crime Risk,56.80600214362273,23.05870656238106,39.735678141232874,43.26774866877226,Moderate Economic Risk,7833.2015243473,1.5654002740818482,20,9.21891824732875,9.930889671464927,Very Low Market Risk,23.78924982703027,Low Risk,0.6490795887839359,Low Risk / Low Return (SAFE)
ATHOL PARK,862000.0,827157.7743168443,34842.2256831557,4.04202154096934,34842.2256831557,19.452054794520546,988056.9578140934,927011.5894861188,1049102.326142068,650.0,77.5691699604743,0.458498023715415,0.5712538226299694,5.5121015026533255,2023.0,14.623777008595528,-34842.2256831557,-4.212282924129215,Fairly Valued,45.72097830026616,48.10994818960663,92.9369686511928,24.008574490889604,48.5231866926848,52.78477911062198,Upper-Mid ($750k-$1M),4.831573575219038,Very Low Crime Risk,75.9914255091104,31.652122720959625,51.476813307315204,57.78671223230613,Moderate Economic Risk,34842.2256831557,7.061444334478846,20,5.400480410834092,11.174697836500062,Very Low Market Risk,32.57776775601879,Low Risk,0.4355196305738409,Low Risk / Low Return (SAFE)
AULDANA,2025000.0,1871633.5332786315,153366.46672136872,7.573652677598456,153366.46672136872,-2.526132404181185,1824353.5921069584,1763308.223778984,1885398.9604349327,1048.0,15.873015873015872,0.6111111111111112,0.5877862595419847,1.6069113826030574,629.0,-9.908464587310686,-153366.46672136872,-8.194257262141976,Overvalued,37.90514395090294,13.11631917194778,98.5206733888837,66.66666666666666,79.16484593134066,52.27124224916863,Premium (>$1M),0.5813019751472247,Very Low Crime Risk,33.33333333333334,29.487758928266175,20.835154068659335,29.68002515887839,Low Economic Risk,153366.46672136872,31.179844434420563,80,24.666611447030565,46.638590635525865,Moderate Market Risk,24.342121299088536,Low Risk,-0.3909879709899051,Low Risk / Low Return (SAFE)
BALHANNAH,978500.0,1016757.3618533504,-38257.361853350536,-3.909796816898369,38257.361853350536,,,,,843.0,18.782014797951053,0.4530449630051223,0.6089074460681977,1.327192814869244,1756.0,,38257.361853350536,3.762683535786239,Fairly Valued,61.374272747043946,50.0,98.9206195743092,44.69453376205787,47.42832103637804,62.1434179069215,Upper-Mid ($750k-$1M),0.7817040212417768,Very Low Crime Risk,55.30546623794213,26.722653480149404,52.57167896362197,46.183864955740276,Moderate Economic Risk,38257.361853350536,7.756387578384419,50,7.330406692619896,22.435156704508742,Low Market Risk,27.81347502514442,Low Risk,,Unknown Growth
BANKSIA PARK,845000.0,782698.0253053866,62301.97469461337,7.373014756758979,62301.97469461337,14.15110213696786,893458.4222903824,832413.0539624079,954503.790618357,794.0,21.51180161338512,0.4263519569763968,0.6146449704142012,1.8788320537042928,3346.0,5.734724531406206,-62301.97469461337,-7.959899307310109,Overvalued,38.36514263445435,35.43029951220357,98.13187676366728,39.442658092175776,42.068898664777,50.11678160142473,Upper-Mid ($750k-$1M),0.9697600767204183,Very Low Crime Risk,60.557341907824224,25.971518603889137,57.93110133522299,49.65634680212345,Moderate Economic Risk,62301.97469461337,12.649206023573232,40,5.1188602667108425,20.339397476107003,Low Market Risk,29.186980919299252,Low Risk,0.18997343744766013,Low Risk / Low Return (SAFE)
BEAUMONT,1620000.0,1679077.8610745028,-59077.86107450281,-3.646781547808816,59077.86107450281,9.947643979057592,1846106.5488253692,1785061.1804973949,1907151.917153344,1096.0,20.13177159590044,0.6277452415812591,0.6013363028953229,1.7822824975103542,2731.0,13.957194371936383,59077.86107450281,3.518470610808765,Fairly Valued,60.8949306906735,47.1591119031763,98.26992489903824,71.81136120042872,82.50464703421771,68.73441104628985,Premium (>$1M),0.8746892821576485,Very Low Crime Risk,28.18863879957128,27.713838762747343,17.49535296578229,25.9075416217663,Low Economic Risk,59077.86107450281,11.993133800909282,20,17.957425660564898,16.286609935504938,Very Low Market Risk,16.473499582631433,Very Low Risk,0.7987635393776391,Low Risk / Low Return (SAFE)
BEDFORD PARK,987500.0,1019205.0899395926,-31705.08993959264,-3.210642019199254,31705.08993959264,20.54673721340388,1228618.4814351173,1167573.1131071427,1289663.849763092,470.0,101.96494954859268,0.6744556558682953,0.4856486796785304,7.708545698811872,1882.0,24.41706141115112,31705.08993959264,3.110766444609472,Fairly Valued,60.09468740529129,62.07942423229501,89.796456797187,4.715969989281887,91.88316510173286,61.40326564766411,Upper-Mid ($750k-$1M),6.512208141159818,Very Low Crime Risk,95.28403001071811,42.859222609408945,8.116834898267143,62.12314876783516,High Economic Risk,31705.08993959264,6.423071168210792,20,7.479499710096911,11.439103394808544,Very Low Market Risk,35.30305750522724,Low Risk,0.6725896684496984,Low Risk / High Return (BEST)
BELAIR,1330000.0,1343240.1534587615,-13240.15345876175,-0.9955002600572744,13240.15345876175,14.611624117327535,1539509.3556751695,1478463.987347195,1600554.724003144,977.0,23.09811400720492,0.5838101292646747,0.5945809065586224,1.8953292200384475,4718.0,15.75258313347139,13240.15345876175,0.9856877360812332,Fairly Valued,55.923574847719046,49.72011587902635,98.10828884528512,59.05680600214362,73.68335416091189,65.05561550954206,Premium (>$1M),1.0790417429120682,Very Low Crime Risk,40.943193997856376,28.59822957060352,26.31664583908811,34.314395037926865,Low Economic Risk,13240.15345876175,2.6656564658368955,20,13.153317319638862,11.354591916244473,Very Low Market Risk,19.751828425085947,Very Low Risk,0.7590937439724013,Low Risk / Low Return (SAFE)
BELLEVUE HEIGHTS,1178000.0,1163173.0779044165,14826.92209558352,1.2586521303551377,14826.92209558352,17.51130305688643,1366859.8406523727,1305814.472324398,1427905.2089803473,764.0,11.057869517139697,0.5399926280869886,0.5167318557149065,1.6147092935669916,2712.0,16.03224453755286,-14826.92209558352,-1.2746961202279403,Fairly Valued,51.48688483235746,50.11903447709762,98.50952380818342,36.227224008574495,64.88567525481092,59.6003799573856,Premium (>$1M),0.2495847050957021,Very Low Crime Risk,63.772775991425505,38.78993136498535,35.11432474518908,50.54623235424617,Moderate Economic Risk,14826.92209558352,2.9885467076446277,20,10.635301913360392,10.854244161397949,Very Low Market Risk,27.518840420931387,Low Risk,0.5621632682437538,Low Risk / Low Return (SAFE)
BEULAH PARK,1450000.0,1454580.5785155408,-4580.578515540808,-0.3159019665890212,4580.578515540808,8.278867102396514,1575003.3715081129,1513958.0031801383,1636048.7398360877,1082.0,27.46566791510612,0.6067415730337079,0.7068965517241379,1.8359469388861132,1601.0,8.620922172973302,4580.578515540808,0.3149071686503251,Fairly Valued,54.60696420315416,39.54727060698909,98.19319460260095,70.31082529474813,78.28752997447931,64.28292262487386,Premium (>$1M),1.3799241984087338,Very Low Crime Risk,29.689174705251872,13.894292271887721,21.712470025520687,23.35536903929639,Low Economic Risk,4580.578515540808,0.9035266994147131,40,15.141224219332393,18.146716734598982,Very Low Market Risk,15.721005126090612,Very Low Risk,0.5155743992639324,Low Risk / Low Return (SAFE)
BEVERLEY,1140000.0,1151332.528371422,-11332.528371422086,-0.9940814360896568,11332.528371422086,18.44938980617373,1363746.3544959414,1302700.9861679669,1424791.722823916,816.0,86.13046231792273,0.4819506016466118,0.6453576864535768,5.83495499106745,1578.0,19.62687320139837,11332.528371422086,0.9842967250697002,Fairly Valued,55.92084456602424,55.246535827803534,92.47534745032416,41.80064308681672,53.23199583545835,60.67625286339133,Premium (>$1M),5.4213642729535,Very Low Crime Risk,58.19935691318328,21.95072657397435,46.768004164541644,45.03849726169227,Moderate Economic Risk,11332.528371422086,2.2774754094206746,20,10.005798061790774,10.412439679215964,Very Low Market Risk,26.22814584857538,Low Risk,0.7208303242736332,Low Risk / Low Return (SAFE)
BIRDWOOD,777000.0,785529.9961509141,-8529.996150914114,-1.097811602434249,8529.996150914114,,,,,776.0,21.060275962236744,0.420479302832244,0.6360360360360361,1.7370580116085474,1376.0,,8529.996150914114,1.085890569769579,Fairly Valued,56.12025335013144,50.0,98.33458760902847,37.51339764201501,40.88978702905575,58.71898187605296,Upper-Mid ($750k-$1M),0.9386543022979248,Very Low Crime Risk,62.48660235798499,23.17108161051516,59.11021297094424,50.0166682563359,Moderate Economic Risk,8529.996150914114,1.7071904382189016,50,3.9923796902178412,19.180971097842022,Very Low Market Risk,29.126124638425733,Low Risk,,Unknown Growth
BIRKENHEAD,840000.0,802022.3673737587,37977.632626241306,4.521146741219203,37977.632626241306,14.56043956043956,918800.3494364212,857754.9811084467,979845.717764396,858.0,58.92162312395775,0.4408004446914952,0.6579826319305278,4.012855870056324,1798.0,9.380993980526345,-37977.632626241306,-4.735233600853299,Fairly Valued,44.69452872645935,40.63146304640853,95.08061459014812,46.30225080385852,44.96986636443472,54.02467155459181,Upper-Mid ($750k-$1M),3.5469369572233207,Very Low Crime Risk,53.69774919614148,20.29791670568551,55.03013363556529,43.94427633688945,Moderate Economic Risk,37977.632626241306,7.69946570856293,40,5.036030812556945,18.338793986564408,Very Low Market Risk,26.703978052924604,Low Risk,0.338615413375121,Low Risk / Low Return (SAFE)
BLACK FOREST,1485500.0,1557032.4498874992,-71532.44988749921,-4.815378652810449,71532.44988749921,10.505674232309747,1720609.2067640314,1659563.8384360569,1781654.575092006,894.0,47.90721129601614,0.5809379727685325,0.6403091557669441,3.541704946091062,1982.0,15.826940879436648,71532.44988749921,4.59415279962005,Fairly Valued,63.006283775009344,49.82618231273259,95.7542738910885,50.160771704180064,73.10668251278061,65.34406949580872,Premium (>$1M),2.788149922987232,Very Low Crime Risk,49.839228295819936,22.611661019549544,26.89331748721939,37.08177595121871,Low Economic Risk,71532.44988749921,14.527507811161408,20,15.729313343825064,16.74333146042083,Very Low Market Risk,22.725999244589694,Low Risk,0.6670716253624475,Low Risk / Low Return (SAFE)
BLACKWOOD,1290000.0,1302704.208098399,-12704.208098398987,-0.984822333209224,12704.208098398987,22.75664034458004,1599155.9194890612,1538110.551161087,1660201.2878170358,869.0,29.76329974220764,0.5345676119053199,0.6001129624399887,2.1267462522730574,4266.0,23.965575154190795,12704.208098398987,0.9752181669040392,Fairly Valued,55.90302513758733,61.43540878344677,97.7774049857167,47.48124330117899,63.79644037961387,65.18707126741947,Premium (>$1M),1.5382089318186538,Very Low Crime Risk,52.51875669882101,27.87399384464807,36.20355962038613,41.86228842688215,Moderate Economic Risk,12704.208098398987,2.556597386278908,20,12.490681686407687,11.145309376113484,Very Low Market Risk,23.62166876820937,Low Risk,0.9733529997420117,Low Risk / High Return (BEST)
BLAIR ATHOL,970000.0,951438.4273150164,18561.572684983723,1.913564194328219,18561.572684983723,13.765182186234815,1082405.6602247756,1021360.291896801,1143451.02855275,640.0,141.99052132701422,0.4464454976303317,0.53701989819528,9.278709539101069,5274.0,11.588212394306757,-18561.572684983723,-1.9508958385636117,Fairly Valued,50.159637457821326,43.77991493291148,87.55141084437668,22.936763129689176,46.10328022485623,51.553994631388605,Upper-Mid ($750k-$1M),9.269585055858668,Very Low Crime Risk,77.06323687031082,36.13389796816446,53.89671977514378,60.151131780633506,High Economic Risk,18561.572684983723,3.7485076773132446,20,7.189596620558271,10.296802226064866,Very Low Market Risk,34.91580185228733,Low Risk,0.32264941325732227,Low Risk / Low Return (SAFE)
BLAKEVIEW,677500.0,644580.8463012108,32919.15369878919,4.858915675098036,32919.15369878919,13.367346938775508,730744.2043271889,669698.8359992143,791789.5726551635,855.0,59.354120267260576,0.3700445434298441,0.6547565877623939,4.273712295334964,8979.0,7.858923147924561,-32919.15369878919,-5.107063588328556,Overvalued,43.96469941528333,38.46032911857561,94.7076378046628,45.98070739549839,30.763494862611356,51.71947526074736,Mid-Range ($500k-$750k),3.5767318504785206,Very Low Crime Risk,54.01929260450161,20.720258144415837,69.23650513738865,47.07302477305329,Moderate Economic Risk,32919.15369878919,6.670120001720734,40,2.3440735525552885,17.254066388827116,Very Low Market Risk,28.060345219435625,Low Risk,0.2704346107584605,Low Risk / Low Return (SAFE)
BOWDEN,1455000.0,1363910.4710161004,91089.52898389964,6.260448727415782,91089.52898389964,,,,,1056.0,122.71973466003315,0.6838032061912659,0.6662686567164179,6.879409245667488,1808.0,,-91089.52898389964,-6.678556321665219,Overvalued,40.88016751166562,50.0,90.98196966577814,67.52411575562701,93.75996647309894,62.46505819730925,Premium (>$1M),7.9420132080964105,Very Low Crime Risk,32.47588424437299,19.21314183992405,6.240033526901058,23.249891379543925,Low Economic Risk,91089.52898389964,18.507161714037846,50,15.224053673486292,28.708878103986713,Low Market Risk,19.749325272998227,Very Low Risk,,Unknown Growth
BRADBURY,2392600.0,2088802.9677046807,303797.0322953188,12.697359871910004,303797.0322953188,,,,,907.0,11.1731843575419,0.5083798882681564,0.5761589403973509,0.8402701519208763,178.0,,-303797.0322953188,-14.54407318413338,Significantly Overvalued,25.44170115031428,50.0,99.61682956573436,51.554126473740624,58.53846861834875,53.642842091137126,Premium (>$1M),0.25752878845839466,Very Low Crime Risk,48.445873526259376,31.009963349590592,41.46153138165125,41.818232044337115,Moderate Economic Risk,303797.0322953188,61.790836211227706,50,30.75623291642508,49.90539271359736,Moderate Market Risk,30.96745320142555,Low Risk,,Unknown Growth
BRAHMA LODGE,780000.0,753378.6713519294,26621.32864807057,3.41299085231674,26621.32864807057,29.156223893066,973035.443533904,911990.0752059292,1034080.8118618784,521.0,69.50606329488316,0.3179532682638272,0.4676877101232723,5.903272155942803,3380.0,24.74813378639794,-26621.32864807057,-3.533592024884233,Fairly Valued,47.05311537414957,62.551677199154575,92.37766645005182,10.182207931404074,20.304607422600363,51.78717913401452,Upper-Mid ($750k-$1M),4.2761030799182915,Very Low Crime Risk,89.81779206859592,45.2106044652089,79.69539257739964,74.41115588934056,High Economic Risk,26621.32864807057,5.3885807739462575,20,4.042077362710179,10.165951650256048,Very Low Market Risk,40.52159919869698,Moderate Risk,0.5960303616430693,High Risk / High Return (AGGRESSIVE)
BRIDGEWATER,1072500.0,1051134.39057234,21365.609427660005,1.992131415166434,21365.609427660005,12.653061224489797,1184135.0685631258,1123089.7002351512,1245180.4368911004,962.0,11.827956989247312,0.5172043010752688,0.6854589205912685,1.2618454274553568,3719.0,10.40886420169005,-21365.609427660005,-2.032623955536883,Fairly Valued,49.99922119952186,42.097652308286,99.01405433817004,57.449088960342976,60.31023442710727,59.97537709132424,Premium (>$1M),0.3026363249362238,Very Low Crime Risk,42.550911039657024,16.700825444948208,39.68976557289273,34.22365626789152,Low Economic Risk,21365.609427660005,4.319098802490751,20,8.887600430713162,10.949539628674591,Very Low Market Risk,19.392526957161547,Very Low Risk,0.5104254231736893,Low Risk / Low Return (SAFE)
BRIGHTON,1428000.0,1460976.8954301537,-32976.8954301537,-2.309306402671828,32976.8954301537,8.948909860071591,1591718.4008786706,1530673.032550696,1652763.7692066452,875.0,89.4393741851369,0.5340286831812255,0.5628201265441398,4.91452153198177,3834.0,11.464874011111387,32976.8954301537,2.257181173316526,Fairly Valued,58.41926699391532,43.60398084191929,93.79139827198294,48.12433011789925,63.6882342578492,60.772527906520814,Premium (>$1M),5.649316474259672,Very Low Crime Risk,51.87566988210075,32.75623015193878,36.311765742150804,43.027057135062165,Moderate Economic Risk,32976.8954301537,6.681869819035013,20,14.776774621055248,13.366941582877816,Very Low Market Risk,25.881711826384546,Low Risk,0.4264934497161952,Low Risk / Low Return (SAFE)
BROADVIEW,1173000.0,1184443.5450382575,-11443.545038257493,-0.9755792871489763,11443.545038257493,13.412042502951596,1343301.616722255,1282256.2483942804,1404346.9850502296,897.0,63.80588631768141,0.5493147607279263,0.6579514824797844,4.188390998827759,4450.0,14.518466898742968,11443.545038257493,0.9661536918492696,Fairly Valued,55.885233351533934,47.9597302447204,94.82963159059582,50.482315112540185,66.75737326338695,61.96951347797917,Premium (>$1M),3.8834157126110846,Very Low Crime Risk,49.517684887459815,20.30199467336263,33.24262673661305,37.4979661930613,Low Economic Risk,11443.545038257493,2.300066099435176,20,10.552472459206493,10.558144554575694,Very Low Market Risk,22.025636721229116,Low Risk,0.630534871826466,Low Risk / Low Return (SAFE)
BROMPTON,1160000.0,1135790.1819619895,24209.81803801027,2.087053279138817,24209.81803801027,17.099567099567096,1330005.3862368756,1268960.017908901,1391050.75456485,856.0,128.686327077748,0.5973190348525469,0.6155001501952538,7.49713782574053,3729.0,14.655636744558237,-24209.81803801027,-2.13153964724274,Fairly Valued,49.80506910427972,48.15539400736938,90.09873123355642,46.08788853161844,76.39567253920077,59.55286601350039,Premium (>$1M),8.353054036772185,Very Low Crime Risk,53.91211146838156,25.859561717907695,23.604327460799226,39.43478974172294,Low Economic Risk,24209.81803801027,4.897864467904381,20,10.337115878406362,11.543424756763343,Very Low Market Risk,24.531996033245793,Low Risk,0.5740106149740427,Low Risk / Low Return (SAFE)
BROOKLYN PARK,1165000.0,1170467.6804994904,-5467.680499490351,-0.469328798239515,5467.680499490351,17.719780219780223,1377871.9810275594,1316826.6126995848,1438917.349355534,782.0,62.28922832771276,0.5338226542352708,0.630586592178771,4.235252795417972,5040.0,18.27227304957591,5467.680499490351,0.4671363926218834,Fairly Valued,54.9057603019476,53.314287810645176,94.76262782699057,38.156484458735264,63.64686776128604,60.840985053582585,Premium (>$1M),3.778932564882819,Very Low Crime Risk,61.843515541264736,23.884502084323728,36.35313223871396,45.357734843672276,Moderate Economic Risk,5467.680499490351,1.0840423508201424,20,10.419945332560259,10.038603273468121,Very Low Market Risk,25.820267845994607,Low Risk,0.6812860018586552,Low Risk / Low Return (SAFE)
BURNSIDE,1825000.0,1893004.320835972,-68004.32083597174,-3.726264155395712,68004.32083597174,11.785714285714286,2116108.4015059257,2055063.0331779511,2177153.7698339005,1033.0,18.948056190787323,0.597517151257759,0.6004056795131846,1.8751998733122317,3060.0,15.951145287995928,68004.32083597174,3.5924017757096443,Fairly Valued,61.040043061841885,50.003351731943205,98.1370701146284,65.05894962486603,76.43545035564946,67.8426523537589,Premium (>$1M),0.7931426761603306,Very Low Crime Risk,34.94105037513397,27.835672438185128,23.564549644350535,30.53413684789263,Low Economic Risk,68004.32083597174,13.809571738982443,20,21.35343328087468,17.86218701581165,Very Low Market Risk,19.077448629956745,Very Low Risk,0.7944806923423463,Low Risk / Low Return (SAFE)
BURTON,735000.0,684996.5520612877,50003.44793871232,6.803190195743173,50003.44793871232,15.12605042016806,788609.4759024908,727564.1075745162,849654.8442304654,653.0,57.20858895705522,0.3424846625766871,0.5824064711830131,4.680247765806387,6519.0,7.2938062452368415,-50003.44793871232,-7.299810165210646,Overvalued,39.66076810878562,37.65422702770257,94.12636673648711,24.33011789924973,25.230021343588582,46.30958035610507,Mid-Range ($500k-$750k),3.4289253797234105,Very Low Crime Risk,75.66988210075027,30.19206036903256,74.76997865641142,61.84655489236719,High Economic Risk,50003.44793871232,10.146588952665118,40,3.296612275325106,18.882788649897325,Very Low Market Risk,35.72851279008008,Low Risk,0.19858702929041028,Low Risk / Low Return (SAFE)
CAMDEN PARK,1225000.0,1239944.7115136113,-14944.711513611255,-1.2199764500907146,14944.711513611255,15.886699507389164,1436931.0018895422,1375885.6335615676,1497976.3702175168,797.0,64.0910452231207,0.5450733752620545,0.6418118466898954,4.472142292902016,3338.0,17.30048995016671,14944.711513611255,1.205272410522895,Fairly Valued,56.35457648042957,51.92810313879558,94.42391934705776,39.764201500535904,65.90578779085101,61.3283916024048,Premium (>$1M),3.9030604184314517,Very Low Crime Risk,60.235798499464096,22.414934436375276,34.09421220914899,43.66122202247443,Moderate Economic Risk,14944.711513611255,3.01251557921594,20,11.413898782407024,11.058480927288132,Very Low Market Risk,25.21322532222428,Low Risk,0.6599908915252366,Low Risk / Low Return (SAFE)
CAMPBELLTOWN,1187500.0,1205003.9050050578,-17503.905005057808,-1.4740130530574995,17503.905005057808,17.4380551659654,1415133.150711877,1354087.7823839025,1476178.5190398516,713.0,41.23488773747841,0.5039939550949913,0.5570574473615805,3.339943704685328,9263.0,19.16910742836859,17503.905005057808,1.45260151708673,Fairly Valued,56.84003498984922,54.59356306232012,96.04275541564616,30.760986066452308,57.65786085377881,60.28888634100976,Premium (>$1M),2.3284910066933255,Very Low Crime Risk,69.2390139335477,33.51065820377518,42.34213914622119,53.141132257150645,Moderate Economic Risk,17503.905005057808,3.533283753044403,20,10.792677876252796,11.11148297028096,Very Low Market Risk,29.491410024639514,Low Risk,0.6286723838903615,Low Risk / Low Return (SAFE)
CHANDLERS HILL,1108244.0,1105752.9376630504,2491.062336949632,0.2247756213387693,2491.062336949632,16.972049076293892,1293421.8689057848,1232376.5005778102,1354467.2372337594,1025.0,10.08827238335435,0.5094577553593947,0.6990881458966566,0.8179521519665942,792.0,16.709124426189973,-2491.062336949632,-0.2252820003548314,Fairly Valued,53.54667885124718,51.08455911616827,99.64874020727795,64.20150053590568,58.754882798009845,64.27060483605867,Premium (>$1M),0.18278878852370603,Very Low Crime Risk,35.79849946409432,14.916539079276077,41.245117201990155,30.623234896228013,Low Economic Risk,2491.062336949632,0.4783327747869627,20,9.47973163256854,9.56126601805692,Very Low Market Risk,17.278707288282504,Very Low Risk,0.9141305324639283,Low Risk / Low Return (SAFE)
CHELTENHAM,1125000.0,1145253.7855933588,-20253.7855933588,-1.8003364971874487,20253.7855933588,18.181818181818183,1353481.7466103332,1292436.3782823586,1414527.1149383078,766.0,51.85516316495306,0.4716137684398748,0.5963541666666666,3.5220880837214,2236.0,20.30948858758517,20253.7855933588,1.7684975896294692,Fairly Valued,57.46007700042647,56.22024177687396,95.78232240191252,36.441586280814576,51.15656622366879,61.031442589218,Premium (>$1M),3.0601258338877146,Very Low Crime Risk,63.558413719185424,28.366081098281853,48.843433776331224,50.05771794434351,Moderate Economic Risk,20253.7855933588,4.092854687013291,20,9.757309699329081,11.076469299637587,Very Low Market Risk,28.162190582265584,Low Risk,0.6964322014936694,Low Risk / High Return (BEST)
CHRISTIE DOWNS,771000.0,756110.5513818489,14889.448618151133,1.9311865911998876,14889.448618151133,25.192012288786486,946590.0144027756,885544.646074801,1007635.38273075,493.0,137.97709923664124,0.2824427480916031,0.3785714285714285,9.775169213492726,5239.0,22.77432093421213,-14889.448618151133,-1.96921582312792,Fairly Valued,50.1236789225614,59.73616299391361,86.84156467792744,7.181136120042872,13.174804356081744,49.73410821444692,Upper-Mid ($750k-$1M),8.993098876418179,Very Low Crime Risk,92.81886387995712,56.87736927167896,86.82519564391825,80.8376818502659,Very High Economic Risk,14889.448618151133,3.001270178176344,20,3.892984345233165,9.173754157578829,Very Low Market Risk,44.95152141957416,Moderate Risk,0.49561625449273716,High Risk / High Return (AGGRESSIVE)
CHRISTIES BEACH,923500.0,907313.0053037112,16186.99469628872,1.7527877310545443,16186.99469628872,20.989304812834227,1097751.697593394,1036706.3292654194,1158797.0659213683,641.0,116.21666946168035,0.392587623679356,0.5320972886762361,7.585810195380575,5962.0,18.86861912218668,-16186.99469628872,-1.7840584893710778,Fairly Valued,50.48710644026245,54.164936258301154,89.97194602842151,23.04394426580922,35.28969503969196,53.6673163461789,Upper-Mid ($750k-$1M),7.494014564829392,Very Low Crime Risk,76.95605573419078,36.77834729316648,64.71030496030804,62.45359304710694,High Economic Risk,16186.99469628872,3.265306759946506,20,6.419282696927027,9.910943378210359,Very Low Market Risk,35.45718956864436,Low Risk,0.5175555040154539,Low Risk / Low Return (SAFE)
CLAPHAM,1319000.0,1325640.0923419097,-6640.092341909651,-0.5034186764146816,6640.092341909651,15.388076490438696,1529630.6037394048,1468585.2354114302,1590675.9720673794,1029.0,21.352313167259787,0.5640569395017794,0.6711210096510765,1.5711409997610983,1685.0,15.96896161784722,6640.092341909651,0.500897067029641,Fairly Valued,54.97202588185727,50.0287655545992,98.5718184676132,64.63022508038586,69.71730826065567,65.37942743485307,Premium (>$1M),0.9587728568015694,Very Low Crime Risk,35.369774919614144,18.577890239870328,30.28269173934433,29.314792879637036,Low Economic Risk,6640.092341909651,1.3226154701220572,20,12.97109252050029,10.771819318173895,Very Low Market Risk,17.099392160493768,Very Low Risk,0.8822927022214194,Low Risk / Low Return (SAFE)
CLARENCE GARDENS,1486327.0,1531731.769411125,-45404.76941112499,-3.054830425009099,45404.76941112499,17.500577416595384,1799793.6735315053,1738748.3052035307,1860839.04185948,979.0,37.48946925021061,0.537910699241786,0.6846318036286019,2.5893273884239223,2373.0,21.090020805078915,45404.76941112499,2.9642767955763474,Fairly Valued,59.80715696597896,57.33361964528141,97.1159989076283,59.27116827438371,64.4676655328241,67.03619357707967,Premium (>$1M),2.070467697748461,Very Low Crime Risk,40.72883172561629,16.80910845342696,35.5323344671759,32.51361529227141,Low Economic Risk,45404.76941112499,9.2108076501415,20,15.74301333554212,14.620076393942131,Very Low Market Risk,19.80196323424867,Very Low Risk,1.013847614649947,Low Risk / High Return (BEST)
CLARENCE PARK,1561000.0,1543732.2309703012,17267.7690296988,1.1061991691030622,17267.7690296988,7.566319031287185,1660535.9365543216,1599490.568226347,1721581.304882296,921.0,56.78826626551335,0.5863106430989093,0.6622965641952984,3.429978432367295,2658.0,6.376421303928351,-17267.7690296988,-1.1185728122580738,Fairly Valued,51.793324254007786,36.34563775032104,95.91402228868944,53.05466237942122,74.18540738673717,59.18395126710739,Premium (>$1M),3.3999691890961357,Very Low Crime Risk,46.945337620578776,19.733153092934884,25.814592613262832,34.55553326082242,Low Economic Risk,17267.7690296988,3.485232638084195,40,16.98003810154891,19.639102580620907,Very Low Market Risk,22.225577903264234,Low Risk,0.27454306327646544,Low Risk / Low Return (SAFE)
CLARENDON,880000.0,890989.4775039242,-10989.477503924163,-1.2488042618095645,10989.477503924163,9.890109890109889,979109.3159383785,918063.9476104038,1040154.6842663528,951.0,29.503105590062116,0.4937888198757764,0.6678966789667896,1.8741988401659615,643.0,11.262422265724812,10989.477503924163,1.2334014914194948,Fairly Valued,56.40978834721358,43.31519674347728,98.1385014082017,56.27009646302251,55.60887356698857,61.38083779782597,Upper-Mid ($750k-$1M),1.5202840573799457,Very Low Crime Risk,43.72990353697749,19.00000735580919,44.39112643301143,36.443179261833784,Low Economic Risk,10989.477503924163,2.2076682711975373,20,5.698666445788122,9.307733919926045,Very Low Market Risk,20.539221632116085,Low Risk,0.5228797241647749,Low Risk / Low Return (SAFE)
CLEARVIEW,907500.0,865942.0425972397,41557.95740276028,4.579389245483227,41557.95740276028,12.172011661807575,971344.6090066704,910299.2406786958,1032389.977334645,781.0,81.18254340685124,0.486391365556077,0.6131040616661726,5.386350175633383,4261.0,7.035218623324564,-41557.95740276028,-4.799161532579542,Fairly Valued,44.56905073934628,37.28536879375844,93.11676995634492,38.049303322615216,54.12361251653854,52.43516816155861,Upper-Mid ($750k-$1M),5.080500250904832,Very Low Crime Risk,61.950696677384784,26.173248519438005,45.87638748346146,48.00260039121608,Moderate Economic Risk,41557.95740276028,8.428023045791342,40,6.1542284436345565,18.909766329225175,Very Low Market Risk,29.307403536724525,Low Risk,0.2321287145168918,Low Risk / Low Return (SAFE)
CLOVELLY PARK,1050000.0,1021114.5238453308,28885.476154669188,2.750997729016113,28885.476154669188,11.138014527845035,1134846.4078571594,1073801.0395291848,1195891.776185134,755.0,50.84745762711865,0.5359769747361689,0.6227799227799228,3.7734932303722784,3126.0,8.080610272110418,-28885.476154669188,-2.828818460625921,Fairly Valued,48.436447601951485,38.77655121965935,95.42285920926872,35.262593783494104,64.079412281588,55.00697422303693,Premium (>$1M),2.99070461481754,Very Low Crime Risk,64.73740621650589,24.90652156507646,35.920587718411994,47.02477712145828,Moderate Economic Risk,28885.476154669188,5.8493102835478,40,8.514867887020625,18.468441085174277,Very Low Market Risk,28.10328816220926,Low Risk,0.2776528283358416,Low Risk / Low Return (SAFE)
COLLEGE PARK,3000000.0,3201804.42560865,-201804.42560864985,-6.726814186954995,201804.42560864985,4.715246846236305,3352777.407809816,3291732.039481841,3413822.77613779,1170.0,44.97354497354497,0.6653439153439153,0.6366459627329193,2.740233971323857,755.0,11.759246926993862,201804.42560864985,6.302834239173983,Undervalued,66.36009019206674,44.02388444391858,96.9002302059815,79.7427652733119,90.05370962721518,71.26082996351427,Premium (>$1M),2.5860485304626533,Very Low Crime Risk,20.257234726688097,23.091232325987008,9.946290372784816,19.045245135697115,Very Low Economic Risk,201804.42560864985,41.03644475714546,20,40.8183550070405,33.61916665461831,Low Market Risk,17.022270457911016,Very Low Risk,0.6524842113792632,Low Risk / Low Return (SAFE)
COLLINSWOOD,1850000.0,1975619.3448264725,-125619.34482647246,-6.790234855484997,125619.34482647246,14.597970335675257,2264019.670730103,2202974.302402128,2325065.0390580776,1012.0,54.10821643286573,0.6018704074816299,0.6682769726247987,3.3007376733398783,1496.0,22.37944166108664,125619.34482647246,6.3584791855490845,Undervalued,66.46931030408383,59.17289368415668,96.09881284082648,62.80814576634513,77.30949724157973,71.10595066953935,Premium (>$1M),3.2153395333426835,Very Low Crime Risk,37.19185423365487,18.95022075578366,22.690502758420266,28.81909389524659,Low Economic Risk,125619.34482647246,25.5336054741795,20,21.767580551644166,22.655337327582842,Low Market Risk,19.905216273142667,Very Low Risk,1.0705194994723848,Low Risk / High Return (BEST)
COLONEL LIGHT GARDENS,1760000.0,1825589.0814168607,-65589.08141686069,-3.7266523532307207,65589.08141686069,18.68852459016394,2166764.745812799,2105719.377484824,2227810.1141407737,1042.0,20.83333333333333,0.5643115942028986,0.6980273141122914,1.786114096589557,3311.0,23.11163328481812,65589.08141686069,3.592762581925405,Fairly Valued,61.04075125365209,60.21731687518592,98.264446415975,66.02357984994642,69.76843783747228,69.89982463932628,Premium (>$1M),0.9230201379850816,Very Low Crime Risk,33.976420150053585,15.055419143747997,30.231562162527723,27.551148250656738,Low Economic Risk,65589.08141686069,13.318096660660784,20,20.276650376874017,17.39640125848282,Very Low Market Risk,17.531760418420458,Very Low Risk,1.2471364167780463,Low Risk / High Return (BEST)
COROMANDEL VALLEY,1226500.0,1217116.70060771,9383.299392289948,0.7650468318214388,9383.299392289948,13.974654377880183,1387204.5528930963,1326159.1845651218,1448249.921221071,986.0,8.21730198584798,0.5261355854827665,0.6806237366445279,0.997727846677214,4380.0,13.102694895482784,-9383.299392289948,-0.7709449215186053,Fairly Valued,52.47564959782056,45.94022460509136,99.39169397715372,60.021436227224015,62.10345791827807,62.31965105196116,Premium (>$1M),0.05389692382459174,Very Low Crime Risk,39.978563772775985,17.33382934637136,37.89654208172193,32.768739106643785,Low Economic Risk,9383.299392289948,1.8808284113609888,20,11.438747618653194,10.612018269207693,Very Low Market Risk,18.52294228431081,Very Low Risk,0.6711434529011788,Low Risk / Low Return (SAFE)
COWANDILLA,965000.0,889994.3228406408,75005.67715935921,7.772609032057949,75005.67715935921,11.972789115646256,996551.4662555746,935506.0979276,1057596.8345835493,589.0,48.76373626373626,0.4938186813186813,0.5164319248826291,3.673009378421234,1455.0,3.269581995396332,-75005.67715935921,-8.4276579338124,Overvalued,37.44702422637539,31.913935830412036,95.5665326650935,17.470525187566988,55.614869148189904,46.507963451488365,Upper-Mid ($750k-$1M),2.847156254887478,Very Low Crime Risk,82.52947481243301,38.82919716936425,44.385130851810096,61.7905227273878,High Economic Risk,75005.67715935921,15.234271965455726,40,7.1067671664043734,21.870400577783382,Low Market Risk,36.123488355716816,Low Risk,0.08807313483224521,Low Risk / Low Return (SAFE)
CRAFERS,1368778.0,1430399.886155701,-61621.88615570101,-4.501963514587538,61621.88615570101,12.40912725499756,1607900.0282841022,1546854.6599561276,1668945.3966120768,1066.0,20.42850024912805,0.5734927752864972,0.6451414514145142,1.8265917226229456,2006.0,17.469745151083828,61621.88615570101,4.308018111027267,Fairly Valued,62.44465752184672,52.16953455006911,98.20657084390164,68.59592711682744,71.61183558908579,68.86766768928432,Premium (>$1M),0.8951310323184943,Very Low Crime Risk,31.40407288317256,21.979035243273955,28.388164410914214,27.97337989675131,Low Economic Risk,61621.88615570101,12.51081536744083,20,13.795709434274828,15.453253505545039,Very Low Market Risk,17.345879959180213,Very Low Risk,0.9522435113471911,Low Risk / Low Return (SAFE)
CRAFERS WEST,1155253.0,1187989.3194704312,-32736.31947043119,-2.833692660432926,32736.31947043119,12.004392103316832,1330600.215525187,1269554.8471972125,1391645.5838531617,1096.0,10.703363914373089,0.6001529051987767,0.6534195933456562,1.1476138751822649,1307.0,15.178252341711044,32736.31947043119,2.7556072208649174,Fairly Valued,59.39757953246127,48.90087078143879,99.17738448088096,71.81136120042872,76.96465709326174,68.34813834066475,Premium (>$1M),0.22516267883180657,Very Low Crime Risk,28.18863879957128,20.895292370889564,23.035342906738265,24.969975692400162,Low Economic Risk,32736.31947043119,6.632915215316908,20,10.258477594632652,12.217785484784926,Very Low Market Risk,14.996093746806608,Very Low Risk,0.9488724298543928,Low Risk / Low Return (SAFE)
CRAIGBURN FARM,1452500.0,1492236.0792117678,-39736.07921176776,-2.735702527488314,39736.07921176776,13.107024988213109,1687823.8349971855,1626778.466669211,1748869.20332516,1133.0,10.0,0.552258064516129,0.6645082962363416,0.9936953692430412,3099.0,16.201296729582477,39736.07921176776,2.662854742981234,Fairly Valued,59.21552461670969,50.36017630954615,99.39745967937604,75.77706323687032,67.34832986647378,68.33558587045258,Premium (>$1M),0.1767076703472018,Very Low Crime Risk,24.22293676312968,19.443601541989906,32.651670133526224,24.474882870867056,Low Economic Risk,39736.07921176776,8.057290554624842,20,15.182638946409345,14.018575958452274,Very Low Market Risk,15.094168928228143,Very Low Risk,1.0066563114772853,Low Risk / Low Return (SAFE)
CRAIGMORE,741500.0,682974.2914527319,58525.70854726806,7.892880451418484,58525.70854726806,19.66575091575092,817286.3144284409,756240.9461004663,878331.6827564155,682.0,39.656432748538016,0.320906432748538,0.5755860953920776,3.4738254480856967,10943.0,10.220676254678471,-58525.70854726806,-8.569240347653492,Overvalued,37.16912572692971,41.829214580018366,95.8513291081082,27.438370846730976,20.897543856561533,46.98381719737094,Mid-Range ($500k-$750k),2.2197506401224243,Very Low Crime Risk,72.56162915326902,31.084958040018705,79.10245614343847,61.42679321732782,High Economic Risk,58525.70854726806,11.880776738325366,20,3.4042905657251716,12.60338333676144,Very Low Market Risk,33.89999846805293,Low Risk,0.29285606599766373,Low Risk / Low Return (SAFE)
CROYDON,1560000.0,1634281.454415158,-74281.4544151579,-4.7616316932793525,74281.4544151579,15.83011583011583,1892990.1016391788,1831944.733311204,1954035.4699671532,811.0,78.62407862407862,0.5077805077805078,0.6310107948969578,4.602972644946279,1220.0,21.345519335844795,74281.4544151579,4.5452057364097165,Fairly Valued,62.91021029349848,57.698071493891526,94.23685596881332,41.2647374062165,58.41812499009092,64.17647526522666,Premium (>$1M),4.904246635637541,Very Low Crime Risk,58.735262593783496,23.828967077059417,41.58187500990908,44.83269642199139,Moderate Economic Risk,74281.4544151579,15.0869004762724,20,16.96347221071813,17.275628243188493,Very Low Market Risk,27.342747850324656,Low Risk,0.753121025828845,Low Risk / High Return (BEST)
CROYDON PARK,1108500.0,1130930.345707235,-22430.345707234927,-2.023486306471351,22430.345707234927,18.36524300441826,1338628.4519070762,1277583.0835791016,1399673.8202350507,648.0,68.5417159064051,0.4913731978255731,0.5643620011242271,5.016768174212775,4230.0,20.760347488234206,22430.345707234927,1.9833534215768127,Fairly Valued,57.88179684313472,56.86336234320877,93.64520434976976,23.79421221864952,55.12386491553658,59.39093883304764,Premium (>$1M),4.209668820303964,Very Low Crime Risk,76.20578778135048,32.554373793328395,44.87613508446343,56.84443304556645,Moderate Economic Risk,22430.345707234927,4.535761110274962,20,9.48397250062122,11.185297569265291,Very Low Market Risk,31.92217668272747,Low Risk,0.6305885448675715,Low Risk / High Return (BEST)
CUMBERLAND PARK,1773750.0,1853034.6008433,-79284.60084330011,-4.469885882638485,79284.60084330011,20.060996272450016,2224771.8030456835,2163726.4347177087,2285817.1713736583,920.0,64.15241057542768,0.5583203732503889,0.6708920187793427,3.875101530679436,2571.0,25.427585795387376,79284.60084330011,4.278635747396102,Fairly Valued,62.38698570695287,63.52087079872547,95.277577998784,52.947481243301176,68.56552035521003,68.4505032335402,Premium (>$1M),3.907287900970623,Very Low Crime Risk,47.052518756698824,18.607868854292136,31.434479644789974,35.395515963595045,Low Economic Risk,79284.60084330011,16.104986618444986,20,20.504431375797232,18.568102491327302,Very Low Market Risk,22.58356485035417,Low Risk,1.0781909332509378,Low Risk / High Return (BEST)
DARLINGTON,870000.0,827621.5516738263,42378.4483261737,4.871086014502725,42378.4483261737,17.179023508137433,969798.8525942848,908753.48426631,1030844.2209222591,752.0,100.31347962382443,0.5023510971786834,0.5937211449676824,6.39890642345663,1275.0,11.47113248210169,-42378.4483261737,-5.120510484588669,Overvalued,43.93830579624897,43.612908139133296,91.66900046386334,34.941050375133976,57.328007803112754,53.392477203012064,Upper-Mid ($750k-$1M),6.398437747795185,Very Low Crime Risk,65.05894962486602,28.71078628971773,42.671992196887246,49.677109138725775,Moderate Economic Risk,42378.4483261737,8.594984067401052,20,5.533007537480328,11.821245511330503,Very Low Market Risk,29.122334995967545,Low Risk,0.380818169761319,Low Risk / Low Return (SAFE)
DAVOREN PARK,676000.0,698212.6768693129,-22212.676869312883,-3.2858989451646274,22212.676869312883,30.21724818959842,909193.334330152,848147.9660021773,970238.7026581264,486.0,153.91834819333647,0.232441733145628,0.3719836400817995,12.313908320471558,6392.0,34.496055374282825,22212.676869312883,3.181362585524999,Fairly Valued,60.23325377871886,76.45644617047414,83.21163395915966,6.430868167202572,3.1355994116916683,55.10460463431567,Mid-Range ($500k-$750k),10.091297600673656,Very Low Crime Risk,93.56913183279742,57.739817497355425,96.86440058830833,83.479391283267,Very High Economic Risk,22212.676869312883,4.491467857887878,50,2.3192247163091197,19.87639332223243,Very Low Market Risk,48.74236358628208,Moderate Risk,0.6934944961842571,High Risk / High Return (AGGRESSIVE)
DAW PARK,1415000.0,1467685.6896078386,-52685.68960783864,-3.723370290306617,52685.68960783864,15.39752464862597,1693672.955429562,1632627.587101587,1754718.3237575365,797.0,28.824833702882483,0.5280857354028086,0.6190057193136823,2.471490353757164,2705.0,19.69420179714218,52685.68960783864,3.589712019466246,Fairly Valued,61.03476359807492,55.34257564106429,97.28448422806534,39.764201500535904,62.49500906460462,63.81710096684247,Premium (>$1M),1.473557648224521,Very Low Crime Risk,60.235798499464096,25.400625935294997,37.50499093539538,45.23908521739962,Moderate Economic Risk,52685.68960783864,10.692396098731273,20,14.561418040255115,14.917312949556289,Very Low Market Risk,26.045072493078425,Low Risk,0.7281992607778169,Low Risk / Low Return (SAFE)
DERNANCOURT,1080000.0,1059285.5333931353,20714.466606864706,1.9180061673022877,20714.466606864706,16.26591230551627,1231587.9893198828,1170542.6209919082,1292633.3576478574,801.0,35.9251968503937,0.5127952755905512,0.5931358169551189,2.5438930626083254,4063.0,14.035924937026186,-20714.466606864706,-1.9555130277774588,Fairly Valued,50.150574821301895,47.27141587573961,97.18096165016108,40.19292604501607,59.42499018768643,58.270656670878736,Premium (>$1M),1.9627043751547508,Very Low Crime Risk,59.80707395498393,28.78741520800631,40.57500981231357,46.65476350235657,Moderate Economic Risk,20714.466606864706,4.186598286675742,20,9.011844611944007,10.9276004676563,Very Low Market Risk,26.101713157255972,Low Risk,0.5178980699701019,Low Risk / Low Return (SAFE)
DEVON PARK,1090000.0,1084177.2633472162,5822.736652783817,0.5341960231911759,5822.736652783817,23.01112061591104,1333658.6011063275,1272613.232778353,1394703.969434302,851.0,112.141652613828,0.5320404721753794,0.6320939334637965,6.669299569327899,1185.0,22.35400010149793,-5822.736652783817,-0.5370650030795785,Fairly Valued,52.93470998972512,59.136602972833074,91.28238791921696,45.55198285101822,63.2890412058292,62.08274287220485,Premium (>$1M),7.213285099039856,Very Low Crime Risk,54.44801714898178,23.687166693425,36.7109587941708,41.672350341352555,Moderate Economic Risk,5822.736652783817,1.1562924347529062,20,9.177503520251802,9.756892853964112,Very Low Market Risk,24.95153927118106,Low Risk,0.8613747287939039,Low Risk / High Return (BEST)
DIREK,785000.0,731586.641815354,53413.358184646,6.804249450273376,53413.358184646,53.67965367965368,1124299.8175084444,1063254.4491804698,1185345.185836419,895.0,94.09190371991248,0.3730853391684901,0.730829420970266,5.408881706612496,913.0,43.22290668897381,-53413.358184646,-7.301029725215658,Overvalued,39.65837435177737,88.90472555842558,93.0845540046478,50.26795284030011,31.374025901776843,63.41820001229187,Upper-Mid ($750k-$1M),5.969831009446425,Very Low Crime Risk,49.73204715969989,10.761092010652177,68.62597409822315,41.81954600269023,Moderate Economic Risk,53413.358184646,10.840468777550932,50,4.124906816864077,22.867414215236394,Low Market Risk,27.274205147226322,Low Risk,1.5287045723799575,Low Risk / High Return (BEST)
DOVER GARDENS,1050000.0,1000422.682615804,49577.317384196096,4.721649274685342,49577.317384196096,13.136589187777489,1131844.1005723851,1070798.7322444106,1192889.4689003597,728.0,40.15670910871695,0.4841658504733921,0.5809968847352025,3.257950408646272,3062.0,7.79467624498906,-49577.317384196096,-4.955637076777022,Fairly Valued,44.26191994709102,38.3686851374062,96.15999077205085,32.36870310825295,53.67677354644874,52.32572824377185,Premium (>$1M),2.254214869494674,Very Low Crime Risk,67.63129689174704,30.376598068256783,46.32322645355126,52.1932731570608,Moderate Economic Risk,49577.317384196096,10.059875997419795,40,8.514867887020625,20.152667370723076,Low Market Risk,30.803434513523417,Low Risk,0.24508913468684074,Low Risk / Low Return (SAFE)
DRY CREEK,710000.0,647186.134533481,62813.86546651903,8.847023305143525,62813.86546651903,19.52380952380952,773541.5227043034,712496.1543763288,834586.891032278,618.0,776.824034334764,0.4549356223175965,0.5217391304347826,40.82245562609429,232.0,8.949510240042729,-62813.86546651903,-9.705687763505304,Overvalued,34.93850242424603,40.01597987164006,42.44964651127536,20.578778135048232,47.80792765713275,36.8430844834094,Mid-Range ($500k-$750k),53.003508037277555,Moderate Crime Risk,79.42122186495178,38.13439799374395,52.19207234286725,61.58934479917252,High Economic Risk,62813.86546651903,12.753370254756186,40,2.88246500455562,19.82196435304138,Very Low Market Risk,50.660117681377805,Moderate Risk,0.1732382859683033,High Risk / Low Return (AVOID)
DULWICH,2100000.0,2146829.861790648,-46829.86179064773,-2.2299934186022727,46829.86179064773,9.714285714285714,2355379.0483645964,2294333.6800366216,2416424.4166925712,1036.0,32.53012048192771,0.6325301204819277,0.6205621301775148,2.740171387932181,1659.0,12.160907064980783,46829.86179064773,2.181349469006708,Fairly Valued,58.27042423677912,44.59682621138599,96.90031968873905,65.38049303322614,83.46535513123938,66.1640072297359,Premium (>$1M),1.7288162684745447,Very Low Crime Risk,34.619506966773855,25.196866541676172,16.534644868760623,28.175742419641903,Low Economic Risk,46829.86179064773,9.500798523634005,20,25.90905325933902,17.277582724288358,Very Low Market Risk,18.062032635220987,Very Low Risk,0.6379648643823551,Low Risk / Low Return (SAFE)
EASTWOOD,1420000.0,1401779.5758889013,18220.42411109875,1.283128458528081,18220.42411109875,,,,,1072.0,129.03225806451613,0.6479663394109397,0.6350931677018633,7.453819748127341,712.0,,-18220.42411109875,-1.299806647528357,Fairly Valued,51.43759779403285,50.0,90.16066812977937,69.2390139335477,86.56463952701142,65.00572900689902,Premium (>$1M),8.37688535446763,Very Low Crime Risk,30.760986066452304,23.294518348524278,13.435360472988577,25.055920632381152,Low Economic Risk,18220.42411109875,3.6790876352491955,50,14.644247494409013,22.632696927701932,Low Market Risk,19.567565308071252,Very Low Risk,,Unknown Growth
EDEN HILLS,1298750.0,1302700.5979336824,-3950.59793368238,-0.3041846339697694,3950.59793368238,19.448051948051948,1556050.4869474082,1495005.1186194336,1617095.8552753828,866.0,24.495200264812976,0.5643826547500828,0.6334805299076676,2.1127012838562544,3020.0,19.81139456765414,3950.59793368238,0.3032621570872646,Fairly Valued,54.58410733024455,55.50974341979396,97.79748671138915,47.159699892818864,69.7827053757895,63.86439091780147,Premium (>$1M),1.1752875483660778,Very Low Crime Risk,52.840300107181136,23.50563875812037,30.217294624210496,39.51530060586878,Low Economic Risk,3950.59793368238,0.7753324701552574,20,12.635633231177007,10.469041295856353,Very Low Market Risk,22.204044826615487,Low Risk,0.8537905660710536,Low Risk / Low Return (SAFE)
EDWARDSTOWN,1125000.0,1131900.4253839457,-6900.425383945694,-0.6133711452396172,6900.425383945694,15.8953722334004,1311820.2113101664,1250774.8429821918,1372865.579638141,744.0,145.2934662236988,0.520265780730897,0.5938967136150235,8.687988333201526,4514.0,16.606241005348124,6900.425383945694,0.6096318394442726,Fairly Valued,55.18545090599557,50.9378026835393,88.39603369105983,34.08360128617363,60.92491838360575,58.17432471218208,Premium (>$1M),9.497126190287894,Very Low Crime Risk,65.91639871382637,28.687801509829598,39.07508161639425,49.37955613314091,Moderate Economic Risk,6900.425383945694,1.3755904262328151,20,9.757309699329081,9.989563595325397,Very Low Market Risk,29.536828642721904,Low Risk,0.5438102692208029,Low Risk / Low Return (SAFE)
ELIZABETH,817500.0,848135.3270818277,-30635.32708182768,-3.747440621630297,30635.32708182768,35.17879833000544,1146499.1433614758,1085453.7750335012,1207544.5116894504,452.0,1334.622823984526,0.2794970986460348,0.3463819691577698,70.51133566956405,1033.0,40.24454353045575,30635.32708182768,3.6120800659529655,Fairly Valued,61.07866768464577,84.65628641593663,0.0,2.786709539121115,12.583376791854487,41.16401601943152,Upper-Mid ($750k-$1M),91.43047952794863,Very High Crime Risk,97.21329046087888,61.09149093033561,87.41662320814552,84.41741715116923,Very High Economic Risk,30635.32708182768,6.205386006174496,50,4.663298268864408,21.1479789696859,Low Market Risk,73.86744822790638,High Risk,0.5375439457739505,High Risk / High Return (AGGRESSIVE)
ELIZABETH DOWNS,640000.0,622781.5584138631,17218.441586136934,2.690381497833896,17218.441586136934,30.64233064233064,813616.3427224985,752570.9743945239,874661.711050473,494.0,122.0693664018601,0.239682232125557,0.3773067331670823,10.62804636341444,5160.0,27.127553550390388,-17218.441586136934,-2.7647642023938346,Fairly Valued,48.56217354320985,65.94576298511599,85.62210697259428,7.288317256162916,4.5893469653702,49.73169648872227,Mid-Range ($500k-$750k),7.8972090905920584,Very Low Crime Risk,92.71168274383709,57.042938386294075,95.4106530346298,82.55085349473272,Very High Economic Risk,17218.441586136934,3.4751950372583122,20,1.7228526464010603,8.82079117650359,Very Low Market Risk,45.4087477098447,Moderate Risk,0.5845353492405445,High Risk / High Return (AGGRESSIVE)
ELIZABETH EAST,700000.0,693175.5481405419,6824.451859458117,0.9749216942083024,6824.451859458117,31.168831168831165,909230.2644440872,848184.8961161127,970275.632772062,481.0,114.58333333333331,0.2484809027777778,0.3756756756756756,9.517045390934408,4607.0,29.890037777726757,-6824.451859458117,-0.9845199932058848,Fairly Valued,52.05644363621354,69.88626503180522,87.21063434332729,5.894962486602358,6.355944263670533,52.05046501683824,Mid-Range ($500k-$750k),7.381493415620581,Very Low Crime Risk,94.10503751339765,57.25647023262681,93.64405573632946,82.95827097375278,Very High Economic Risk,6824.451859458117,1.3601306363658348,20,2.7168060962478258,8.22325377860829,Very Low Market Risk,45.33823426728422,Moderate Risk,0.6450404995002099,High Risk / High Return (AGGRESSIVE)
ELIZABETH GROVE,690000.0,690672.5880764963,-672.588076496264,-0.0974765328255455,672.588076496264,31.56146179401993,908658.9530840284,847613.5847560538,969704.3214120028,453.0,114.92890995260665,0.216824644549763,0.328492739108663,10.253710224562852,2531.0,31.68970334551135,672.588076496264,0.0973816086098628,Fairly Valued,54.180004208008334,72.45336959046152,86.15733890951407,2.893890675241157,0.0,52.03289504320687,Mid-Range ($500k-$750k),7.405300320804074,Very Low Crime Risk,97.10610932475885,63.43348092270696,100.0,87.58309893919152,Very High Economic Risk,672.588076496264,0.10829294663974331,50,2.5511471879400314,18.181103975640905,Very Low Market Risk,49.64936036096516,Moderate Risk,0.6256683819828496,High Risk / High Return (AGGRESSIVE)
ELIZABETH NORTH,667500.0,691453.6776388886,-23953.677638888592,-3.588565938410276,23953.677638888592,31.122448979591837,906650.995679563,845605.6273515885,967696.3640075376,485.0,125.1044859292282,0.2549456673168013,0.3511555708865126,11.134409743183566,3588.0,35.82786452128285,23953.677638888592,3.4642490760456104,Fairly Valued,60.78850445637271,78.35618431834156,84.89810032613333,6.32368703108253,7.653939838252512,56.5191645202115,Mid-Range ($500k-$750k),8.106299633119383,Very Low Crime Risk,93.67631296891747,60.46654913878878,92.34606016174749,83.44733325844487,Very High Economic Risk,23953.677638888592,4.84574266924394,50,2.178414644247494,19.98290072875945,Very Low Market Risk,48.152136664910145,Moderate Risk,0.7289177429973348,High Risk / High Return (AGGRESSIVE)
ELIZABETH PARK,671000.0,633070.3485769876,37929.65142301237,5.652705130106166,37929.65142301237,28.699551569506728,814758.6997380961,753713.3314101215,875804.0680660707,486.0,105.4414088959133,0.2623617069315873,0.3846604215456674,8.926191926617946,4428.0,21.424545415513577,-37929.65142301237,-5.991380185199079,Overvalued,42.22895944138337,57.81079699856414,88.0554462952592,6.430868167202572,9.142932444682486,46.61139981065652,Mid-Range ($500k-$750k),6.7517027523113535,Very Low Crime Risk,93.56913183279742,56.08022145871319,90.85706755531751,81.78004586507618,Very High Economic Risk,37929.65142301237,7.689702053072582,20,2.2363952621552223,10.634979636767838,Very Low Market Risk,45.04252968558506,Moderate Risk,0.46532077107442577,High Risk / High Return (AGGRESSIVE)
ELIZABETH SOUTH,680000.0,753789.7747654023,-73789.77476540231,-10.85143746550034,73789.77476540231,31.972789115646265,994797.3898264494,933752.0214984748,1055842.758154424,457.0,230.06134969325157,0.2355146557600545,0.3116098403107467,17.0057726226189,2933.0,46.29373379800727,73789.77476540231,9.78917162790746,Undervalued,73.20308645555625,93.28505844446804,76.50312960286837,3.322615219721329,3.752580885723968,61.45646683988815,Mid-Range ($500k-$750k),15.336818032312713,Very Low Crime Risk,96.67738478027867,65.64372585322663,96.24741911427603,87.28129396896253,Very High Economic Risk,73789.77476540231,14.986848989674131,50,2.3854882796322374,24.091111665777714,Low Market Risk,53.05991472733062,Moderate Risk,0.8563412286442792,High Risk / High Return (AGGRESSIVE)
ELIZABETH VALE,698000.0,691758.5530123274,6241.4469876725925,0.8941901128470762,6241.4469876725925,28.510116492949106,888979.722326081,827934.3539981064,950025.0906540556,468.0,143.12096029547553,0.2446906740535549,0.3206836616454229,11.34322299946228,4331.0,27.360991737260893,-6241.4469876725925,-0.9022580148078584,Fairly Valued,52.21790775974446,66.27874720418812,84.599535715312,4.501607717041801,5.594942052221417,50.38970163481118,Mid-Range ($500k-$750k),9.347461427803257,Very Low Crime Risk,95.49839228295819,64.45581565809564,94.40505794777859,85.96695242846351,Very High Economic Risk,6241.4469876725925,1.241495455623314,20,2.6836743145862667,8.167516760895893,Very Low Market Risk,47.42121799475191,Moderate Risk,0.5650620300428293,High Risk / High Return (AGGRESSIVE)
ENFIELD,990000.0,962197.720325546,27802.27967445401,2.808311078227678,27802.27967445401,18.04081632653061,1135786.0437475424,1074740.675419568,1196831.412075517,696.0,72.03867848509267,0.48348106365834,0.5757038787162827,5.275403134822285,6204.0,14.725863004802264,-27802.27967445401,-2.889455990921232,Fairly Valued,48.317428027260014,48.25556714844456,93.27540385082013,28.938906752411576,53.53928203378741,54.90896518169365,Upper-Mid ($750k-$1M),4.450575906888978,Very Low Crime Risk,71.06109324758842,31.06953829496544,46.460717966212606,54.14355170552636,Moderate Economic Risk,27802.27967445401,5.628891524753509,20,7.520914437173859,11.131785219194867,Very Low Market Risk,30.633305668668847,Low Risk,0.4655176780777442,Low Risk / Low Return (SAFE)
ERINDALE,3075000.0,3290310.311277493,-215310.3112774929,-7.001961342357493,215310.3112774929,20.168067226890752,3953902.306829256,3892856.938501281,4014947.675157231,915.0,23.017902813299237,0.6410912190963342,0.599802371541502,1.981461174207141,1172.0,28.582188839975803,215310.3112774929,6.5437691557395,Undervalued,66.83299816108028,68.02070454643837,97.9851359677622,52.41157556270096,85.184252710259,73.03226438391717,Premium (>$1M),1.073515963153059,Very Low Crime Risk,47.58842443729904,27.914655224371003,14.815747289740997,35.13175824390902,Low Economic Risk,215310.3112774929,43.78474629792651,20,42.06079681934896,35.02909772400785,Low Market Risk,24.893753455701997,Low Risk,1.1038256345829922,Low Risk / High Return (BEST)
ETHELTON,815000.0,777802.4242384025,37197.57576159749,4.564119725349385,37197.57576159749,12.145289443813848,872268.7799631575,811223.4116351829,933314.148291132,787.0,55.77956989247312,0.4247311827956989,0.5862619808306709,4.371335797707351,1487.0,7.026844167258588,-37197.57576159749,-4.782393909098455,Fairly Valued,44.60196229437807,37.27342318301383,94.56805412347197,38.69239013933547,41.74347958706064,51.59076178836766,Upper-Mid ($750k-$1M),3.330479711010502,Very Low Crime Risk,61.30760986066453,29.687311702627184,58.256520412939366,51.2113025237083,Moderate Economic Risk,37197.57576159749,7.540732580239248,40,4.62188354178746,18.171763917542563,Very Low Market Risk,30.23914795866581,Low Risk,0.2249371262159961,Low Risk / Low Return (SAFE)
EVANSTON,705000.0,620150.2741157291,84849.72588427085,12.035422111244094,84849.72588427085,19.739382239382238,742564.1071820096,681518.738854035,803609.4755099842,604.0,104.22316931421928,0.3219682293684618,0.4955419990614735,7.247444433829786,2580.0,5.328242153476541,-84849.72588427085,-13.682123418434006,Significantly Overvalued,27.133539423069404,34.850479136642775,90.45574693126188,19.078242229367632,21.110731406618125,39.91664047240085,Mid-Range ($500k-$750k),6.66777776261398,Very Low Crime Risk,80.92175777063237,41.56402684510924,78.88926859338187,68.70794065752534,High Economic Risk,84849.72588427085,17.237429325258546,40,2.7996355504017227,21.594880617703847,Low Market Risk,40.673279781087636,Moderate Risk,0.1278575188098017,High Risk / Low Return (AVOID)
EVANSTON GARDENS,710000.0,654203.8265740185,55796.17342598154,7.858615975490359,55796.17342598154,23.420074349442377,807418.8491545507,746373.4808265761,868464.2174825253,791.0,58.77342419080068,0.3649914821124361,0.6306913996627319,4.695709233312876,2347.0,13.720964669655029,-55796.17342598154,-8.528866869852925,Overvalued,37.248370942446186,46.82214577098375,94.10425967723684,39.12111468381565,29.748941093716063,50.54396097287111,Mid-Range ($500k-$750k),3.536727476161251,Very Low Crime Risk,60.87888531618435,23.87078108694776,70.25105890628393,51.65088876543329,Moderate Economic Risk,55796.17342598154,11.325345886666872,20,2.88246500455562,12.250754605805655,Very Low Market Risk,29.336613546726152,Low Risk,0.45229058439635095,Low Risk / Low Return (SAFE)
EVANSTON PARK,727500.0,651223.2652535763,76276.73474642367,10.484774535590882,76276.73474642367,13.172296659747122,737004.3256700693,675958.9573420947,798049.6939980439,713.0,34.05060297942776,0.3676992196736817,0.579731308411215,2.783494021590331,4228.0,1.3064365182225863,-76276.73474642367,-11.712839331181248,Significantly Overvalued,30.99885770648301,29.113637933974523,96.83837627820844,30.760986066452308,30.292600704272758,43.58915003147535,Mid-Range ($500k-$750k),1.8335628879861878,Very Low Crime Risk,69.2390139335477,30.542282509522536,69.70739929572726,57.72367157877606,Moderate Economic Risk,76276.73474642367,15.492918426013977,40,3.17236809409426,20.990259393929158,Low Market Risk,33.60995653456972,Low Risk,0.03774741863422072,Low Risk / Low Return (SAFE)
EVANSTON SOUTH,774000.0,717773.3858853553,56226.614114644704,7.264420428248671,56226.614114644704,10.844155844155845,795609.8504586372,734564.4821306627,856655.2187866118,875.0,41.775456919060055,0.4164490861618799,0.6694214876033058,2.7960117167362166,765.0,2.791970343493182,-56226.614114644704,-7.833477141993862,Overvalued,38.61328454053523,31.232654224087117,96.82047827285086,48.12433011789925,40.08060003219582,49.98295409365699,Upper-Mid ($750k-$1M),2.3657310239088813,Very Low Crime Risk,51.87566988210075,18.80038520565519,59.919399967804175,43.56183049630777,Moderate Economic Risk,56226.614114644704,11.412935907556571,40,3.9426820177255033,19.550844867454003,Very Low Market Risk,26.400803528817352,Low Risk,0.10189373974222596,Low Risk / Low Return (SAFE)
EVERARD PARK,1821250.0,1988724.0467917616,-167474.04679176165,-9.19555507435891,167474.04679176165,18.17574191248552,2350189.39688817,2289144.028560195,2411234.7652161447,744.0,59.70149253731344,0.5792910447761194,0.5780590717299579,4.23046372111064,1071.0,29.04265734458037,167474.04679176165,8.421180759690275,Undervalued,70.51798878544842,68.67753258073985,94.769475323803,34.08360128617363,72.77601227213944,69.66881626572008,Premium (>$1M),3.6006624587294858,Very Low Crime Risk,65.91639871382637,30.761205378848373,27.22398772786056,47.63135851613981,Moderate Economic Risk,167474.04679176165,34.050584272948626,20,21.291311190259258,25.943061506744264,Low Market Risk,30.084490297037608,Low Risk,0.934313449152749,Low Risk / High Return (BEST)
EYRE,720000.0,701641.5637162942,18358.43628370576,2.549782817181355,18358.43628370576,21.49068322981367,852429.1295832742,791383.7612552997,913474.4979112488,921.0,109.51526032315978,0.4236983842010772,0.7364620938628159,6.242646352281414,1113.0,18.392934664343645,-18358.43628370576,-2.616497829243324,Fairly Valued,48.85319134336563,53.48640366754095,91.89242367064996,53.05466237942122,41.53611426119898,58.517853837058,Mid-Range ($500k-$750k),7.0323519318305925,Very Low Crime Risk,46.945337620578776,10.023683888086737,58.46388573880101,38.17255112447562,Low Economic Risk,18358.43628370576,3.7071716184786245,20,3.048123912863414,9.244899625607305,Very Low Market Risk,23.04496106690845,Low Risk,0.7649392574669905,Low Risk / Low Return (SAFE)
FAIRVIEW PARK,905000.0,881060.8936076039,23939.10639239615,2.6452051262316187,23939.10639239615,17.440919223991084,1034726.01237588,973680.6440479056,1095771.3807038548,872.0,20.564197205378328,0.4265752702346427,0.6375,1.8331354731942449,3792.0,14.334366008384547,-23939.10639239615,-2.7170773968158723,Fairly Valued,48.65577338625496,47.69712243394055,98.19721448225368,47.80278670953912,42.11373550596419,57.54224707783965,Upper-Mid ($750k-$1M),0.9044792474203491,Very Low Crime Risk,52.19721329046088,22.979425013591538,57.886264494035814,44.56968704811507,Moderate Economic Risk,23939.10639239615,4.842777578307426,20,6.112813716557608,10.465314460462373,Very Low Market Risk,24.649250190376115,Low Risk,0.5588610155069157,Low Risk / Low Return (SAFE)
FELIXSTOW,1612000.0,1767463.8844318578,-155463.88443185785,-9.644161565251729,155463.88443185785,20.21401819154628,2124739.355559924,2063693.987231949,2185784.7238878985,687.0,49.23325262308313,0.5282485875706214,0.5182584269662921,3.605650991244468,2477.0,31.80765233002008,155463.88443185785,8.795873330211265,Undervalued,71.25343678549523,72.62161605871728,95.66284278932308,27.974276527331188,62.527706526647705,69.11291573995695,Premium (>$1M),2.8795014160635253,Very Low Crime Risk,72.02572347266882,38.59007845999321,37.472293473352295,55.08434396900283,Moderate Economic Risk,155463.88443185785,31.60664623526037,50,17.824898533918663,34.59888312758381,Low Market Risk,35.32579903483724,Low Risk,0.8756215465354483,Low Risk / High Return (BEST)
FERRYDEN PARK,920500.0,921035.2419792408,-535.2419792406727,-0.058146874442224,535.2419792406727,14.615384615384611,1055648.085037745,994602.7167097704,1116693.4533657196,548.0,59.60854092526691,0.4721975088967972,0.5316929660336989,4.735981290691856,4495.0,14.682029879168397,535.2419792406727,0.0581130835005265,Fairly Valued,54.10292779782948,48.19304207787082,94.04667803058943,13.076098606645232,51.27376964619344,54.17726622055057,Upper-Mid ($750k-$1M),3.5942589867026515,Very Low Crime Risk,86.92390139335477,36.831279676500586,48.72623035380654,64.25658067038887,High Economic Risk,535.2419792406727,0.0803445025344749,20,6.369585024434689,8.624534057122462,Very Low Market Risk,34.93147484262972,Low Risk,0.40861194658643357,Low Risk / Low Return (SAFE)
FINDON,1010000.0,971892.6340168404,38107.36598315975,3.773006532986114,38107.36598315975,13.867595818815332,1106670.776295134,1045625.4079671592,1167716.1446231084,721.0,95.3129465561589,0.4964275507287796,0.601113172541744,5.617764381493799,6997.0,9.571363989617216,-38107.36598315975,-3.920944006506325,Fairly Valued,46.29281943392842,40.90301334270619,92.78589013797254,31.618435155412648,56.13867800905854,53.027410267667335,Premium (>$1M),6.053949116419713,Very Low Crime Risk,68.38156484458736,27.743050140410972,43.86132199094146,51.28596186260526,Moderate Economic Risk,38107.36598315975,7.725865042412777,40,7.852232253789447,19.053404080412474,Very Low Market Risk,31.269846482311042,Low Risk,0.29660395176852894,Low Risk / Low Return (SAFE)
FIRLE,1634000.0,1623547.0869257555,10452.91307424428,0.6397131624384503,10452.91307424428,,,,,735.0,64.94367130550033,0.5745526838966203,0.6155660377358491,4.663258708242866,1508.0,,-10452.91307424428,-0.6438318394594421,Fairly Valued,52.725147637907696,50.0,94.15065796899826,33.11897106109325,71.82464406449066,59.29798595078501,Premium (>$1M),3.9617981546326666,Very Low Crime Risk,66.88102893890675,25.850935971563544,28.175355935509344,46.83086644802431,Moderate Economic Risk,10452.91307424428,2.098483217734557,50,18.18934813219581,22.886730320142775,Low Market Risk,29.181318734430512,Low Risk,,Unknown Growth
FITZROY,2160000.0,2449358.637317985,-289358.63731798483,-13.396233209165963,289358.63731798483,24.52830188679245,3050144.718169566,2989099.349841591,3111190.0864975406,1100.0,28.06122448979592,0.6173469387755102,0.6427480916030535,1.7746666226841716,783.0,41.21040361896138,289358.63731798483,11.81364921042468,Significantly Undervalued,77.1767387410329,86.0340223023209,98.28081420148992,72.2400857449089,80.4168755549081,83.19539045541524,Premium (>$1M),1.4209523181202453,Very Low Crime Risk,27.759914255091104,22.292364811466555,19.583124445091897,24.4842914600039,Low Economic Risk,289358.63731798483,58.85277912000316,50,26.903006709185785,47.766863325297706,Moderate Market Risk,22.221804090497564,Low Risk,1.7746426357900766,Low Risk / High Return (BEST)
FLAGSTAFF HILL,1086250.0,1082726.6669557325,3523.3330442674924,0.3243574724296886,3523.3330442674924,16.14145658263305,1257494.521810982,1196449.153483007,1318539.8901389565,844.0,12.076583210603827,0.5152675503190967,0.6372059871703493,1.4838349961457609,10184.0,15.764743089618587,-3523.3330442674924,-0.3254129737262252,Fairly Valued,53.35014139653773,49.73746125664392,98.69665002024696,44.80171489817792,59.921373565214296,60.89113232841981,Premium (>$1M),0.31976428020822956,Very Low Crime Risk,55.19828510182208,23.017916055563745,40.078626434785704,42.520242654537306,Moderate Economic Risk,3523.3330442674924,0.6883886900365286,20,9.115381429636377,9.554200833423705,Very Low Market Risk,23.266890778015863,Low Risk,0.6496400067824248,Low Risk / Low Return (SAFE)
FLINDERS PARK,1263500.0,1289292.068975901,-25792.068975901,-2.041319269956549,25792.068975901,15.426219870664314,1488181.0983111607,1427135.729983186,1549226.4666391353,786.0,41.89435336976321,0.4967213114754098,0.626129103326724,3.071745292040435,5489.0,17.782437539466617,25792.068975901,2.0004830244855167,Fairly Valued,57.91541889276141,52.6155696746188,96.42622989481112,38.58520900321543,56.19765929860285,61.221311345787946,Premium (>$1M),2.3739218457720495,Very Low Crime Risk,61.41479099678457,24.468059579752236,43.80234070139715,46.80828151259738,Moderate Economic Risk,25792.068975901,5.219835406880933,20,12.051685579392032,12.100855557600383,Very Low Market Risk,26.536488421550384,Low Risk,0.6457772417179334,Low Risk / Low Return (SAFE)
FREWVILLE,2480000.0,2728455.1469417224,-248455.1469417224,-10.018352699262998,248455.1469417224,37.25095114240993,3744830.640671552,3683785.272343578,3805876.008999527,890.0,91.41583054626533,0.5830546265328874,0.6426592797783933,5.999832715074382,896.0,51.00123551094968,248455.1469417224,9.106074080792986,Undervalued,71.86229999650348,100.0,92.23960258250057,49.732047159699896,73.53166430484289,79.81958401989044,Premium (>$1M),5.7854753072491185,Very Low Crime Risk,50.267952840300104,22.303991717934153,26.46833569515711,37.11884107456172,Low Economic Risk,248455.1469417224,50.52936158332599,70,32.2040917750352,52.7627675770892,Moderate Market Risk,30.847616644873437,Low Risk,1.6014145133576088,Low Risk / High Return (BEST)
FULHAM,1620000.0,1707255.9771863492,-87255.97718634922,-5.386171431256124,87255.97718634922,16.105431010224184,1982216.9107600253,1921171.542432051,2043262.279088,812.0,62.307428962684014,0.4809996576514892,0.5890073831009024,3.756130489500304,2920.0,22.359068565433677,87255.97718634922,5.110890127334732,Undervalued,64.02053776378973,59.14383280325698,95.44768474028918,41.37191854233655,53.041065277988906,64.59155078715837,Premium (>$1M),3.780186413571863,Very Low Crime Risk,58.62808145766345,29.327894074016797,46.958934722011094,47.50419589543898,Moderate Economic Risk,87255.97718634922,17.727075419054845,20,17.957425660564898,18.58018658276316,Very Low Market Risk,28.602191188343685,Low Risk,0.7553180243710439,Low Risk / High Return (BEST)
FULHAM GARDENS,1440000.0,1512786.6118603875,-72786.61186038773,-5.054625823638037,72786.61186038773,17.001629549158068,1769984.9874781503,1708939.619150176,1831030.355806125,767.0,30.7271067843018,0.4721630666261028,0.5771872740419378,2.5632241767350674,6573.0,22.91562413042712,72786.61186038773,4.811426230886361,Fairly Valued,63.43274889083999,59.93772270903486,97.15332170685072,36.548767416934616,51.266854326281965,64.05392023104925,Premium (>$1M),1.6046059667643824,Very Low Crime Risk,63.451232583065384,30.875337818037238,48.733145673718035,50.73484677168747,Moderate Economic Risk,72786.61186038773,14.782716197119392,20,14.9755653110246,16.656977806603905,Very Low Market Risk,29.180200737193832,Low Risk,0.7592932972836755,Low Risk / High Return (BEST)
FULLARTON,1951500.0,2080598.0550748715,-129098.05507487128,-6.615324369709008,129098.05507487128,16.350078492935634,2420777.470202105,2359732.1018741303,2481822.83853008,846.0,53.09931126416352,0.583203732503888,0.543910851684797,3.8220849698709496,4500.0,24.047013589654377,129098.05507487128,6.204853203624936,Undervalued,66.16777264347785,61.55157535498692,95.35338194498436,45.01607717041801,73.56160180517013,68.41747377686667,Premium (>$1M),3.1458356712442135,Very Low Crime Risk,54.98392282958199,35.23176053318015,26.438398194829873,43.349169213711015,Moderate Economic Risk,129098.05507487128,26.241485354849654,20,23.449018470968277,23.358848759681933,Low Market Risk,27.29010506016516,Low Risk,0.8500149977708845,Low Risk / High Return (BEST)
GAWLER,791000.0,725239.445210606,65760.55478939402,8.313597318507462,65760.55478939402,13.964285714285714,826513.9534525156,765468.5851245411,887559.3217804902,597.0,514.2002989536621,0.3991031390134529,0.4241435562805872,26.957881077591207,668.0,4.489753913086681,-65760.55478939402,-9.067426658004996,Overvalued,36.19128374546404,33.654430813656724,62.27344207889009,18.32797427652733,36.59788036008974,38.134665420319486,Upper-Mid ($750k-$1M),34.91125868227315,Low Crime Risk,81.67202572347267,50.91123955380171,63.402119639910254,68.78980865585889,High Economic Risk,65760.55478939402,13.352989635878501,40,4.224302161848754,20.39727139481359,Low Market Risk,48.94773621157411,Moderate Risk,0.08988903709406344,High Risk / Low Return (AVOID)
GAWLER EAST,860000.0,802879.5124813222,57120.48751867784,6.641917153334632,57120.48751867784,14.486450317832052,919188.254168981,858142.8858410064,980233.6224969556,776.0,29.349736379613358,0.3810193321616871,0.5537948290241869,2.4968028757594896,5689.0,6.882355135928021,-57120.48751867784,-7.1144532436934815,Overvalued,40.024587378100414,37.067319083649885,97.24829196989546,37.51339764201501,32.96701319957712,49.64757534458165,Upper-Mid ($750k-$1M),1.5097183939421284,Very Low Crime Risk,62.48660235798499,33.93778779370878,67.03298680042289,54.8312348771897,Moderate Economic Risk,57120.48751867784,11.594829469652591,40,5.367348629172533,19.97976894515417,Very Low Market Risk,31.864486745808325,Low Risk,0.2094161758605838,Low Risk / Low Return (SAFE)
GAWLER SOUTH,982500.0,966704.4622016514,15795.53779834858,1.6076883255316623,15795.53779834858,29.06784335355764,1247704.6009662794,1186659.2326383048,1308749.969294254,715.0,62.237495227185946,0.3818251240931653,0.5444887118193891,4.472758056291305,2618.0,26.99283470394701,-15795.53779834858,-1.633957265737094,Fairly Valued,50.781725691913735,65.75359541185546,94.42303891848746,30.97534833869239,33.1288001223303,58.51670660727236,Upper-Mid ($750k-$1M),3.775368651844721,Very Low Crime Risk,69.02465166130762,35.15610928108657,66.8711998776697,58.43339859051372,Moderate Economic Risk,15795.53779834858,3.1856495184936087,20,7.396670255943014,10.123427371383197,Very Low Market Risk,32.37399536508691,Low Risk,0.8087984195079221,Low Risk / High Return (BEST)
GAWLER WEST,625000.0,537973.2825016822,87026.71749831783,13.924274799730853,87026.71749831783,17.04260651629073,629657.952201217,568612.5838732424,690703.3205291915,545.0,77.8688524590164,0.2745901639344262,0.445409429280397,5.766553171837608,975.0,0.7452723521947116,-87026.71749831783,-16.17677314635894,Significantly Overvalued,22.237031465442573,28.31317416195377,92.5731494907778,12.754555198285104,11.598162326272012,35.33703239064674,Mid-Range ($500k-$750k),4.852218816910869,Very Low Crime Risk,87.2454448017149,48.12719230258524,88.401837673728,75.74124762637862,High Economic Risk,87026.71749831783,17.680423554134265,40,1.4743642839393687,21.440760492638546,Low Market Risk,43.61444155679028,Moderate Risk,0.01670473340445257,High Risk / Low Return (AVOID)
GILLES PLAINS,915000.0,876837.837387226,38162.16261277394,4.170728154401524,38162.16261277394,18.702118071203245,1040825.0850283704,979779.7167003956,1101870.453356345,678.0,98.24475865431496,0.4678205753291077,0.5630454408666867,6.35914593950652,4101.0,13.75137541293664,-38162.16261277394,-4.352248612638383,Fairly Valued,45.446253115440335,46.86552469599505,91.7258506544508,27.009646302250808,50.394968822620335,52.78637106712068,Upper-Mid ($750k-$1M),6.2559227707236005,Very Low Crime Risk,72.99035369774919,32.72673285736019,49.60503117737968,56.234202941558586,Moderate Economic Risk,38162.16261277394,7.737015563399765,20,6.278472624865403,11.664424381576257,Very Low Market Risk,32.32676317831162,Low Risk,0.4126225922199896,Low Risk / Low Return (SAFE)
GLANDORE,1417000.0,1472512.2066726682,-55512.206672668224,-3.917586921148075,55512.206672668224,16.73782156540777,1718978.672354388,1657933.3040264137,1780024.0406823626,799.0,80.21038790269559,0.5525969756738988,0.6302681992337165,4.919469661055176,3041.0,21.31112719508737,55512.206672668224,3.7698978943003287,Fairly Valued,61.38843311732679,57.64901336725913,93.7843233560632,39.97856377277599,67.41637645661733,64.3240701598036,Premium (>$1M),5.01352808722168,Very Low Crime Risk,60.02143622722401,23.92618487832395,32.58362354338267,43.70529828578572,Moderate Economic Risk,55512.206672668224,11.267561726131444,20,14.594549821916674,15.155662145931746,Very Low Market Risk,26.387839998245717,Low Risk,0.7781236927210184,Low Risk / High Return (BEST)
GLANVILLE,870000.0,889345.9754036798,-19345.975403679768,-2.223675333756295,19345.975403679768,,,,,790.0,80.93278463648834,0.429355281207133,0.6058158319870759,5.344305991729695,728.0,,19345.975403679768,2.175303643207977,Fairly Valued,58.25855746694665,50.0,93.17688541849616,39.01393354769561,42.67190617371241,58.73222497330881,Upper-Mid ($750k-$1M),5.063294273899563,Very Low Crime Risk,60.98606645230439,27.127395842922198,57.3280938262876,50.09687074428638,Moderate Economic Risk,19345.975403679768,3.9081251398953825,50,5.533007537480328,20.446501940328236,Low Market Risk,30.656724042378706,Low Risk,,Unknown Growth
GLEN OSMOND,2034000.0,2026852.106553204,7147.893446796108,0.3514205234413032,7147.893446796108,8.415178571428573,2197415.330698417,2136369.9623704427,2258460.6990263923,927.0,67.74941995359629,0.5758700696055684,0.5780979827089338,4.078561074826789,2154.0,8.034185383403024,-7147.893446796108,-0.3526598425058044,Fairly Valued,53.2966611390466,38.71032916953558,94.98666821317556,53.69774919614147,72.08914879778919,59.92749153593312,Premium (>$1M),4.155087249752556,Very Low Crime Risk,46.30225080385853,30.756111301400395,27.910851202210807,37.96012903279154,Low Economic Risk,7147.893446796108,1.4259474983347113,40,24.81570446450758,20.77430511546078,Low Market Risk,24.381451714413693,Low Risk,0.3165376619825314,Low Risk / Low Return (SAFE)
GLENALTA,1100000.0,1071497.381300353,28502.61869964702,2.591147154513365,28502.61869964702,17.460317460317462,1258584.225654383,1197538.8573264084,1319629.5939823575,945.0,10.294117647058824,0.5504901960784314,0.6236230110159119,1.2478786831076525,2039.0,14.416747786762087,-28502.61869964702,-2.6600735752668547,Fairly Valued,48.76766070362279,47.81463462209867,99.03402421778844,55.62700964630225,66.99337720041407,61.43415087715593,Premium (>$1M),0.19696954729664656,Very Low Crime Risk,44.37299035369775,24.796147658208895,33.00662279958593,36.22666403422873,Low Economic Risk,28502.61869964702,5.771402935645079,20,9.343162428559596,11.64435178139793,Very Low Market Risk,20.50129323758295,Low Risk,0.6705060773536399,Low Risk / Low Return (SAFE)
GLENELG,1949000.0,2095106.9571388715,-146106.95713887154,-7.496508832163752,146106.95713887154,15.978260869565217,2429868.6122469306,2368823.243918956,2490913.9805749054,915.0,197.6169718105202,0.5704736995059576,0.4970340305963159,10.761198720799268,3440.0,24.672581439042105,146106.95713887154,6.973723066549248,Undervalued,67.67691332966145,62.4439067451401,85.43172355311692,52.41157556270096,71.00566548361434,67.96269827857341,Premium (>$1M),13.10171245828467,Very Low Crime Risk,47.58842443729904,41.36869574850467,28.994334516385663,42.00368784647806,Moderate Economic Risk,146106.95713887154,29.702612814067237,20,23.40760374389133,24.73294606159973,Low Market Risk,29.878946873044377,Low Risk,0.7990098088668921,Low Risk / High Return (BEST)
GLENELG EAST,1827000.0,1924786.7255874253,-97786.72558742527,-5.3523111979981,97786.72558742527,17.141137008686677,2254717.05534538,2193671.687017405,2315762.4236733546,976.0,46.93983402489626,0.5471991701244814,0.63838199513382,3.045054853520996,3855.0,23.4108952022649,97786.72558742527,5.080392767026268,Undervalued,63.96067742918427,60.64419431634048,96.46439232056522,58.949624866023576,66.33260493279691,69.11783449513668,Premium (>$1M),2.7215069336014217,Very Low Crime Risk,41.050375133976424,22.86395756356397,33.66739506720309,34.11785384949802,Low Economic Risk,97786.72558742527,19.8699687298594,20,21.38656506253624,20.29462875757782,Low Market Risk,21.934304756345,Low Risk,1.0207806799021473,Low Risk / High Return (BEST)
GLENELG NORTH,1400000.0,1412620.5860028276,-12620.586002827622,-0.9014704287734016,12620.586002827622,12.38095238095238,1587516.468079368,1526471.0997513935,1648561.8364073427,950.0,46.55041698256255,0.5367702805155421,0.6317460317460317,2.966275891459793,6594.0,13.39403343424058,12620.586002827622,0.8934165428339835,Fairly Valued,55.74246459927921,46.35579986770978,96.5770317696494,56.162915326902464,64.238692234431,62.47540222311956,Premium (>$1M),2.6946798449425624,Very Low Crime Risk,43.837084673097536,23.732712663771252,35.761307765569,36.19061768879394,Low Economic Risk,12620.586002827622,2.5395811949874108,20,14.312929677793424,11.594064897443321,Very Low Market Risk,21.222525777368407,Low Risk,0.6027232713520426,Low Risk / Low Return (SAFE)
GLENELG SOUTH,2681200.0,2462707.1377757327,218492.86222426733,8.149069902441717,218492.86222426733,,,,,889.0,46.681922196796336,0.5551487414187642,0.5496957403651116,3.24261750253605,2184.0,,-218492.86222426733,-8.872060297904754,Overvalued,36.57474957883343,50.0,96.181914012113,49.62486602357985,67.92872004225171,56.94540958383477,Premium (>$1M),2.703739289337214,Very Low Crime Risk,50.37513397642015,34.474424898326745,32.07127995774829,41.944150449257755,Moderate Economic Risk,218492.86222426733,44.4323609664567,50,35.537149010188024,44.157231639129684,Moderate Market Risk,30.614643339255977,Low Risk,,Unknown Growth
GLENGOWRIE,1500000.0,1550438.48960648,-50438.489606480114,-3.3625659737653413,50438.489606480114,17.697228144989335,1824823.1263598653,1763777.758031891,1885868.49468784,856.0,35.714285714285715,0.4980929264909847,0.6023451964616334,2.323722238549057,5767.0,21.6548750906577,50438.489606480114,3.253175791532498,Fairly Valued,60.374209012129896,58.139347130122296,97.49576549724884,46.08788853161844,56.47305219334783,64.70674108469686,Premium (>$1M),1.9481746264986535,Very Low Crime Risk,53.91211146838156,27.581758252340734,43.52694780665218,43.93597277122343,Moderate Economic Risk,50438.489606480114,10.235115222999864,20,15.969518760871365,15.086425779417787,Very Low Market Risk,25.56972392944487,Low Risk,0.8150207035707858,Low Risk / High Return (BEST)
GLENSIDE,1240000.0,1232840.2643768457,7159.735623154324,0.5773980341253487,7159.735623154324,0.1749271137026228,1234996.836267884,1173951.4679399093,1296042.2045958585,761.0,96.03925692253767,0.5867507886435331,0.4911993450675399,5.922789440318,2852.0,-0.403480946138396,-7159.735623154324,-0.5807512806027064,Fairly Valued,52.8489623983352,26.67455314163133,92.34976031747377,35.90568060021436,74.27377981942904,53.8065091403782,Premium (>$1M),6.10398491474,Very Low Crime Risk,64.09431939978563,42.13255059745663,25.726220180570962,49.832168915244,Moderate Economic Risk,7159.735623154324,1.4283572530394002,80,11.662387144868715,31.48693968743294,Low Market Risk,33.044667869530585,Low Risk,-0.011851516592397273,Low Risk / Low Return (SAFE)
GLENUNGA,2447500.0,2595289.252040258,-147789.25204025814,-6.038375977130057,147789.25204025814,19.16013009374402,3092550.0490401275,3031504.6807121527,3153595.4173681024,902.0,63.61556064073226,0.5743707093821511,0.5482233502538071,4.0592128728647,2184.0,26.355466763641576,147789.25204025814,5.694519480789097,Undervalued,65.1660876746668,64.8444319681643,95.01433258895251,51.018220793140415,71.78810721724093,69.59534465292678,Premium (>$1M),3.8703041040924293,Very Low Crime Risk,48.981779206859585,34.66718461442832,28.211892782759065,40.533423544310104,Moderate Economic Risk,147789.25204025814,30.044941616701397,20,31.665700323034873,26.934401727439276,Low Market Risk,26.814683348870638,Low Risk,0.9475379041017086,Low Risk / High Return (BEST)
GLYNDE,1425000.0,1510515.097245148,-85515.09724514792,-6.001059455799854,85515.09724514792,21.118012422360245,1829505.8631230053,1768460.494795031,1890551.23145098,661.0,42.32049453162149,0.4821683309557774,0.4994535519125683,3.182295211127939,2102.0,28.386376359509143,85515.09724514792,5.661320260956605,Undervalued,65.10092411992919,67.74139092270404,96.26816381147476,25.18756698821008,53.27571153121924,64.82496393030316,Premium (>$1M),2.4032788730399135,Very Low Crime Risk,74.81243301178992,41.05194121555734,46.72428846878077,59.066656564318315,Moderate Economic Risk,85515.09724514792,17.37282519496508,20,14.727076948562908,17.63089931512676,Very Low Market Risk,33.78049180709648,Low Risk,0.8161579921568933,Low Risk / High Return (BEST)
GOLDEN GROVE,1160000.0,1160140.4076973218,-140.40769732184708,-0.0121041118380902,140.40769732184708,23.1638418079096,1428873.496485967,1367828.1281579924,1489918.8648139415,792.0,43.592233009708735,0.4448543689320388,0.6030933829515059,2.9136225954885484,10299.0,23.17874969706612,140.40769732184708,0.0121026469201716,Fairly Valued,54.01261833821769,60.31305402264637,96.65231631384106,39.228295819935695,45.783813367786976,61.07513797966416,Premium (>$1M),2.4908894221264983,Very Low Crime Risk,60.771704180064305,27.48380852130711,54.21618663221303,49.47423197286689,Moderate Economic Risk,140.40769732184708,0.0,20,10.337115878406362,9.584278969601591,Very Low Market Risk,27.401238606991715,Low Risk,0.8161175650754914,Low Risk / High Return (BEST)
GOODWOOD,2110000.0,2171529.4178428217,-61529.41784282168,-2.9160861536882314,61529.41784282168,16.130892316563354,2521816.4898575423,2460771.1215295675,2582861.858185517,1006.0,62.6770538243626,0.6342067988668555,0.6550858099623273,3.9239550079464975,2823.0,19.517369187561247,61529.41784282168,2.833460018420771,Fairly Valued,59.550389299094455,55.09033555473919,95.20772649755536,62.165058949624864,83.80199865638195,68.38420468600613,Premium (>$1M),3.8056500113521388,Very Low Crime Risk,37.834941050375136,20.67715762553412,16.198001343618046,28.360218081571414,Low Economic Risk,61529.41784282168,12.491999066681972,20,26.074712167646812,18.51547766858449,Very Low Market Risk,19.024899577908247,Very Low Risk,0.9746550344298898,Low Risk / Low Return (SAFE)
GRANGE,1737500.0,1837822.6845024256,-100322.6845024256,-5.773967453377013,100322.6845024256,18.26697892271663,2173537.3669173885,2112491.9985894137,2234582.735245364,824.0,39.0625,0.4993489583333333,0.5551750380517504,2.695184070489945,6143.0,25.09567579380653,100322.6845024256,5.458779312520408,Undervalued,64.7033759773336,63.04742301299567,96.96464329138476,42.65809217577706,56.725238295882775,66.63703486068079,Premium (>$1M),2.178834386414207,Very Low Crime Risk,57.341907824222936,33.75709607466548,43.27476170411722,47.453035075334554,Moderate Economic Risk,100322.6845024256,20.386008918880925,20,19.903917833181477,20.13038302584774,Low Market Risk,28.406244458761087,Low Risk,0.8534131527404107,Low Risk / High Return (BEST)
GREEN FIELDS,911000.0,920981.4890014082,-9981.48900140822,-1.0956628980689591,9981.48900140822,,,,,587.0,315.7894736842105,0.4561403508771929,0.5833333333333334,15.979862847218383,170.0,,9981.48900140822,1.0837882325116914,Fairly Valued,56.11612687457953,50.0,77.96999218759537,17.256162915326904,48.04981308536288,52.32224224572825,Upper-Mid ($750k-$1M),21.24266121031198,Low Crime Risk,82.74383708467309,30.070719099766137,51.95018691463712,60.78317165519381,High Economic Risk,9981.48900140822,2.002553521785368,50,6.212209061542284,19.854073674099716,Very Low Market Risk,40.735198925510446,Moderate Risk,,Unknown Growth
GREENACRES,1050500.0,1030612.3482146944,19887.6517853057,1.893160569757801,19887.6517853057,19.026478515934677,1226701.585230333,1165656.2169023585,1287746.9535583076,789.0,109.62168602919272,0.5162347333929104,0.6505977632086386,6.51777854753397,3356.0,16.773116157099764,-19887.6517853057,-1.929692752057223,Fairly Valued,50.20125495651969,51.17583911122705,91.49903515564898,38.90675241157556,60.11556460528124,58.00171261815693,Premium (>$1M),7.039683639334242,Very Low Crime Risk,61.09324758842444,21.264715645280134,39.884435394718764,44.90292556674002,Moderate Economic Risk,19887.6517853057,4.018350420245677,20,8.523150832436015,10.738127876207276,Very Low Market Risk,26.710993450411735,Low Risk,0.6052874353680217,Low Risk / Low Return (SAFE)
GREENHILL,1191500.0,1222448.7238889302,-30948.72388893017,-2.597458991937068,30948.72388893017,15.368342458934794,1410318.830161059,1349273.4618330845,1471364.1984890336,1095.0,10.989010989010987,0.5494505494505495,0.6818181818181818,1.3113887103701956,454.0,18.364987843983137,30948.72388893017,2.5316991448503585,Fairly Valued,58.95809191072841,53.44653936651101,98.94321654153832,71.70418006430869,66.78463692627507,68.27179642542775,Premium (>$1M),0.24484101481456522,Very Low Crime Risk,28.295819935691313,17.177457124903214,33.21536307372493,25.944219720061607,Low Economic Risk,30948.72388893017,6.26915886409396,20,10.858941439575913,12.222398905531563,Very Low Market Risk,15.490041945581487,Very Low Risk,1.1137017058288345,Low Risk / Low Return (SAFE)
GREENWITH,905000.0,887396.7592771184,17603.24072288163,1.9451094721416164,17603.24072288163,13.517665130568355,1007352.081575715,946306.7132477404,1068397.4499036896,873.0,18.40855106888361,0.4389350752177355,0.6805131337813073,1.6091831736954438,10103.0,11.309622273559668,-17603.24072288163,-1.9836945017943717,Fairly Valued,50.09526011710243,43.38252445005257,98.51742514480448,47.90996784565916,44.59533743808559,57.223723097262194,Upper-Mid ($750k-$1M),0.7559759624220629,Very Low Crime Risk,52.09003215434084,17.34830905276897,55.40466256191442,42.33044130538399,Moderate Economic Risk,17603.24072288163,3.553497496374068,20,6.112813716557608,9.94960242768903,Very Low Market Risk,23.38193392695642,Low Risk,0.46385255195265146,Low Risk / Low Return (SAFE)
GULFVIEW HEIGHTS,982500.0,982223.8513665248,276.148633475299,0.028106731142524,276.148633475299,9.706959706959708,1077567.9248508213,1016522.5565228468,1138613.2931787958,816.0,24.761904761904763,0.4315646258503401,0.6621975147155004,1.915562646066865,3674.0,9.676124666750257,-276.148633475299,-0.0281146332469024,Fairly Valued,53.93367970800927,41.05244755795721,98.07935876165244,41.80064308681672,43.115498442587565,56.64073386150384,Upper-Mid ($750k-$1M),1.193660922952665,Very Low Crime Risk,58.19935691318328,19.746120274294825,56.88450155741243,46.40041485036257,Moderate Economic Risk,276.148633475299,0.02762181119585557,40,7.396670255943014,15.860216288464096,Very Low Market Risk,26.730348959759905,Low Risk,0.3489362748659054,Low Risk / Low Return (SAFE)
HACKHAM,770500.0,701403.9851057223,69096.01489427767,8.967685255584383,69096.01489427767,23.249299719887954,864475.49985019,803430.1315222154,925520.8681781646,613.0,51.8699910952805,0.3394924309884238,0.5044414535666218,4.422803134966709,4491.0,12.196690441296562,-69096.01489427767,-9.851100986240173,Overvalued,34.65308479855888,44.64786884403325,94.49446528245346,20.042872454448016,24.629241015667034,45.92614067680058,Upper-Mid ($750k-$1M),3.061147335666727,Very Low Crime Risk,79.95712754555198,40.39894409244699,75.37075898433297,67.17239879737667,High Economic Risk,69096.01489427767,14.031719662937196,20,3.8847013998177755,13.583863215129323,Very Low Market Risk,37.22131624241422,Low Risk,0.3191070230009998,Low Risk / Low Return (SAFE)
HACKHAM WEST,755500.0,760391.5057386465,-4891.5057386464905,-0.6474527781133674,4891.5057386464905,22.300242130750604,929960.6526600248,868915.2843320504,991006.0209879996,496.0,85.33554266777134,0.2863849765258216,0.4161964819117159,7.116621368423619,3620.0,23.09207844606551,4891.5057386464905,0.6432877934235822,Fairly Valued,55.25151094025068,60.18942318393338,90.64279989095188,7.502679528403002,13.966325072840869,52.27340349279347,Upper-Mid ($750k-$1M),5.366601954890885,Very Low Crime Risk,92.49732047159699,51.95164031948233,86.03367492715913,79.04088731707502,High Economic Risk,4891.5057386464905,0.9667970237225392,20,3.636213037356084,8.295772068828036,Very Low Market Risk,42.78957865877038,Moderate Risk,0.5273418734171931,High Risk / High Return (AGGRESSIVE)
HALLETT COVE,985000.0,966573.104738815,18426.89526118501,1.8707507879375649,18426.89526118501,15.183246073298426,1113330.2777096296,1052284.909381655,1174375.6460376042,838.0,21.817309997602493,0.5037960521058099,0.6332345348503681,2.0735646661298186,12512.0,13.028454589810112,-18426.89526118501,-1.9064150627452316,Fairly Valued,50.246944493481706,45.83432569223782,97.85344488784112,44.158628081457664,57.61812588700571,58.48896054959141,Upper-Mid ($750k-$1M),0.9908066658997409,Very Low Crime Risk,55.841371918542336,23.537843495875265,42.38187411299429,43.4584138306326,Moderate Economic Risk,18426.89526118501,3.7211022793697173,20,7.438084983019961,10.347962157502877,Very Low Market Risk,24.096041346586798,Low Risk,0.5191438127584236,Low Risk / Low Return (SAFE)
HAMPSTEAD GARDENS,1200000.0,1235125.486333057,-35125.48633305705,-2.9271238610880874,35125.48633305705,18.105135299277958,1458746.6267495218,1397701.2584215472,1519791.9950774964,761.0,52.734375,0.5540364583333334,0.646921278254092,3.804486550915236,1535.0,21.562218895793485,35125.48633305705,2.8438799718513224,Fairly Valued,59.57084162325028,58.00717916265017,95.37854445238555,35.90568060021436,67.70539581847576,63.60514783999447,Premium (>$1M),3.120695072736051,Very Low Crime Risk,64.09431939978563,21.746027079423257,32.294604181524235,45.02988866002464,Moderate Economic Risk,35125.48633305705,7.119084810613072,20,10.99975151163754,12.597571802154615,Very Low Market Risk,25.97066721226406,Low Risk,0.7994692428665149,Low Risk / High Return (BEST)
HAPPY VALLEY,909750.0,872838.2784835167,36911.72151648335,4.057347789665661,36911.72151648335,18.8215242357905,1037119.7466075482,976074.3782795736,1098165.114935523,773.0,18.5622975221084,0.4396287540495578,0.6015188271279401,1.7665973299810809,11420.0,14.000521748562594,-36911.72151648335,-4.228930195478407,Fairly Valued,45.6883029728558,47.22091555605648,98.29235180824172,37.19185423365487,44.73461429008096,55.22242970657553,Upper-Mid ($750k-$1M),0.7665676142586871,Very Low Crime Risk,62.80814576634513,27.689943384076415,55.26538570991904,50.76413304037929,Moderate Economic Risk,36911.72151648335,7.4825643355532785,20,6.19150169800381,11.540901158722265,Very Low Market Risk,27.920217036211703,Low Risk,0.4841084605634945,Low Risk / Low Return (SAFE)
HAWTHORN,2050000.0,2100230.9501127363,-50230.95011273632,-2.4502902494017715,50230.95011273632,12.982176110667728,2372886.6307871216,2311841.262459147,2433931.9991150964,1027.0,48.15481548154816,0.6201620162016201,0.6174242424242424,3.253645228874876,2221.0,15.750567355469348,50230.95011273632,2.391686976617501,Fairly Valued,58.68327549532447,49.71724050429513,96.1661463885374,64.41586280814576,80.98208686603009,67.02811016020348,Premium (>$1M),2.805207469821251,Very Low Crime Risk,35.58413719185424,25.607666877698193,19.017913133969913,29.27795128603056,Low Economic Risk,50230.95011273632,10.19288318250919,20,25.08075871780005,17.34734295245369,Very Low Market Risk,18.950006474452394,Very Low Risk,0.7895018668610073,Low Risk / Low Return (SAFE)
HAWTHORNDENE,1111000.0,1101369.1123830248,9630.887616975231,0.8668665721849895,9630.887616975231,15.24252491694352,1269245.573765527,1208200.2054375524,1330290.9420935016,928.0,10.029498525073748,0.5460176991150443,0.6560885608856089,1.115117884497899,3389.0,14.243525991496576,-9630.887616975231,-0.8744468597032786,Fairly Valued,52.27249560057678,47.56754512489164,99.2238477801218,53.80493033226153,66.09538915602899,62.09868298286243,Premium (>$1M),0.17873983499699875,Very Low Crime Risk,46.19506966773847,20.545881286601713,33.904610843971014,36.04222138864395,Low Economic Risk,9630.887616975231,1.9312099350956033,20,9.52538722769817,10.153830780962783,Very Low Market Risk,20.10549880101363,Low Risk,0.674872748840814,Low Risk / Low Return (SAFE)
HAZELWOOD PARK,1616700.0,1691065.483783369,-74365.48378336895,-4.599831990064264,74365.48378336895,11.234411996842937,1881046.747367998,1820001.3790400235,1942092.1156959725,1158.0,23.02968270214944,0.6299897645854657,0.6269891788669637,1.6520292389340403,1953.0,16.351008063833604,74365.48378336895,4.397551986987123,Fairly Valued,62.62039495352186,50.573729680527,98.4561631395987,78.45659163987139,82.95530241523298,71.18480252161206,Premium (>$1M),1.0743274841914863,Very Low Crime Risk,21.54340836012861,24.355461759589176,17.04469758476702,21.487282224894464,Low Economic Risk,74365.48378336895,15.103999543137597,20,17.902758220823326,17.517289372460873,Very Low Market Risk,14.569397232196852,Very Low Risk,1.0502017399890353,Low Risk / Low Return (SAFE)
HEATHFIELD,1495000.0,1516232.3565532132,-21232.356553213205,-1.4202245186095788,21232.356553213205,15.459610027855154,1750635.965992498,1689590.5976645234,1811681.3343204728,863.0,17.873941674506113,0.5315145813734713,0.5988636363636364,1.7034025620549964,1062.0,17.099395718561738,21232.356553213205,1.400336594945106,Fairly Valued,56.73744920223081,51.64125544447196,98.38270872153372,46.838156484458736,63.18345283838447,62.95215912260124,Premium (>$1M),0.7191465172214233,Very Low Crime Risk,53.161843515541264,28.03755086526853,36.81654716161553,42.3554964496743,Moderate Economic Risk,21232.356553213205,4.291983284920475,20,15.88668930671747,12.688465640647557,Very Low Market Risk,23.931185308133088,Low Risk,0.6858637287888413,Low Risk / Low Return (SAFE)
HEATHPOOL,2514000.0,2362243.422655135,151756.57734486507,6.036458923821204,151756.57734486507,1.045891141942369,2386949.917363801,2325904.5490358267,2447995.2856917763,988.0,23.45058626465661,0.5896147403685092,0.5906313645621182,2.2723265838688658,596.0,-5.053702571050059,-151756.57734486507,-6.424256530442252,Overvalued,41.37930810740042,20.04131786405243,97.56925184534266,60.235798499464096,74.84880411341467,53.45822245356285,Premium (>$1M),1.1033236912412374,Very Low Crime Risk,39.764201500535904,29.115288594657216,25.151195886585327,33.64692650598218,Low Economic Risk,151756.57734486507,30.852249372355224,80,32.7673320632817,48.532732764762514,Moderate Market Risk,26.861006913315965,Low Risk,-0.18138980356214904,Low Risk / Low Return (SAFE)
HECTORVILLE,1335000.0,1396185.13511923,-61185.13511923002,-4.5831561887063685,61185.13511923002,15.054945054945051,1606380.0400767403,1545334.6717487655,1667425.408404715,717.0,41.254125412541256,0.5275813295615276,0.6049280177187154,3.37087140822903,4241.0,20.32809288964347,61185.13511923002,4.382308161016554,Fairly Valued,62.59047431402925,56.24677959005402,95.9985344790223,31.18971061093248,62.39373444805457,62.95637412397207,Premium (>$1M),2.3298162974700425,Very Low Crime Risk,68.81028938906752,27.24362511192244,37.60626555194543,50.099485338499576,Moderate Economic Risk,61185.13511923002,12.421941259077837,20,13.236146773792761,15.277813197079325,Very Low Market Risk,28.804250197906665,Low Risk,0.682053490849813,Low Risk / High Return (BEST)
HENDON,950000.0,909335.766341283,40664.23365871701,4.280445648286001,40664.23365871701,20.71474624666114,1097702.3628690112,1036656.9945410368,1158747.7311969858,681.0,70.75471698113208,0.4150943396226415,0.5484171322160148,4.733486316219729,1271.0,15.547617144106448,-40664.23365871701,-4.471861238047389,Fairly Valued,45.21147700014377,49.42774537692471,94.05024538591717,27.33118971061093,39.80859399052221,52.8109663771016,Upper-Mid ($750k-$1M),4.3621233088853275,Very Low Crime Risk,72.66881028938907,34.641815416595506,60.191406009477795,58.76523097156874,Moderate Economic Risk,40664.23365871701,8.246159937883283,20,6.858278803942682,12.013033676138983,Very Low Market Risk,33.09385921367777,Low Risk,0.4560239733103919,Low Risk / Low Return (SAFE)
HENLEY BEACH,1790000.0,1820657.1656499745,-30657.16564997449,-1.7126908184343286,30657.16564997449,11.94139194139194,2038068.9737092757,1977023.605381301,2099114.3420372503,971.0,50.63897763578274,0.5378594249201278,0.6349418271981689,3.163439644056809,6259.0,13.858601883199748,30657.16564997449,1.683851645898962,Fairly Valued,57.29393362068954,47.01847620295749,96.2951238098232,58.41371918542336,64.45737067332841,63.40961884405722,Premium (>$1M),2.976342348652584,Very Low Crime Risk,41.58628081457664,23.314331271949143,35.54262932667159,34.89596565420738,Low Economic Risk,30657.16564997449,6.209829918403429,20,20.7736271017974,14.677338742810722,Very Low Market Risk,21.27635328026161,Low Risk,0.6221216600779729,Low Risk / Low Return (SAFE)
HENLEY BEACH SOUTH,2111250.0,2144144.7037954624,-32894.70379546238,-1.5580676753327356,32894.70379546238,18.23257604928764,2535077.517521743,2474032.1491937684,2596122.885849718,1040.0,47.142857142857146,0.5385714285714286,0.666239863422962,2.9948452915739536,2799.0,20.07471959842478,32894.70379546238,1.5341643564090497,Fairly Valued,57.00012684054786,55.88535925586942,96.53618277386008,65.80921757770632,64.60032678300507,66.71002973586019,Premium (>$1M),2.735493273677077,Very Low Crime Risk,34.19078242229368,19.21691134844599,35.39967321699493,29.940399259079623,Low Economic Risk,32894.70379546238,6.665144711048756,20,26.09541953118529,16.189912767215823,Very Low Market Risk,19.0288301650861,Very Low Risk,1.0022911689280125,Low Risk / High Return (BEST)
HIGHBURY,1185000.0,1191712.8309384054,-6712.830938405357,-0.566483623494123,6712.830938405357,16.216216216216218,1384963.5602797684,1323918.191951794,1446008.928607743,856.0,19.404915912031047,0.4888601408653155,0.6341036414565826,1.7772311416951263,6956.0,16.874562048925608,6712.830938405357,0.5632926628069775,Fairly Valued,55.094496194151866,51.320545003268805,98.2771474102426,46.08788853161844,54.61929328057653,61.389027198911705,Premium (>$1M),0.8246159167073237,Very Low Crime Risk,53.91211146838156,23.42406336288626,45.38070671942347,43.05941608694135,Moderate Economic Risk,6712.830938405357,1.3374169871587793,20,10.751263149175847,10.222782582157473,Very Low Market Risk,23.821649334914365,Low Risk,0.6798324245597044,Low Risk / Low Return (SAFE)
HIGHGATE,2600000.0,2759154.9385370547,-159154.9385370547,-6.121343789886719,159154.9385370547,25.185972369819343,3454074.9389975034,3393029.570669529,3515120.307325478,988.0,25.249169435215947,0.6186046511627907,0.6365105008077544,1.9390601405756789,1504.0,32.84903611528859,159154.9385370547,5.768249412678544,Undervalued,65.31080506491631,74.10708153092968,98.04576165949368,60.235798499464096,80.66939907729362,74.83147391675503,Premium (>$1M),1.2272287722509696,Very Low Crime Risk,39.764201500535904,23.10896648627299,19.33060092270638,30.680910880691126,Low Economic Risk,159154.9385370547,32.357735792298485,50,34.19199867472874,38.99109398560158,Low Market Risk,23.50684286914117,Low Risk,1.3404026088016359,Low Risk / High Return (BEST)
HILLBANK,815000.0,799185.6727049941,15814.327295005904,1.9404082570559391,15814.327295005904,15.567765567765573,923601.024682878,862555.6563549034,984646.3930108524,823.0,78.3805345033905,0.3899082568807339,0.65308126687945,5.041228151754039,5013.0,13.325279102193614,-15814.327295005904,-1.978805155687957,Fairly Valued,50.1048569442039,46.257726335391,93.61023107362126,42.55091103965702,34.75173171151502,55.17574470893323,Upper-Mid ($750k-$1M),4.887468788220055,Very Low Crime Risk,57.44908896034298,20.939584785701953,65.24826828848498,48.05607357357907,Moderate Economic Risk,15814.327295005904,3.1894729776787365,20,4.62188354178746,9.43126007651836,Very Low Market Risk,27.380529438559222,Low Risk,0.4695218646657527,Low Risk / Low Return (SAFE)
HILLCREST,973750.0,945303.7176602928,28446.28233970725,2.921312692139384,28446.28233970725,18.406916233003187,1119304.981117488,1058259.6127895133,1180350.3494454625,759.0,68.0327868852459,0.5038251366120219,0.6036376115305422,4.54222595407028,3659.0,14.947879960717623,-28446.28233970725,-3.009221460602548,Fairly Valued,48.08235190864544,48.57225973279562,94.32371258147909,35.69131832797427,57.62396547483976,56.54860731876848,Upper-Mid ($750k-$1M),4.174608505814685,Very Low Crime Risk,64.30868167202573,27.412560184617007,42.37603452516024,48.85331579643001,Moderate Economic Risk,28446.28233970725,5.7599390962034605,20,7.251718711173694,11.116905316274808,Very Low Market Risk,27.90242151321437,Low Risk,0.5171843457436034,Low Risk / Low Return (SAFE)
HILLIER,835000.0,810259.0565487857,24740.94345121435,2.962987239666389,24740.94345121435,,,,,512.0,31.90184049079755,0.2429447852760736,0.2968536251709986,2.2598736740813967,814.0,,-24740.94345121435,-3.053460896394769,Fairly Valued,47.99551857610472,50.0,97.58705721953464,9.217577706323688,5.244402462851415,48.32314391897204,Upper-Mid ($750k-$1M),1.685533820116281,Very Low Crime Risk,90.78242229367632,67.57555344377707,94.75559753714859,84.614996687401,Very High Economic Risk,24740.94345121435,5.005942740388513,50,4.9532013584030485,20.74067743575617,Low Market Risk,46.96129397688662,Moderate Risk,,Unknown Growth
HILTON,1200000.0,1215001.0426959903,-15001.042695990298,-1.250086891332525,15001.042695990298,16.88311688311688,1420131.0888654431,1359085.7205374686,1481176.4571934177,748.0,246.42464246424643,0.5808580858085809,0.6224747474747475,13.35486406119935,908.0,18.3442574054536,15001.042695990298,1.2346526602729642,Fairly Valued,56.41224414618959,53.41696875950226,81.72325840699743,34.51232583065381,73.09064280710253,59.10848027044025,Premium (>$1M),16.464091515999073,Very Low Crime Risk,65.48767416934619,24.94647395591035,26.909357192897474,45.6096507100257,Moderate Economic Risk,15001.042695990298,3.0239783650799943,20,10.99975151163754,10.959529223941383,Very Low Market Risk,29.935958654600846,Low Risk,0.5929752366903106,Low Risk / Low Return (SAFE)
HOLDEN HILL,942750.0,918139.7731867672,24610.22681323276,2.6104722156704065,24610.22681323276,20.247252747252748,1104037.8536369451,1042992.4853089706,1165083.2219649197,706.0,79.90314769975787,0.4737691686844229,0.5771484375,5.504653534672861,3716.0,17.108231624178746,-24610.22681323276,-2.6804444739185223,Fairly Valued,48.72767662640531,51.65385928264907,92.94761787768888,30.010718113612008,51.5893275349259,55.78183185465603,Upper-Mid ($750k-$1M),4.992362192389802,Very Low Crime Risk,69.989281886388,30.880422150471176,48.410672465074086,53.940902081350174,Moderate Economic Risk,24610.22681323276,4.9793433194857215,20,6.73817609541953,10.676281351649171,Very Low Market Risk,30.603415968721862,Low Risk,0.5413412158075219,Low Risk / Low Return (SAFE)
HOPE VALLEY,940000.0,894222.3642063222,45777.63579367776,4.8699612546465705,45777.63579367776,18.78958479943702,1062243.0336243997,1001197.6652964252,1123288.4019523745,658.0,30.788026878436163,0.4127061698228467,0.4988505747126436,2.5361619427086834,8184.0,13.004578045148904,-45777.63579367776,-5.1192676034565805,Overvalued,43.94074532805399,45.80026737176875,97.19201573190465,24.866023579849948,39.32909720254605,51.73350684497141,Upper-Mid ($750k-$1M),1.6088027752981189,Very Low Crime Risk,75.13397642015005,41.13088069836209,60.67090279745395,62.04043297907444,High Economic Risk,45777.63579367776,9.286681922943856,20,6.692619895634888,12.387827743086266,Very Low Market Risk,33.98042287074391,Low Risk,0.37176731948616215,Low Risk / Low Return (SAFE)
HOVE,1550000.0,1634643.3955187912,-84643.39551879116,-5.460864227018785,84643.39551879116,17.73577109802706,1924560.0064170207,1863514.6380890463,1985605.374744996,778.0,30.72100313479624,0.4934169278996865,0.5162349507479023,2.172929838814434,3189.0,24.165161704323943,84643.39551879116,5.178095464174782,Undervalued,64.1524486541038,61.720105869319234,97.7113709379374,37.727759914255095,55.53420508737521,65.43061974702421,Premium (>$1M),1.60418548402062,Very Low Crime Risk,62.272240085744905,38.85498427428827,44.46579491262479,51.68577430768389,Moderate Economic Risk,84643.39551879116,17.195443329281556,20,16.797813302410336,18.077630657315208,Very Low Market Risk,29.939668930511175,Low Risk,0.7810413795505566,Low Risk / High Return (BEST)
HUNTFIELD HEIGHTS,770000.0,711903.427101443,58096.572898556944,7.545009467345058,58096.572898556944,28.3499446290144,913727.654496758,852682.2861687834,974773.0228247326,623.0,54.04761904761904,0.315,0.5148070595273706,4.617815469443161,4199.0,18.66592915542312,-58096.572898556944,-8.160737915689012,Overvalued,37.970935851386656,53.87581235273399,94.21563345546156,21.114683815648448,19.71165015186577,48.84172812222565,Upper-Mid ($750k-$1M),3.211164956347373,Very Low Crime Risk,78.88531618435155,39.041918364771774,80.28834984813422,67.21290357123415,High Economic Risk,58096.572898556944,11.793452278939663,20,3.876418454402385,12.686485525176462,Very Low Market Risk,37.10709837755658,Low Risk,0.4898281409538266,Low Risk / Low Return (SAFE)
HYDE PARK,2100000.0,2346821.2841962706,-246821.28419627063,-11.753394485536695,246821.28419627063,20.0,2816185.5410355246,2755140.1727075498,2877230.9093634994,1133.0,39.735099337748345,0.6237206502107164,0.6008492569002123,2.607619008032154,1660.0,34.10407338264403,246821.28419627063,10.5172594887557,Significantly Undervalued,74.63218007322429,75.89730964218802,97.08984525059068,75.77706323687032,81.69658948518682,80.31816891668166,Premium (>$1M),2.225170011474506,Very Low Crime Risk,24.22293676312968,27.77760097292868,18.30341051481318,24.105430776406077,Low Economic Risk,246821.28419627063,50.196888200176545,50,25.90905325933902,44.05601859490538,Moderate Market Risk,21.531470110626465,Low Risk,1.5136195381480948,Low Risk / High Return (BEST)
INGLE FARM,862500.0,825552.857427207,36947.14257279295,4.283726675106428,36947.14257279295,22.141273360785554,1008340.7723279411,947295.4039999666,1069386.1406559155,636.0,71.77284157585919,0.392078792958927,0.5168030207677785,5.202583610532732,9543.0,16.909075052514915,-36947.14257279295,-4.475442394801565,Fairly Valued,45.20444789206979,51.36977553278107,93.37952239825891,22.508038585209004,35.1875319958036,51.974641717829705,Upper-Mid ($750k-$1M),4.432262300761045,Very Low Crime Risk,77.49196141479099,38.7806147067963,64.8124680041964,63.34265872027367,High Economic Risk,36947.14257279295,7.489772137101336,20,5.408763356249483,11.348099693902904,Very Low Market Risk,35.27062798914573,Low Risk,0.46619195723810153,Low Risk / Low Return (SAFE)
IRONBANK,865000.0,826062.1674083977,38937.832591602346,4.501483536601427,38937.832591602346,,,,,906.0,7.434944237918216,0.5297397769516728,0.6512141280353201,1.2899999999999998,537.0,,-38937.832591602346,-4.713668550366117,Fairly Valued,44.73685668943352,50.0,98.9737984696278,51.446945337620576,62.8271075652756,59.71556925792626,Upper-Mid ($750k-$1M),0.0,Very Low Crime Risk,48.553054662379424,21.18402350527326,37.1728924347244,38.06631286971657,Low Economic Risk,38937.832591602346,7.894856007945326,50,5.450178083326431,22.020486924009738,Low Market Risk,23.43725381966023,Low Risk,,Unknown Growth
JOSLIN,2600000.0,2739785.0896327784,-139785.08963277843,-5.376349601260709,139785.08963277843,17.733990147783246,3225658.3074986897,3164612.939170715,3286703.6758266645,943.0,24.115755627009644,0.5667202572347267,0.5672348484848485,2.004403223722746,1243.0,24.063781057641915,139785.08963277843,5.102045783142584,Undervalued,64.00317805142929,61.57549304518361,97.95233304994396,55.41264737406216,70.25204925705297,69.5223953185281,Premium (>$1M),1.1491474624610656,Very Low Crime Risk,44.58735262593784,32.17827153796489,29.747950742947026,37.896747922947796,Low Economic Risk,139785.08963277843,28.416181206868707,20,34.19199867472874,26.914472151429667,Low Market Risk,24.67601263049815,Low Risk,0.937208646994463,Low Risk / High Return (BEST)
KANGARILLA,1075775.0,1061006.1294746725,14768.870525327744,1.3728586856292202,14768.870525327744,18.068421052631574,1252713.1843423855,1191667.816014411,1313758.55267036,771.0,18.76379690949227,0.423841059602649,0.6392811296534018,1.806314288767375,905.0,16.447508479225256,-14768.870525327744,-1.391968445332181,Fairly Valued,51.25670226738471,50.711381175726245,98.23556385064572,36.97749196141479,41.56476063164666,57.405068601653,Premium (>$1M),0.7804489839533929,Very Low Crime Risk,63.02250803858521,22.746246290307624,58.43523936835333,50.022175780055555,Moderate Economic Risk,14768.870525327744,2.9767338414697897,20,8.941853723183964,10.426156967383907,Very Low Market Risk,27.330453978690578,Low Risk,0.5805592981883255,Low Risk / Low Return (SAFE)
KENSINGTON,1290000.0,1373564.8605727286,-83564.86057272856,-6.477896168428571,83564.86057272856,12.636961285609932,1547141.7202360465,1486096.351908072,1608187.088564021,797.0,46.434494195688224,0.5831951354339414,0.5775095298602287,3.3806857159407766,1808.0,19.93346668496484,83564.86057272856,6.083794291147266,Undervalued,65.93015775043168,55.68387126579085,95.98450182125592,39.764201500535904,73.55987568526619,66.2175332994354,Premium (>$1M),2.6866938799153957,Very Low Crime Risk,60.235798499464096,30.833149311357573,26.440124314733808,44.655868906086084,Moderate Economic Risk,83564.86057272856,16.9759731422291,20,12.490681686407687,16.91305967849356,Very Low Market Risk,26.51655455271637,Low Risk,0.7244172465988136,Low Risk / Low Return (SAFE)
KENSINGTON GARDENS,2337500.0,2454882.1479541264,-117382.14795412635,-5.021696169160485,117382.14795412635,14.501231527093594,2810870.2919462426,2749824.923618268,2871915.6602742174,915.0,22.008803521408563,0.6066426570628252,0.5574526995846792,2.0227991094838376,2498.0,20.251135484331236,117382.14795412635,4.781579761454188,Fairly Valued,63.37416612731781,56.13700491328305,97.92603031145478,52.41157556270096,78.26766962354367,68.32021042556657,Premium (>$1M),1.003998727834053,Very Low Crime Risk,47.58842443729904,33.45891328527287,21.732330376456332,38.17835227952265,Low Economic Risk,117382.14795412635,23.857425073199924,20,29.843452331649132,24.003833112192254,Low Market Risk,24.19114238054999,Low Risk,0.8038990522306396,Low Risk / High Return (BEST)
KENSINGTON PARK,2518000.0,2714223.5099727428,-196223.5099727428,-7.792832008448879,196223.5099727428,15.078717201166183,3123493.597249099,3062448.228921124,3184538.965577074,888.0,22.07001522070015,0.60882800608828,0.5836314847942755,2.2357509376108484,2627.0,24.046608310131017,196223.5099727428,7.229452889630054,Undervalued,68.17886079735634,61.55099725040428,97.62154830288168,49.51768488745981,78.70644405172817,70.66401435067608,Premium (>$1M),1.0082156251583556,Very Low Crime Risk,50.48231511254019,30.0316862439182,21.29355594827183,38.509374619099916,Low Economic Risk,196223.5099727428,39.90078883518574,20,32.833595626604826,31.168714440725502,Low Market Risk,25.790894885242565,Low Risk,0.897566446105419,Low Risk / High Return (BEST)
KENT TOWN,3100000.0,2864613.8064146675,235386.19358533248,7.593103018881693,235386.19358533248,,,,,831.0,151.66204986149583,0.6135734072022161,0.5795026375282593,9.235102243268395,1443.0,,-235386.19358533248,-8.217030618865177,Overvalued,37.86044431986103,50.0,87.61376126954258,43.40836012861736,79.65922579781102,55.85806214894054,Premium (>$1M),9.935860347526281,Very Low Crime Risk,56.59163987138264,30.57221923222994,20.34077420218898,41.5356405457981,Moderate Economic Risk,235386.19358533248,47.86997103860811,50,42.47494409011844,47.266724437972854,Moderate Market Risk,33.20192326475151,Low Risk,,Unknown Growth
KERSBROOK,825000.0,832612.6391548766,-7612.639154876582,-0.9227441399850402,7612.639154876582,,,,,876.0,17.905102954341988,0.405550581915846,0.6546840958605664,1.614905260776936,1116.0,,7612.639154876582,0.914307421828668,Fairly Valued,55.78346929588821,50.0,98.50924361105986,48.231511254019296,37.89239809606598,59.96085600868793,Upper-Mid ($750k-$1M),0.721293229681337,Very Low Crime Risk,51.768488745980704,20.72974850862613,62.107601903934025,44.52468930636499,Moderate Economic Risk,7612.639154876582,1.5205182193452915,50,4.787542450095254,19.305092900261933,Very Low Market Risk,26.339751202139283,Low Risk,,Unknown Growth
KESWICK,1450000.0,1512570.5029355818,-62570.50293558184,-4.315207099005644,62570.50293558184,10.596310596310598,1672847.1714148133,1611801.8030868387,1733892.5397427878,867.0,109.93377483443707,0.6119205298013245,0.695024077046549,6.772828489360572,754.0,15.368770442400914,62570.50293558184,4.1366999299633065,Fairly Valued,62.1083935455956,49.17263232066165,91.13436057521994,47.2668810289389,79.3273610347971,64.17531651670862,Premium (>$1M),7.061183556229388,Very Low Crime Risk,52.733118971061096,15.448591523631308,20.672638965202907,35.13566473566052,Low Economic Risk,62570.50293558184,12.703848613958796,20,15.141224219332393,15.866845500416618,Very Low Market Risk,22.8595565347824,Low Risk,0.644134790183395,Low Risk / Low Return (SAFE)
KIDMAN PARK,1217500.0,1213560.800899039,3939.1991009609774,0.3235481807770823,3939.1991009609774,13.321995464852606,1375231.3157580378,1314185.9474300633,1436276.6840860124,798.0,34.83870967741935,0.4874838709677419,0.5681749164895232,2.58149910142215,3874.0,12.955344210105778,-3939.1991009609774,-0.3245984130372958,Fairly Valued,53.351740219350674,45.730038544456725,97.12719192048452,39.87138263665595,54.34296577851553,58.27847405936624,Premium (>$1M),1.8878558591745,Very Low Crime Risk,60.12861736334405,32.05520140844823,45.65703422148447,48.81227594850339,Moderate Economic Risk,3939.1991009609774,0.7730129310817403,20,11.289654601176178,10.13161882272674,Very Low Market Risk,26.998818496549394,Low Risk,0.46271038942955434,Low Risk / Low Return (SAFE)
KILBURN,1093556.0,1211491.040676701,-117935.04067670136,-10.7845451606229,117935.04067670136,21.524551780597623,1472259.057044459,1411213.6887164845,1533304.4253724336,542.0,176.2513312034079,0.4226127085552005,0.4814261315115286,11.110877726192133,5633.0,34.63042194862074,117935.04067670136,9.734701844004269,Undervalued,73.09617295690084,76.64811125074709,84.93174678910266,12.433011789924974,41.3181322797559,64.07399405404189,Premium (>$1M),11.629825323131618,Very Low Crime Risk,87.56698821007502,43.41202256347506,58.6818677202441,68.54347441812885,High Economic Risk,117935.04067670136,23.969932757523427,50,9.236411828046052,29.397076060020886,Low Market Risk,43.640100018008084,Moderate Risk,0.7757693628520237,High Risk / High Return (AGGRESSIVE)
KILKENNY,900000.0,881998.0039762197,18001.996023780317,2.000221780420035,18001.996023780317,13.971742543171114,1005228.4943276852,944183.1259997104,1066273.8626556597,655.0,203.5733622089876,0.5089334055224689,0.5485498108448928,11.438435326172776,1846.0,11.692054925298343,-18001.996023780317,-2.0410472521053102,Fairly Valued,49.98268792103588,43.92803947308317,84.46339957253872,24.54448017148982,58.64960382555011,52.416128567367785,Upper-Mid ($750k-$1M),13.512050465961112,Very Low Crime Risk,75.45551982851018,34.62444563487874,41.35039617444989,56.385172839608686,Moderate Economic Risk,18001.996023780317,3.6346398838283487,20,6.029984262403711,9.961352019132267,Very Low Market Risk,34.23847196341913,Low Risk,0.3317980114868716,Low Risk / Low Return (SAFE)
KINGS PARK,1820000.0,1900581.4875039149,-80581.48750391486,-4.42755425845686,80581.48750391486,2.6248548199767723,1950468.9922862477,1889423.6239582729,2011514.360614222,850.0,43.47826086956522,0.5756521739130435,0.5009823182711198,3.178126486527927,574.0,7.168625949793815,80581.48750391486,4.239833336993339,Fairly Valued,62.31082418848981,37.47566557004168,96.27412432212434,45.444801714898176,72.04539969557354,61.33824874027431,Premium (>$1M),2.483037837897039,Very Low Crime Risk,54.555198285101824,40.85180093547969,27.954600304426464,45.124059484080114,Moderate Economic Risk,80581.48750391486,16.368889015887035,40,21.270603826720784,25.86520656303501,Low Market Risk,28.47998240601617,Low Risk,0.2431692750376563,Low Risk / Low Return (SAFE)
KINGSTON PARK,1425000.0,1545928.31549132,-120928.3154913201,-8.486197578338253,120928.3154913201,20.512820512820507,1863041.816104924,1801996.4477769493,1924087.1844328984,878.0,46.47435897435898,0.5432692307692307,0.5678119349005425,2.72260812581208,623.0,30.7397765687666,120928.3154913201,7.822375350754035,Undervalued,69.34265125525128,71.0983615252836,96.92543192832136,48.44587352625938,65.54355161759892,71.78370833425936,Premium (>$1M),2.6894401797315437,Very Low Crime Risk,51.55412647374062,32.10272157820816,34.45644838240108,42.29916938681298,Moderate Economic Risk,120928.3154913201,24.579031781956566,50,14.727076948562908,31.013381949923357,Low Market Risk,28.159093137310624,Low Risk,1.0542089366089855,Low Risk / High Return (BEST)
KINGSWOOD,2200000.0,2276811.370518246,-76811.3705182462,-3.4914259326475543,76811.3705182462,7.878299415676003,2456185.3874178296,2395140.019089855,2517230.7557458044,906.0,41.48727984344423,0.5671232876712329,0.5240073868882733,2.752114876635264,2554.0,11.644790337174072,76811.3705182462,3.37363786534334,Fairly Valued,60.61065242797476,43.860619646972815,96.8832426931496,51.446945337620576,70.3329697174733,63.275337951155976,Premium (>$1M),2.3458783951932336,Very Low Crime Risk,48.553054662379424,37.83744648159812,29.667030282526696,41.561167332174485,Moderate Economic Risk,76811.3705182462,15.601711018479511,20,27.565642342416965,20.132094992996045,Low Market Risk,25.51076618324442,Low Risk,0.4392475968700565,Low Risk / Low Return (SAFE)
KLEMZIG,1215000.0,1224915.9203875223,-9915.920387522316,-0.8161251347754994,9915.920387522316,15.384615384615389,1413364.5235240643,1352319.1551960898,1474409.891852039,769.0,53.02353291629431,0.5479594876377718,0.5962633451957295,3.848430690358249,6713.0,16.326298232433277,9915.920387522316,0.8095184512244117,Fairly Valued,55.57778910652469,50.53848273133439,95.31571240271352,36.763129689174704,66.48526150080815,60.534095498790734,Premium (>$1M),3.140615271940356,Very Low Crime Risk,63.236870310825296,28.377971100000394,33.51473849919185,46.834774185251135,Moderate Economic Risk,9915.920387522316,1.98921101859913,20,11.248239874099228,10.60774437596446,Very Low Market Risk,26.48112054940057,Low Risk,0.5940914309911353,Low Risk / Low Return (SAFE)
KURRALTA PARK,1246500.0,1286924.032951397,-40424.03295139666,-3.2430030446367155,40424.03295139666,19.439935064935067,1537101.2292921918,1476055.8609642172,1598146.5976201664,826.0,87.5796178343949,0.6264331210191083,0.7009174311926606,5.424838004665225,3139.0,23.313375795603037,40424.03295139666,3.1411359113940294,Fairly Valued,60.154296710002455,60.50508929711887,93.06173942858516,42.87245444801715,82.24119943721567,66.43989733392162,Premium (>$1M),5.5211971495217504,Very Low Crime Risk,57.12754555198285,14.677056002325699,17.75880056278433,36.518649689246,Low Economic Risk,40424.03295139666,8.197281693967142,20,11.770065435268782,13.221429036404052,Very Low Market Risk,22.559969796760335,Low Risk,0.9895333481628145,Low Risk / High Return (BEST)
LARGS BAY,1070000.0,1082528.8641714817,-12528.864171481458,-1.170921885185183,12528.864171481458,12.649465072372562,1219462.9747432044,1158417.6064152298,1280508.343071179,858.0,73.3252131546894,0.4518879415347138,0.6013765414396329,4.557444039878704,4104.0,13.96850231244901,12528.864171481458,1.1573699867181355,Fairly Valued,56.260553421110245,47.17524193653284,94.30195351336336,46.30225080385852,47.1960142386252,59.19730625758025,Premium (>$1M),4.5392057712552925,Very Low Crime Risk,53.69774919614148,27.708570885492534,52.8039857613748,45.722243015993456,Moderate Economic Risk,12528.864171481458,2.520916795140354,20,8.846185703636213,10.219913143965194,Very Low Market Risk,26.266865868166356,Low Risk,0.5122885182325637,Low Risk / Low Return (SAFE)
LARGS NORTH,946000.0,889810.7568940991,56189.24310590094,5.93966629026437,56189.24310590094,9.496574696750676,974312.3000822696,913266.9317542952,1035357.6684102444,827.0,42.68597104343485,0.426610084872691,0.6026292201971916,2.9899196825903926,4005.0,2.9928435604936263,-56189.24310590094,-6.31474082219803,Overvalued,41.59426595535009,31.519186655614696,96.54322549018684,42.97963558413719,42.12072558980166,50.325739445146816,Upper-Mid ($750k-$1M),2.4284566894148467,Very Low Crime Risk,57.02036441586281,27.54457494459372,57.879274410198335,48.34940957334919,Moderate Economic Risk,56189.24310590094,11.405331311795186,40,6.792015240619564,20.260136334872964,Low Market Risk,28.955269060473643,Low Risk,0.09991042158398508,Low Risk / Low Return (SAFE)
LEABROOK,2100000.0,2207734.3458720464,-107734.34587204644,-5.130206946287925,107734.34587204644,1.0910155963974504,2231821.071912534,2170775.7035845597,2292866.440240509,966.0,21.170610211706105,0.5840597758405978,0.4609429978888107,1.7723786895953644,1605.0,6.27719390059686,107734.34587204644,4.879860028154419,Fairly Valued,63.56707100794634,36.20409638619444,98.28408552565976,57.87781350482315,73.73347820623508,63.83298235041144,Premium (>$1M),0.9462552708505205,Very Low Crime Risk,42.12218649517685,46.09359655101542,26.266521793764923,40.142476571646036,Moderate Economic Risk,107734.34587204644,21.894201780965272,40,25.90905325933902,29.234944027220866,Low Market Risk,26.202103672522348,Low Risk,0.23076134023184536,Low Risk / Low Return (SAFE)
LENSWOOD,536000.0,577249.4412269492,-41249.44122694922,-7.695791273684556,41249.44122694922,,,,,838.0,11.214953271028037,0.4579439252336448,0.6704035874439462,0.5722843853940525,534.0,,41249.44122694922,7.145860745966792,Undervalued,68.01478582039245,50.0,100.0,44.158628081457664,48.41193478662096,64.36942343699847,Mid-Range ($500k-$750k),0.26040626484864626,Very Low Crime Risk,55.841371918542336,18.67181242795735,51.588065213379046,43.83984273033418,Moderate Economic Risk,41249.44122694922,8.365243343509881,50,0.0,20.846097337403954,Low Market Risk,26.167262712102474,Low Risk,,Unknown Growth
LIGHTSVIEW,858000.0,857531.0923742822,468.9076257178094,0.0546512384286491,468.9076257178094,13.891625615763548,976656.101265685,915610.7329377104,1037701.4695936596,1005.0,43.50681333114432,0.6030208504350681,0.7089034304977196,2.969503379510151,6090.0,13.829382431898024,-468.9076257178094,-0.0546811223391941,Fairly Valued,53.8815349023516,46.97679657759774,96.5724170544208,62.05787781350482,77.54048320454218,64.28587301846902,Upper-Mid ($750k-$1M),2.485004827871645,Very Low Crime Risk,37.942122186495176,13.631559331971971,22.459516795457816,27.552432251930743,Low Economic Risk,468.9076257178094,0.06684617962077168,20,5.334216847510975,8.360292683726053,Very Low Market Risk,16.193776111072076,Very Low Risk,0.804324910511803,Low Risk / Low Return (SAFE)
LINDEN PARK,1802500.0,1883108.0243908488,-80608.02439084882,-4.472012448868172,80608.02439084882,13.703416149068326,2141158.153509626,2080112.785181652,2202203.521837601,874.0,32.939189189189186,0.5734797297297297,0.5260053619302949,2.7898980174809345,2367.0,18.78824707404306,80608.02439084882,4.280584190963981,Fairly Valued,62.39081011938573,54.05029081813083,96.82921974008988,48.01714898177921,71.60921630189443,65.95915366582273,Premium (>$1M),1.756997167829906,Very Low Crime Risk,51.98285101822079,37.57587918437082,28.390783698105565,42.94234600404276,Moderate Economic Risk,80608.02439084882,16.374288985132768,20,20.980700737182143,18.794890778348645,Very Low Market Risk,25.75725030804008,Low Risk,0.7021740596565531,Low Risk / Low Return (SAFE)
LOBETHAL,755000.0,755743.1295299174,-743.1295299173798,-0.0984277523069377,743.1295299173798,,,,,759.0,14.201183431952662,0.3806706114398422,0.5994180407371484,1.4962901601848857,2534.0,,743.1295299173798,0.0983309673459574,Fairly Valued,54.18186761294006,50.0,98.67884142288904,35.69131832797427,32.89699704493026,57.133726022149,Upper-Mid ($750k-$1M),0.4661288002641221,Very Low Crime Risk,64.30868167202573,27.964970352248784,67.10300295506974,53.96443253270145,Moderate Economic Risk,743.1295299173798,0.12264736884349613,50,3.627930091940694,18.456041470522575,Very Low Market Risk,30.81326320053448,Low Risk,,Unknown Growth
LOCKLEYS,1420000.0,1459598.8819972735,-39598.88199727354,-2.7886536617798265,39598.88199727354,18.69918699186992,1732532.0062731863,1671486.637945212,1793577.374601161,878.0,25.0501002004008,0.5108550434201736,0.602780536246276,1.8694603716858964,5987.0,22.009296216421586,39598.88199727354,2.712997556087982,Fairly Valued,59.31394512065723,58.6449055538202,98.1452765479742,48.44587352625938,59.035430327368296,65.2548892959228,Premium (>$1M),1.2135148166941379,Very Low Crime Risk,51.55412647374062,27.524765222673437,40.964569672631704,42.22740673819868,Moderate Economic Risk,39598.88199727354,8.029372406549948,20,14.644247494409013,13.872810836222232,Very Low Market Risk,24.25231998135203,Low Risk,0.8715752149772652,Low Risk / High Return (BEST)
LOWER MITCHAM,1472750.0,1521309.549998029,-48559.5499980289,-3.297202512173071,48559.5499980289,10.321637426900583,1678333.6058896382,1617288.2375616636,1739378.9742176128,985.0,18.28153564899452,0.5886654478976234,0.6152551878855861,1.8730580751712735,2187.0,13.959165227610807,48559.5499980289,3.1919572185747347,Fairly Valued,60.25404896469446,47.161923199161976,98.14013249265844,59.91425509110396,74.65820514901992,65.9476807662981,Premium (>$1M),0.7472258216732485,Very Low Crime Risk,40.08574490889604,25.89163125226861,25.34179485098008,32.878720800324615,Low Economic Risk,48559.5499980289,9.852771351034942,20,15.518098235732628,14.820633099347134,Very Low Market Risk,19.62765476653371,Very Low Risk,0.6767209062592101,Low Risk / Low Return (SAFE)
LYNTON,1127500.0,1102074.5437357177,25425.456264282344,2.255029380424155,25425.456264282344,,,,,1097.0,35.874439461883405,0.6053811659192825,0.5873015873015873,1.8814453755028813,222.0,,-25425.456264282344,-2.3070541288520574,Fairly Valued,49.46056861338569,50.0,98.12814019339558,71.91854233654877,78.01438740238792,65.55301871341592,Premium (>$1M),1.9592076792898305,Very Low Crime Risk,28.081457663451232,29.551210375504255,21.985612597612075,27.303214463899305,Low Economic Risk,25425.456264282344,5.1452336884215635,50,9.79872442640603,22.007774581970132,Low Market Risk,18.640924452130626,Very Low Risk,,Unknown Growth
MAGILL,1490000.0,1561723.2572786184,-71723.2572786184,-4.813641428095195,71723.2572786184,21.190476190476197,1892659.8522733732,1831614.4839453988,1953705.220601348,781.0,24.6544254177842,0.5558077161130597,0.5935131104759538,2.360379640943341,9693.0,27.02415115928681,71723.2572786184,4.592571503583791,Fairly Valued,63.00318000114553,65.79826627554417,97.44335214344837,38.049303322615216,68.06102899670688,67.35268939598234,Premium (>$1M),1.18625662991906,Very Low Crime Risk,61.950696677384784,28.738021374534625,31.93897100329312,45.9845489517114,Moderate Economic Risk,71723.2572786184,14.566335049882598,20,15.803859852563571,16.777498983093935,Very Low Market Risk,26.703651261450208,Low Risk,0.9754725434654555,Low Risk / High Return (BEST)
MALVERN,2650750.0,2713923.9465006907,-63173.946500690654,-2.383248005307579,63173.946500690654,14.29380053908356,3101846.822195924,3040801.453867949,3162892.1905238987,1117.0,39.05674281503317,0.6260132645541636,0.6063408190224571,2.6649064402213165,2713.0,17.01770526062148,63173.946500690654,2.327771438921366,Fairly Valued,58.55782183526076,51.52472937944572,97.00793474260222,74.06216505894963,82.1569006464139,69.17513066744394,Premium (>$1M),2.1784377717447385,Very Low Crime Risk,25.93783494105037,27.05866653598096,17.843099353586098,24.655137302036692,Low Economic Risk,63173.946500690654,12.826642847556439,20,35.03271763439079,20.888836547620272,Low Market Risk,17.15886729206582,Very Low Risk,0.9371567613172133,Low Risk / Low Return (SAFE)
MANNINGHAM,1150000.0,1194088.5132784694,-44088.51327846944,-3.833783763345169,44088.51327846944,21.623731459797032,1452295.0067820884,1391249.638454114,1513340.375110063,877.0,29.454022988505745,0.5423850574712644,0.6658119658119658,2.3218319167591983,1391.0,26.28652232887725,44088.51327846944,3.6922315882112255,Fairly Valued,61.23598939685261,64.7460872668233,97.49846831027698,48.338692390139336,65.3660272822583,67.84441888456372,Premium (>$1M),1.5169027382274265,Very Low Crime Risk,51.661307609860664,19.272930077030836,34.6339727177417,38.53932737158792,Low Economic Risk,44088.51327846944,8.94296377480166,20,10.171456970098568,13.120049752445306,Very Low Market Risk,22.348744457751252,Low Risk,1.1258216636205773,Low Risk / High Return (BEST)
MANSFIELD PARK,813750.0,744289.052969113,69460.94703088701,8.535907469233427,69460.94703088701,13.558597091531222,845204.2068575685,784158.8385295939,906249.575185543,534.0,60.099804729876325,0.468648296810588,0.5338688085676038,4.789671636377591,4608.0,3.865340320438521,-69460.94703088701,-9.332522996783824,Overvalued,35.67095164519441,32.76374589482079,93.96991069574588,11.57556270096463,50.561158760933246,44.47865438765071,Upper-Mid ($750k-$1M),3.628102337682273,Very Low Crime Risk,88.42443729903538,36.5464266433967,49.43884123906675,65.06391489035005,High Economic Risk,69460.94703088701,14.105979402573348,40,4.601176178248986,20.79268580559159,Low Market Risk,37.77892530759802,Low Risk,0.0996763136105058,Low Risk / Low Return (SAFE)
MARDEN,1676338.0,1793993.3817764414,-117655.38177644135,-7.018595401192441,117655.38177644135,17.64457590705359,2110535.9057915034,2049490.5374635288,2171581.274119478,818.0,57.06727135298564,0.5982615268329554,0.6281318681318682,3.8034329692338,2645.0,25.901572701418413,117655.38177644135,6.558295196158253,Undervalued,66.86150992836652,64.19698194348307,95.38005088071436,42.01500535905681,76.58490610095924,69.14445005447803,Premium (>$1M),3.4191899560482866,Very Low Crime Risk,57.98499464094319,24.20586522494513,23.415093899040755,40.93727566776329,Moderate Economic Risk,117655.38177644135,23.91302519845451,20,18.89071481818935,21.287888783929144,Low Market Risk,25.751972577481958,Low Risk,0.9682116945357758,Low Risk / High Return (BEST)
MARINO,1343000.0,1360099.6939289728,-17099.693928972818,-1.2732460110925403,17099.693928972818,9.11149825783972,1484025.1538461945,1422979.78551822,1545070.522174169,932.0,21.94907813871817,0.5201931518876207,0.5933544303797469,2.079918956399339,2277.0,10.500756057050967,17099.693928972818,1.2572382749073538,Fairly Valued,56.456575276346754,42.22872999573145,97.84435941963297,54.23365487674169,60.91033596276265,61.289108793550994,Premium (>$1M),0.999884223427627,Very Low Crime Risk,45.76634512325831,28.75879516950988,39.08966403723735,39.32874391992959,Low Economic Risk,17099.693928972818,3.4510311743950894,20,13.368673900438996,11.722580944867783,Very Low Market Risk,22.30885341596664,Low Risk,0.45050504499967875,Low Risk / Low Return (SAFE)
MARION,1080000.0,1064786.550393579,15213.449606420938,1.408652741335272,15213.449606420938,17.52577319587629,1251398.6262357528,1190353.2579077785,1312443.9945637274,659.0,63.38371526084836,0.48488542174549,0.5027855153203342,4.108032531175459,4101.0,15.870243169977114,-15213.449606420938,-1.4287792798282024,Fairly Valued,51.18444982167299,49.88795018196151,94.944529442621,24.97320471596999,53.82124908320517,55.94433399623249,Premium (>$1M),3.8543321873935126,Very Low Crime Risk,75.02679528403002,40.6157332326249,46.17875091679483,58.93386779516144,Moderate Economic Risk,15213.449606420938,3.0672008721796766,20,9.011844611944007,10.479841501857873,Very Low Market Risk,32.71920185417035,Low Risk,0.4706589212465093,Low Risk / Low Return (SAFE)
MARLESTON,982000.0,963796.719564135,18203.280435865046,1.8536945454037728,18203.280435865046,11.935914552736984,1078834.6724733922,1017789.3041454176,1139880.0408013668,746.0,54.8436699128652,0.557662737057919,0.6194379391100703,3.5762036429746984,1950.0,9.860964610325071,-18203.280435865046,-1.8887053738984767,Fairly Valued,50.28170513799005,41.31610957953869,95.70494708975193,34.29796355841372,68.43348014518257,56.54257090251239,Upper-Mid ($750k-$1M),3.2660052042495695,Very Low Crime Risk,65.70203644158627,25.344041362629383,31.56651985481743,46.76753460054544,Moderate Economic Risk,18203.280435865046,3.6755990829087786,40,7.388387310527624,17.317336460795417,Very Low Market Risk,27.827036153706675,Low Risk,0.3420734812190228,Low Risk / Low Return (SAFE)
MARRYATVILLE,1880000.0,1891618.157332074,-11618.15733207413,-0.6179870921316026,11618.15733207413,,,,,744.0,36.97996918335902,0.5824345146379045,0.5627376425855514,4.364757630592455,648.0,,11618.15733207413,0.6141914681375391,Fairly Valued,55.19440056250665,50.0,94.57745969445716,34.08360128617363,73.40715822413804,60.42706812298328,Premium (>$1M),2.0353680437035058,Very Low Crime Risk,65.91639871382637,32.76702863823556,26.592841775861956,48.10687630355625,Moderate Economic Risk,11618.15733207413,2.335597811157173,50,22.264557276567547,24.000378443604756,Low Market Risk,29.464124253610127,Low Risk,,Unknown Growth
MASLIN BEACH,900000.0,865735.2545888601,34264.74541113991,3.807193934571101,34264.74541113991,9.414088215931532,947236.3351722748,886190.9668443002,1008281.7035002492,697.0,24.71169686985173,0.4546952224052718,0.5903846153846154,2.963141457475872,1213.0,5.248481685808304,-34264.74541113991,-3.957878026742983,Fairly Valued,46.22032519877728,34.73670607579361,96.58151343465111,29.04608788853162,47.75966015714202,50.99945596450576,Upper-Mid ($750k-$1M),1.1902020821083883,Very Low Crime Risk,70.95391211146838,29.147592058962346,52.24033984285797,54.66930164199449,Moderate Economic Risk,34264.74541113991,6.943933349989104,40,6.029984262403711,18.28506940559657,Very Low Market Risk,31.348725326749076,Low Risk,0.16224693964891249,Low Risk / Low Return (SAFE)
MAWSON LAKES,1040000.0,1040712.6073429718,-712.6073429718381,-0.0685199368242152,712.6073429718381,16.190476190476186,1209208.9342461196,1148163.565918145,1270254.3025740942,915.0,65.31351939108372,0.5630300833635375,0.6927190090009803,4.411093991275053,13794.0,16.27008983135765,712.6073429718381,0.0684730191547487,Fairly Valued,54.12326231886606,50.45830514433212,94.51120720771075,52.41157556270096,69.51113606132427,62.56664636382257,Premium (>$1M),3.9872771303929326,Very Low Crime Risk,47.58842443729904,15.750362269473243,30.488863938675735,34.61709368722664,Low Economic Risk,712.6073429718381,0.11643643418380524,20,8.34920897871283,9.13387681835173,Very Low Market Risk,20.33150534640155,Low Risk,0.7627258164460617,Low Risk / Low Return (SAFE)
MAYLANDS,1530000.0,1601452.3765337656,-71452.37653376558,-4.6700899695271625,71452.37653376558,15.250965250965251,1845689.3219896876,1784643.9536617128,1906734.690317662,1018.0,44.40026507620941,0.5911199469847581,0.6298342541436464,3.2525885416888367,1508.0,20.633289018933816,71452.37653376558,4.461723469318481,Fairly Valued,62.74635098268736,56.68212179407806,96.1676572571675,63.45123258306538,75.15101953285168,69.2607540355042,Premium (>$1M),2.5465550595554816,Very Low Crime Risk,36.54876741693462,23.982995319879734,24.848980467148323,30.439078397860897,Low Economic Risk,71452.37653376558,14.511213750420962,20,16.46649548579475,16.921109371617074,Very Low Market Risk,19.367727591120506,Very Low Risk,1.0130383434590458,Low Risk / High Return (BEST)
MCLAREN FLAT,1112000.0,1094907.134101126,17092.86589887389,1.5371282283159973,17092.86589887389,12.753799392097264,1234549.3935141452,1173504.0251861706,1295594.7618421195,842.0,9.84009840098401,0.3972939729397294,0.6893819334389857,0.8359843917176315,1625.0,11.02062891314255,-17092.86589887389,-1.5611247170205382,Fairly Valued,50.924681695064336,42.970294430082006,99.6229574158046,44.58735262593784,36.23463595370775,56.25613608846218,Premium (>$1M),0.16569198816804492,Very Low Crime Risk,55.41264737406216,16.18723951620352,63.76536404629224,45.31556835115058,Moderate Economic Risk,17092.86589887389,3.449641744179145,20,9.54195311852895,10.765344977303895,Very Low Market Risk,24.860560767486483,Low Risk,0.42615583676740587,Low Risk / Low Return (SAFE)
MCLAREN VALE,950000.0,907016.1527842212,42983.84721577878,4.524615496397766,42983.84721577878,17.14782033253371,1062549.6530507188,1001504.2847227444,1123595.0213786934,687.0,31.26538650910881,0.4212210733628754,0.5038472499287546,2.469181783700309,4061.0,11.847331900075666,-42983.84721577878,-4.739038779390362,Fairly Valued,44.68705990757935,44.14953186419221,97.28778505930978,27.974276527331188,41.03871973345714,52.2010714026292,Upper-Mid ($750k-$1M),1.6416882624290123,Very Low Crime Risk,72.02572347266882,40.47673497385975,58.961280266542865,59.94813828180091,Moderate Economic Risk,42983.84721577878,8.71817618836851,20,6.858278803942682,12.201840176333075,Very Low Market Risk,32.90694365489577,Low Risk,0.34940724887083857,Low Risk / Low Return (SAFE)
MEDINDIE,2005000.0,2433554.683036114,-428554.6830361141,-21.374298405791222,428554.6830361141,12.993197278911566,2749751.2438931875,2688705.8755652127,2810796.6122211623,1309.0,55.27210884353742,0.5943877551020408,0.6047471620227038,3.266864367981543,1175.0,37.1447004435505,428554.6830361141,17.61023436306955,Significantly Undervalued,88.55429808704834,80.23456414599868,96.14724544712637,94.64094319399786,75.80713012268248,87.63123404340737,Premium (>$1M),3.295520525687919,Very Low Crime Risk,5.359056806002144,27.26730205212388,24.19286987731752,15.69829299410174,Very Low Economic Risk,428554.6830361141,87.17766771285432,50,24.335293630414974,58.45489049274547,Moderate Market Risk,20.528780753306343,Low Risk,1.7253508626049758,Low Risk / High Return (BEST)
MELROSE PARK,1157500.0,1135536.9529040295,21963.047095970483,1.8974554726540371,21963.047095970483,12.341844950540604,1275683.162987538,1214637.7946595636,1336728.5313155127,832.0,62.06896551724138,0.4982758620689655,0.6252665245202559,3.804631003067675,2319.0,10.21020846544606,-21963.047095970483,-1.9341552064688028,Fairly Valued,50.19249603405764,41.81428296720174,95.3783379123342,43.51554126473741,56.509782002951766,56.76529652449035,Premium (>$1M),3.7637585758109653,Very Low Crime Risk,56.48445873526259,24.58098511801377,43.49021799704822,44.31456850244507,Moderate Economic Risk,21963.047095970483,4.440670901100036,20,10.295701151329412,11.350193648272366,Very Low Market Risk,25.556450553620298,Low Risk,0.3844718798105403,Low Risk / Low Return (SAFE)
MILE END,1055000.0,1035643.1876888048,19356.81231119507,1.8347689394497693,19356.81231119507,12.389380530973453,1163952.9631546745,1102907.5948267,1224998.331482649,820.0,104.0335023143046,0.6076702666960546,0.6474584801207851,6.0982980714253205,4536.0,10.32729508575114,-19356.81231119507,-1.8690619067743528,Fairly Valued,50.32026140984336,41.98129932964336,92.0988152047152,42.229367631296896,78.47399310961623,58.192970751963045,Premium (>$1M),6.654711530607599,Very Low Crime Risk,57.770632368703104,21.675698653201167,21.52600689038377,39.69322715838865,Low Economic Risk,19356.81231119507,3.9103303332719497,20,8.597697341174522,10.71355646860241,Very Low Market Risk,23.985738332097085,Low Risk,0.41332759306474165,Low Risk / Low Return (SAFE)
MILLSWOOD,1940000.0,2067537.933045226,-127537.93304522592,-6.574120260063192,127537.93304522592,16.853932584269664,2415999.3824348706,2354954.014106896,2477044.7507628454,1171.0,31.278748850046,0.5924563017479301,0.6221480244852532,2.289826159436934,2173.0,24.53605064097271,127537.93304522592,6.168589751452754,Undervalued,66.09659460186967,62.24915454206696,97.54423066583456,79.84994640943194,75.4193328732987,74.41953839798921,Premium (>$1M),1.6426087991956204,Very Low Crime Risk,20.150053590568064,24.98924728766208,24.5806671267013,22.487934406922914,Low Economic Risk,127537.93304522592,25.924017409169338,20,23.258510726414315,23.184234645271314,Low Market Risk,16.373596772274404,Very Low Risk,1.4122608555142988,Low Risk / High Return (BEST)
MITCHAM,1570000.0,1655214.965150551,-85214.96515055094,-5.427704786659295,85214.96515055094,6.578073089700998,1764096.215349823,1703050.8470218484,1825141.5836777976,922.0,26.186579378068743,0.6142935079105292,0.6104651162790697,2.19426511066926,1832.0,12.362816264319935,85214.96515055094,5.148271792165688,Undervalued,64.09391063745018,44.88483640357755,97.68086541711163,53.161843515541264,79.80380763478306,65.94021266636126,Premium (>$1M),1.2918073009560853,Very Low Crime Risk,46.838156484458736,26.51872921760355,20.196192365216945,35.413935480553825,Low Economic Risk,85214.96515055094,17.311751562458213,20,17.129131119025924,18.206983404739766,Very Low Market Risk,21.73590661151169,Low Risk,0.5437573471585412,Low Risk / Low Return (SAFE)
MITCHELL PARK,1170500.0,1221453.806148077,-50953.806148076896,-4.353165839220581,50953.806148076896,19.563331405436674,1460410.8622091452,1399365.4938811706,1521456.2305371198,635.0,71.58992180712424,0.4830582102519548,0.5305997552019583,5.133762621659898,5754.0,24.768121504412235,50953.806148076896,4.171570459038692,Fairly Valued,62.17683755246076,62.580188364201085,93.47792377432737,22.40085744908896,53.45438151701347,61.69924988071867,Premium (>$1M),4.419660888085568,Very Low Crime Risk,77.59914255091104,36.97439868276638,46.54561848298653,59.201014576882734,Moderate Economic Risk,50953.806148076896,10.339976561233133,20,10.511057732129546,13.763755057525639,Very Low Market Risk,33.679156566372164,Low Risk,0.714207724660452,Low Risk / High Return (BEST)
MOANA,1126000.0,1130382.134064848,-4382.134064848069,-0.3891770927929013,4382.134064848069,21.70022371364653,1375677.5859760118,1314632.2176480372,1436722.9543039864,810.0,28.03738317757009,0.4196563159481459,0.6304670126019274,2.2235169167157447,3316.0,22.173853106217745,4382.134064848069,0.3876683762764313,Fairly Valued,54.74978017774155,58.87963513331316,97.63904070615348,41.157556270096464,40.72454770331541,60.91873918872746,Premium (>$1M),1.419309881022493,Very Low Crime Risk,58.842443729903536,23.900156987944015,59.275452296684584,48.4463594206719,Moderate Economic Risk,4382.134064848069,0.8631454017367338,20,9.77387559015986,9.78872705823466,Very Low Market Risk,26.60671808628963,Low Risk,0.8032049676064169,Low Risk / High Return (BEST)
MODBURY,900000.0,851705.0167768179,48294.98322318215,5.366109247020239,48294.98322318215,19.954346585505043,1021657.187710598,960611.8193826232,1082702.5560385725,683.0,181.44440471934212,0.4780121558813014,0.5503680336487907,10.431304697627018,5593.0,13.51746530117754,-48294.98322318215,-5.670388488017729,Overvalued,42.8590031633483,46.53186730711042,85.90341142579317,27.54555198285102,52.441234603050624,51.04730631867344,Upper-Mid ($750k-$1M),11.987578139467168,Very Low Crime Risk,72.45444801714898,34.38641081734099,47.558765396949376,56.05490033316666,Moderate Economic Risk,48294.98322318215,9.798934876124735,20,6.029984262403711,12.427070016050822,Very Low Market Risk,34.10913761163364,Low Risk,0.3850127408626078,Low Risk / Low Return (SAFE)
MODBURY HEIGHTS,912500.0,885088.6185103598,27411.38148964022,3.003987012563312,27411.38148964022,17.586447782046807,1040744.2662295236,979698.8979015492,1101789.6345574984,782.0,22.0125786163522,0.4283876500857633,0.6125376306003187,2.142981156895782,6995.0,14.054166162139584,-27411.38148964022,-3.09702112493263,Fairly Valued,47.91001839414166,47.297435783539335,97.75419205342118,38.156484458735264,42.47762517464675,55.71943806108653,Upper-Mid ($750k-$1M),1.0042587955654028,Very Low Crime Risk,61.843515541264736,26.247403521299816,57.522374825353246,50.30045379209296,Moderate Economic Risk,27411.38148964022,5.5493479753741015,20,6.237057897788453,10.779003664596754,Very Low Market Risk,27.60730526763545,Low Risk,0.4912789244095495,Low Risk / Low Return (SAFE)
MODBURY NORTH,886500.0,843728.8335940854,42771.16640591458,4.824722662821724,42771.16640591458,18.021137026239067,995778.362825964,934732.9944979897,1056823.7311539387,743.0,38.036809815950924,0.4518843120070114,0.5918148703664023,2.975721938742,5704.0,12.326944481214229,-42771.16640591458,-5.069302446820447,Overvalued,44.03881712720649,44.833667664459455,96.56352565667136,33.976420150053585,47.19528550196865,53.54875875831599,Upper-Mid ($750k-$1M),2.1081741982028577,Very Low Crime Risk,66.02357984994642,28.960348513841097,52.804714498031345,52.2608373787318,Moderate Economic Risk,42771.16640591458,8.67489794569889,20,5.806344736188188,11.921545362326603,Very Low Market Risk,29.14718002129208,Low Risk,0.40889212432168,Low Risk / Low Return (SAFE)
MORPHETT VALE,785100.0,736745.4110449738,48354.58895502624,6.159035658518181,48354.58895502624,20.92845929580623,890934.8745092413,829889.5061812667,951980.242837216,639.0,68.90805316002167,0.3596217139524226,0.5243299895193891,4.974434153457143,24002.0,13.480432366480873,-48354.58895502624,-6.563269784937213,Overvalued,41.106452363673874,46.47904226162307,93.7057342253948,22.82958199356913,28.670798917592588,48.984360310381525,Upper-Mid ($750k-$1M),4.234905933510204,Very Low Crime Risk,77.17041800643086,37.79521257150182,71.32920108240741,64.18961299114746,High Economic Risk,48354.58895502624,9.81106399735996,20,4.126563405947155,11.956066450430772,Very Low Market Risk,35.75649156571295,Low Risk,0.36674970303900384,Low Risk / Low Return (SAFE)
MORPHETTVILLE,1061000.0,1023050.33007359,37949.66992641008,3.576783216438273,37949.66992641008,14.178403755868542,1168102.5364971694,1107057.1681691948,1229147.904825144,743.0,57.22809872525088,0.4974233794412802,0.5634870499052432,3.96118859056992,3686.0,10.094489773531516,-37949.66992641008,-3.709462654069061,Fairly Valued,46.70791583544212,41.64921786463312,95.1544893118347,33.976420150053585,56.3386205211276,54.18590215377865,Premium (>$1M),3.4302694150998856,Very Low Crime Risk,66.02357984994642,32.66891908080295,43.661379478872384,51.54474154498857,Moderate Economic Risk,37949.66992641008,7.693775601826143,20,8.697092686159198,12.251783412270257,Very Low Market Risk,29.251808279478304,Low Risk,0.3336821944749412,Low Risk / Low Return (SAFE)
MOUNT OSMOND,2100000.0,2018585.8353183265,81414.16468167352,3.876864984841596,81414.16468167352,9.714285714285714,2214677.0307492497,2153631.662421275,2275722.3990772245,1142.0,19.35483870967742,0.6387096774193548,0.6204188481675392,1.92481625538842,464.0,5.460810988059511,-81414.16468167352,-4.033227780419587,Fairly Valued,46.07242841617381,35.03957985940241,98.06612779961958,76.7416934619507,84.70608671693597,62.17671174061287,Premium (>$1M),0.8211660791263141,Very Low Crime Risk,23.258306538049297,25.21562447773762,15.293913283064029,22.25262326895874,Low Economic Risk,81414.16468167352,16.538329808347363,40,25.90905325933902,27.0925952381737,Low Market Risk,16.791180505852005,Very Low Risk,0.3069392155435274,Low Risk / Low Return (SAFE)
MUNNO PARA,700000.0,623729.8507913571,76270.14920864289,10.8957356012347,76270.14920864289,26.53061224489796,789209.1989604927,728163.8306325182,850254.5672884673,685.0,163.34745762711864,0.3379237288135593,0.5509065550906556,10.038610783586098,4719.0,12.74417128007039,-76270.14920864289,-12.228074239492493,Significantly Overvalued,29.987552672212065,45.42881424975292,86.464891610083,27.759914255091108,24.314276956493607,44.24186252003148,Mid-Range ($500k-$750k),10.74087254798014,Very Low Crime Risk,72.2400857449089,34.315909637353755,75.68572304350639,61.55196037236185,High Economic Risk,76270.14920864289,15.491578340359949,20,2.7168060962478258,13.875832860205936,Very Low Market Risk,36.77340852261615,Low Risk,0.3373847311777555,Low Risk / Low Return (SAFE)
MUNNO PARA DOWNS,725000.0,739797.7231134367,-14797.723113436718,-2.041065257025754,14797.723113436718,,,,,511.0,175.82417582417582,0.3681318681318681,0.5605095541401274,10.670278898229274,181.0,,14797.723113436718,2.0002390722643133,Fairly Valued,57.91494006241539,50.0,85.56172220322811,9.110396570203644,30.37946787177527,51.39133273207831,Mid-Range ($500k-$750k),11.600398426041819,Very Low Crime Risk,90.88960342979635,33.05872150746343,69.62053212822474,69.28652459278216,High Economic Risk,14797.723113436718,2.98260503083861,50,3.130953367017311,19.47578035408977,Very Low Market Risk,42.01853789502158,Moderate Risk,,Unknown Growth
MUNNO PARA WEST,720000.0,688413.2486347752,31586.75136522483,4.387048800725671,31586.75136522483,24.52830188679245,857269.3284885879,796223.9601606133,918314.6968165624,834.0,38.26867247294801,0.3423066772235418,0.6784182055586644,3.4969031135900863,7577.0,19.06518451230387,-31586.75136522483,-4.588341585212953,Fairly Valued,44.982848932476045,54.44532385812897,95.81833228432998,43.729903536977496,25.194285440242304,55.34876617571191,Mid-Range ($500k-$750k),2.124147305128695,Very Low Crime Risk,56.270096463022504,17.622569091837065,74.8057145597577,48.38296187101391,Moderate Economic Risk,31586.75136522483,6.398990549268552,20,3.048123912863414,10.321627197923275,Very Low Market Risk,26.893050566630222,Low Risk,0.6835101978810612,Low Risk / Low Return (SAFE)
MYLOR,1736000.0,1785084.5279953936,-49084.52799539361,-2.8274497693199083,49084.52799539361,27.047619047619044,2267907.390805576,2206862.022477601,2328952.759133551,815.0,12.172284644194756,0.5337078651685393,0.5988950276243094,1.3984500319434665,1067.0,30.63982665930737,49084.52799539361,2.749703289990101,Fairly Valued,59.385991274524194,70.95578955368894,98.81873483929226,41.69346195069667,63.62382040979653,67.93489307222211,Premium (>$1M),0.32635718849066603,Very Low Crime Risk,58.30653804930333,28.033441240754655,36.37617959020347,44.83853731491875,Moderate Economic Risk,49084.52799539361,9.959598690937723,50,19.87906899693531,26.453606725608914,Low Market Risk,27.80789715912836,Low Risk,1.063591226046797,Low Risk / High Return (BEST)
MYRTLE BANK,1560000.0,1614129.8050263778,-54129.80502637778,-3.469859296562679,54129.80502637778,5.349276274386407,1700474.0677244535,1639428.699396479,1761519.436052428,777.0,21.84235517568851,0.5701171256726812,0.4457875457875458,2.044772426443221,3158.0,9.004747931054712,54129.80502637778,3.353497646708358,Fairly Valued,60.57112113036988,40.09477280458541,97.89461250329764,37.62057877813505,70.93407258107153,60.51044611574426,Premium (>$1M),0.9925320377760307,Very Low Crime Risk,62.37942122186495,48.07769072687393,29.065927418928467,51.42620331278035,Moderate Economic Risk,54129.80502637778,10.986257954751025,40,16.96347221071813,22.635371234579942,Low Market Risk,30.537935514638974,Low Risk,0.285521159965432,Low Risk / Low Return (SAFE)
NAILSWORTH,1575000.0,1615698.2407027986,-40698.24070279859,-2.584015282717371,40698.24070279859,18.216994273332297,1910029.896685958,1848984.528357984,1971075.2650139327,925.0,63.506261180679786,0.5559033989266547,0.6720044174489233,3.753942095804367,2235.0,21.271739472124327,40698.24070279859,2.518925853697508,Fairly Valued,58.93302044635613,57.59282937119703,95.45081374140622,53.483386923901385,68.08024019424705,65.99880828299725,Premium (>$1M),3.8627744225776675,Very Low Crime Risk,46.516613076098615,18.46223784923862,31.919759805752946,35.18092985397148,Low Economic Risk,40698.24070279859,8.253080003248742,20,17.211960573179823,14.604222144594452,Very Low Market Risk,21.67014168267793,Low Risk,0.9383152416898166,Low Risk / High Return (BEST)
NETHERBY,2700000.0,2770223.807241399,-70223.80724139884,-2.6008817496814385,70223.80724139884,16.6574505697267,3231672.468603436,3170627.100275461,3292717.8369314107,1028.0,28.457974851091997,0.6207809397749835,0.6368038740920097,1.8237992213447165,1510.0,19.691572911238367,70223.80724139884,2.534950680079817,Fairly Valued,58.9644740364222,55.338825708238616,98.2105636079254,64.52304394426581,81.1063543554925,68.95525338676052,Premium (>$1M),1.4482846019210234,Very Low Crime Risk,35.47695605573419,23.070559171152723,18.8936456445075,28.43837490811441,Low Economic Risk,70223.80724139884,14.261213197924278,20,35.848587757806676,21.66663221862138,Low Market Risk,18.98699927835779,Very Low Risk,0.9852190735084824,Low Risk / Low Return (SAFE)
NETLEY,1270000.0,1305058.25262394,-35058.25262393989,-2.760492332593692,35058.25262393989,18.404118404118407,1545242.7186795687,1484197.3503515942,1606288.0870075433,684.0,29.82731554160126,0.456305599162742,0.55375,2.459833303268376,1910.0,21.67265501413927,35058.25262393989,2.686336227019141,Fairly Valued,59.2616141627335,58.16470902148653,97.30115166960871,27.652733118971064,48.08299163998079,60.73610096995717,Premium (>$1M),1.5426190046691088,Very Low Crime Risk,72.34726688102893,33.943656639138425,51.9170083600192,56.740132104259835,Moderate Economic Risk,35058.25262393989,7.105403478570895,20,12.159363869792097,12.882002358876383,Very Low Market Risk,31.409252225305927,Low Risk,0.6687181445432036,Low Risk / High Return (BEST)
NEWTON,1107500.0,1117254.098555105,-9754.09855510504,-0.880731246510613,9754.09855510504,15.259437108176607,1287740.7850626467,1226695.4167346722,1348786.1533906213,752.0,65.84603360687768,0.5064478311840562,0.6197150735294118,4.166773566558962,5117.0,16.274562985340562,9754.09855510504,0.8730420920110815,Fairly Valued,55.70247354984655,50.46468580426509,94.86054054899871,34.941050375133976,58.15055015204362,59.35523419729444,Premium (>$1M),4.023962237941374,Very Low Crime Risk,65.05894962486602,25.307759977971827,41.84944984795638,48.491692775415835,Moderate Economic Risk,9754.09855510504,1.956282027323098,20,9.46740660979044,10.149364463376848,Very Low Market Risk,27.4829079517657,Low Risk,0.5713799662906848,Low Risk / Low Return (SAFE)
NOARLUNGA DOWNS,770000.0,708261.9489885787,61738.05101142125,8.01792870278198,61738.05101142125,11.430241295816982,789217.9987644295,728172.6304364549,850263.367092404,648.0,61.75595238095239,0.3702876984126984,0.5372227286539046,4.659536486978183,4031.0,2.495843995380451,-61738.05101142125,-8.716838607465107,Overvalued,36.87941930217219,30.81024946634413,94.15598006187248,23.79421221864952,30.81231552572713,44.247947554982325,Upper-Mid ($750k-$1M),3.7421949813974043,Very Low Crime Risk,76.20578778135048,36.10734417557847,69.18768447427288,62.772634038203364,High Economic Risk,61738.05101142125,12.534453658167447,40,3.876418454402385,19.982886076867576,Very Low Market Risk,36.505552728894415,Low Risk,0.06654598622826438,Low Risk / Low Return (SAFE)
NORTH ADELAIDE,2480000.0,2602975.0336959194,-122975.03369591944,-4.958670713545139,122975.03369591944,22.163433274544385,3179883.668442164,3118838.3001141893,3240929.036770139,964.0,110.052754982415,0.701641266119578,0.5573848345733734,6.7785661008208296,6823.0,28.22111566299049,122975.03369591944,4.72440311966071,Fairly Valued,63.261939597717976,67.50565740921466,91.1261568444645,57.66345123258306,97.34149256060196,72.46389454145961,Premium (>$1M),7.069380144029756,Very Low Crime Risk,42.336548767416936,33.46779791456514,2.6585074393980506,31.740315245957618,Low Economic Risk,122975.03369591944,24.995516782138477,20,32.2040917750352,25.049229656614195,Low Market Risk,23.000817597510576,Low Risk,1.175839762471994,Low Risk / High Return (BEST)
NORTH BRIGHTON,1900000.0,2032626.644330056,-132626.64433005592,-6.980349701581891,132626.64433005592,18.614718614718612,2410994.374659893,2349949.0063319183,2472039.742987868,793.0,36.75918979744936,0.4448612153038259,0.5126722987994664,2.0741109272867986,2665.0,26.89444077157332,132626.64433005592,6.524889590521384,Undervalued,66.79594127878846,65.61324293922826,97.85266383469992,39.33547695605573,45.7851879824737,66.49146622703931,Premium (>$1M),2.0201584675525694,Very Low Crime Risk,60.66452304394427,39.321393124005965,54.214812017526306,52.971641862679185,Moderate Economic Risk,132626.64433005592,26.95951507349143,20,22.595875093183135,23.432774802692357,Low Market Risk,31.778423432143835,Low Risk,0.8204922005247985,Low Risk / High Return (BEST)
NORTH HAVEN,997500.0,971872.6326067812,25627.367393218912,2.569159638417936,25627.367393218912,15.714285714285714,1124595.474873561,1063550.1065455864,1185640.8432015355,758.0,36.16183315431436,0.4072681704260651,0.5552128315854411,2.735304438307238,5585.0,12.74140098983067,-25627.367393218912,-2.636905962099225,Fairly Valued,48.813134182710726,45.42486261294301,96.90727853295492,35.58413719185423,38.23725555711653,54.54295774912974,Upper-Mid ($750k-$1M),1.9790063404389113,Very Low Crime Risk,64.41586280814576,33.752148288906284,61.76274444288347,54.68612477932146,Moderate Economic Risk,25627.367393218912,5.186320417597521,20,7.645158618404705,10.985817821640186,Very Low Market Risk,30.13392785612044,Low Risk,0.40924489350372506,Low Risk / Low Return (SAFE)
NORTH PLYMPTON,1177560.0,1176924.610560535,635.3894394650124,0.0539581371195533,635.3894394650124,20.435205661211853,1417431.575205997,1356386.2068780223,1478476.9435339717,777.0,29.908612572694544,0.5300470783716422,0.5642834241744149,2.6437537117164505,3610.0,20.37022106780097,-635.3894394650124,-0.0539872676434555,Fairly Valued,53.88289680298281,56.30687266519638,97.03817925995908,37.62057877813505,62.88880755152804,61.58119063105882,Premium (>$1M),1.5482195881663579,Very Low Crime Risk,62.37942122186495,32.56466078888863,37.11119244847196,48.38134733729346,Moderate Economic Risk,635.3894394650124,0.10072342665603821,20,10.628012921394848,9.697292601011128,Very Low Market Risk,26.594598065298864,Low Risk,0.7381959693559447,Low Risk / High Return (BEST)
NORTHFIELD,885000.0,806866.5698899202,78133.43011007982,8.828636170630489,78133.43011007982,15.462184873949584,931625.7706123954,870580.4022844208,992671.13894037,679.0,74.94052339413165,0.4123711340206185,0.4511494252873563,5.385339577068786,5043.0,5.268448656767838,-78133.43011007982,-9.683562688777585,Overvalued,34.98192960492582,34.76518764653116,93.11821492670988,27.116827438370844,39.2618287063783,45.80322576484597,Upper-Mid ($750k-$1M),4.650485110098266,Very Low Crime Risk,72.88317256162915,47.37573384586864,60.738171293621704,62.801940693299514,High Economic Risk,78133.43011007982,15.870735834943247,40,5.781495899942019,21.793668308962804,Low Market Risk,37.1548495414718,Low Risk,0.13808070848350176,Low Risk / Low Return (SAFE)
NORTHGATE,1286000.0,1320420.3599935411,-34420.35999354115,-2.6765443229814267,34420.35999354115,17.944862155388467,1557367.9734660662,1496322.6051380916,1618413.3417940408,881.0,31.711145996860285,0.5237048665620094,0.6771463119709794,2.310677762558194,3184.0,21.10170866765678,34420.35999354115,2.606772891150324,Fairly Valued,59.10544694500508,57.35029161247446,97.51441670247875,48.767416934619504,61.61541811680497,65.04874467898932,Premium (>$1M),1.672396803654563,Very Low Crime Risk,51.232583065380496,17.789080565251098,38.38458188319503,38.62993207890459,Low Economic Risk,34420.35999354115,6.975599233076498,20,12.424418123084568,12.89634422400174,Very Low Market Risk,22.395953925349012,Low Risk,0.9019383751133795,Low Risk / High Return (BEST)
NORWOOD,1700000.0,1757581.070655262,-57581.0706552621,-3.387121803250712,57581.0706552621,12.256049960967996,1972991.084779287,1911945.7164513124,2034036.4531072616,1002.0,84.81510621557828,0.6503540519276161,0.6071109522958728,5.351524222360288,6354.0,16.058299104663938,57581.0706552621,3.276154461187654,Fairly Valued,60.41931163217416,50.15619960333106,93.16656467422231,61.7363344051447,87.04404450167243,67.26301093626843,Premium (>$1M),5.3307488890861245,Very Low Crime Risk,38.2636655948553,26.95784361547625,12.955955498327569,29.810376981736038,Low Economic Risk,57581.0706552621,11.688553152420944,20,19.282696927027253,16.49609549272519,Very Low Market Risk,19.803632256138894,Very Low Risk,0.7718988158870831,Low Risk / Low Return (SAFE)
NOVAR GARDENS,1505000.0,1658531.597688893,-153531.59768889332,-10.201435062384938,153531.59768889332,21.105232216343328,2008568.5427625636,1947523.1744345888,2069613.911090538,630.0,61.37903547229972,0.4320446392985253,0.4936049265750829,3.711360322202764,2508.0,33.45970383804408,153531.59768889332,9.257080052187993,Undervalued,72.15869509049521,74.9781588705043,95.5116978581046,21.864951768488748,43.21187555388424,67.0954181370573,Premium (>$1M),3.7162290317182336,Very Low Crime Risk,78.13504823151125,41.817621011273545,56.78812444611575,62.97043530836084,High Economic Risk,153531.59768889332,31.2134467988716,50,16.052348215025265,33.99846577330496,Low Market Risk,39.39977951835689,Low Risk,0.8282150109963008,Low Risk / High Return (BEST)
O'HALLORAN HILL,863300.0,824532.5051206102,38767.49487938976,4.490616805211371,38767.49487938976,18.77824588280352,979365.246315798,918319.8779878234,1040410.6146437726,796.0,48.84318766066838,0.4487697392581711,0.6277503367759317,3.3168407843601124,2722.0,13.444370012255073,-38767.49487938976,-4.701754586827231,Fairly Valued,44.760241462302425,46.427601685337066,96.07578834918044,39.65702036441586,46.569941512979554,54.855677735821416,Upper-Mid ($750k-$1M),2.852629691943018,Very Low Crime Risk,60.342979635584136,24.255813859678227,53.43005848702045,48.13424567309963,Moderate Economic Risk,38767.49487938976,7.860194127310061,20,5.422016068914106,11.499581668152551,Very Low Market Risk,27.22282807776323,Low Risk,0.47636508911195524,Low Risk / Low Return (SAFE)
O'SULLIVAN BEACH,780000.0,741443.9544871666,38556.0455128334,4.9430827580555645,38556.0455128334,20.265780730897006,891703.3605460275,830657.992218053,952748.728874002,599.0,63.41463414634146,0.3197831978319783,0.4732484076433121,5.4595235408502525,1844.0,14.32094365974712,-38556.0455128334,-5.200129460830442,Overvalued,43.78202936738526,47.67797633647011,93.01214548135805,18.542336548767416,20.67202072387669,48.5050845453075,Upper-Mid ($750k-$1M),3.8564622012146477,Very Low Crime Risk,81.45766345123258,44.482619084799104,79.3279792761233,69.93921330628069,High Economic Risk,38556.0455128334,7.817166470023977,20,4.042077362710179,11.137385928687136,Very Low Market Risk,38.35402249924217,Low Risk,0.36390037790985397,Low Risk / Low Return (SAFE)
OAKBANK,1200000.0,1164181.5515315814,35818.44846841856,2.984870705701547,35818.44846841856,,,,,889.0,11.547344110854503,0.5161662817551963,0.6132596685082873,1.1883133576577862,865.0,,-35818.44846841856,-3.076706414158195,Fairly Valued,47.94989218558037,50.0,99.1191916948362,49.62486602357985,60.10182088386812,60.16271798656514,Premium (>$1M),0.2833047966539802,Very Low Crime Risk,50.37513397642015,26.15287706320558,39.898179116131885,41.01306593039813,Moderate Economic Risk,35818.44846841856,7.260095104274184,50,10.99975151163754,23.15397591961906,Low Market Risk,25.22231958811907,Low Risk,,Unknown Growth
OAKDEN,1025000.0,1017222.3019701346,7777.698029865394,0.7587998077917457,7777.698029865394,18.25396825396825,1202905.7380440482,1141860.3697160736,1263951.1063720228,649.0,40.736607142857146,0.4958147321428571,0.5333333333333333,3.345914986460388,3583.0,17.356657370151044,-7777.698029865394,-0.7646016032878667,Fairly Valued,52.48810028692809,52.008222268966655,96.03421757925086,23.90139335476956,56.01563627911656,57.14210180029736,Premium (>$1M),2.2941642663719843,Very Low Crime Risk,76.09860664523043,36.61652902546578,43.984363720883444,57.83113477443164,Moderate Economic Risk,7777.698029865394,1.554105913745654,20,8.10072061625114,9.646822519561047,Very Low Market Risk,31.533181171039622,Low Risk,0.5335063078799558,Low Risk / Low Return (SAFE)
OAKLANDS PARK,1092500.0,1064604.8737309668,27895.12626903318,2.5533296356094444,27895.12626903318,15.728021978021976,1232046.1622504664,1171000.7939224918,1293091.530578441,648.0,333.5021524436566,0.5049379589769561,0.5201716738197425,17.55402608679446,3948.0,12.773104096152531,-27895.12626903318,-2.620232816638643,Fairly Valued,48.84586029592515,45.470085008825485,75.71922782823899,23.79421221864952,57.847397975166935,50.51899653694584,Premium (>$1M),22.462894409706376,Low Crime Risk,76.20578778135048,38.33960345512062,42.152602024833065,58.03529533217804,Moderate Economic Risk,27895.12626903318,5.647784801743619,20,9.21891824732875,11.563843482529636,Very Low Market Risk,38.06928468550686,Low Risk,0.32693468024744365,Low Risk / Low Return (SAFE)
OLD NOARLUNGA,830500.0,803315.421578581,27184.57842141902,3.273278557666348,27184.57842141902,8.932065977075762,875068.0850380042,814022.7167100296,936113.4533659788,704.0,93.3420365535248,0.3302872062663185,0.5836637589214909,5.9127206619285095,1531.0,5.36641601902519,-27184.57842141902,-3.3840478710092587,Fairly Valued,47.34664120716279,34.90493164494525,92.36415682157929,29.79635584137192,22.78101578175465,48.15061159208226,Upper-Mid ($750k-$1M),5.9181723741835865,Very Low Crime Risk,70.20364415862808,30.027461037872797,77.21898421824534,59.553857234324944,Moderate Economic Risk,27184.57842141902,5.503196005993511,40,4.8786548496645405,17.420942114813542,Very Low Market Risk,35.036568752380255,Low Risk,0.14891584312312567,Low Risk / Low Return (SAFE)
OLD REYNELLA,745000.0,672526.8661904694,72473.13380953064,9.727937424098071,72473.13380953064,15.694164989939637,778074.3421720722,717028.9738440976,839119.7105000467,707.0,92.51228678808904,0.4217982075744435,0.5746294381247845,5.692707417330816,3458.0,4.439509016385524,-72473.13380953064,-10.776243664443466,Significantly Overvalued,32.83721123721097,33.58275977339254,92.67873535897432,30.117899249732048,41.15459675388583,45.41574494915468,Mid-Range ($500k-$750k),5.861010596186881,Very Low Crime Risk,69.88210075026795,31.210199972733506,58.84540324611416,56.073191016176864,Moderate Economic Risk,72473.13380953064,14.718926806975283,40,3.4622711836329,20.753138518698336,Low Market Risk,33.945526390684165,Low Risk,0.1270408396986979,Low Risk / Low Return (SAFE)
ONE TREE HILL,1452500.0,1512584.201388618,-60084.20138861798,-4.136605947581272,60084.20138861798,12.83846872082166,1706776.8509599855,1645731.4826320112,1767822.2192879603,842.0,23.946360153256705,0.3840996168582375,0.6575028636884307,1.8462344205397057,1043.0,17.5061515290868,60084.20138861798,3.972288044094211,Fairly Valued,61.78568527177468,52.22146585364494,98.1784853929896,44.58735262593784,33.58547283262957,61.27341930069519,Premium (>$1M),1.137477743628151,Very Low Crime Risk,55.41264737406216,20.360726140108596,66.41452716737044,47.097446962537745,Moderate Economic Risk,60084.20138861798,12.19791316182251,20,15.182638946409345,15.674825001331339,Very Low Market Risk,27.024931804623584,Low Risk,0.6246634836127813,Low Risk / Low Return (SAFE)
ONKAPARINGA HEIGHTS,800000.0,1044953.0503859738,-244953.05038597377,-30.61913129824672,244953.05038597377,,,,,,48.76373626373626,0.5023510971786834,0.6001129624399887,3.4738254480856967,,,244953.05038597377,23.441536468599768,Significantly Undervalued,100.0,50.0,95.8513291081082,50.0,57.328007803112754,74.90306660193292,Upper-Mid ($750k-$1M),2.847156254887478,Very Low Crime Risk,50.0,27.87399384464807,42.671992196887246,41.896596592771864,Moderate Economic Risk,244953.05038597377,49.81672284225242,50,4.373395179325768,38.52003793173241,Low Market Risk,29.506452759198655,Low Risk,,Unknown Growth
ONKAPARINGA HILLS,996750.0,993858.571711192,2891.428288807976,0.2900856071038852,2891.428288807976,14.19285714285714,1134915.498996202,1073870.130668227,1195960.8673241765,825.0,18.00076599004213,0.3998468019915741,0.6414488766620816,1.5895184449028967,2610.0,13.861600099945012,-2891.428288807976,-0.2909295518606448,Fairly Valued,53.41782558790173,47.02275296193559,98.54554209582324,42.765273311897104,36.74719303014216,57.579654635817846,Upper-Mid ($750k-$1M),0.7278834927184235,Very Low Crime Risk,57.234726688102896,22.46245309259119,63.25280696985784,48.006660665800375,Moderate Economic Risk,2891.428288807976,0.5598029122772363,20,7.63273420028162,9.132104714981299,Very Low Market Risk,26.048116323711977,Low Risk,0.5124793140509054,Low Risk / Low Return (SAFE)
OSBORNE,880000.0,836985.2724507925,43014.72754920751,4.888037221500854,43014.72754920751,17.94871794871795,987213.3982752938,926168.0299473192,1048258.7666032685,647.0,68.64754098360656,0.3611680327868852,0.5350713842333954,5.351871405180738,1951.0,12.183340713101565,-43014.72754920751,-5.139245452103987,Overvalued,43.901532730877214,44.62882633484728,93.1660682665444,23.68703108252948,28.981268849159257,49.41206160357921,Upper-Mid ($750k-$1M),4.216959150258197,Very Low Crime Risk,76.31296891747053,36.388990008805834,71.01873115084075,63.27692769154516,High Economic Risk,43014.72754920751,8.724460001960818,20,5.698666445788122,11.914450612231358,Very Low Market Risk,35.28644171329631,Low Risk,0.33575462728926836,Low Risk / Low Return (SAFE)
OTTOWAY,860000.0,832167.3623878085,27832.63761219149,3.236353210719941,27832.63761219149,17.055393586005827,974096.7813373328,913051.413009358,1035142.1496653073,555.0,63.9367816091954,0.3807471264367816,0.5324675324675324,5.094703197437764,2783.0,13.267067597364266,-27832.63761219149,-3.3445961557935826,Fairly Valued,47.42407718357792,46.174691452639074,93.5337715782437,13.826366559485532,32.91235972779628,49.842841290584346,Upper-Mid ($750k-$1M),3.892433139196806,Very Low Crime Risk,86.17363344051446,36.72987638348656,67.08764027220371,67.52330768974394,High Economic Risk,27832.63761219149,5.6350690364772555,20,5.367348629172533,10.595864771884036,Very Low Market Risk,37.04855674100782,Low Risk,0.3486878014236303,Low Risk / Low Return (SAFE)
OVINGHAM,1255000.0,1281865.8541460035,-26865.85414600349,-2.140705509641712,26865.85414600349,11.560997209378955,1430062.3297718046,1369016.96144383,1491107.6980997792,919.0,147.32724902216427,0.5475880052151239,0.5909797822706065,8.936063984396009,766.0,13.949189623251366,26865.85414600349,2.095839752584867,Fairly Valued,58.10258544072408,47.14769365569297,88.041331065503,52.840300107181136,66.41067525134441,61.39307780045269,Premium (>$1M),9.63723426342287,Very Low Crime Risk,47.159699892818864,29.06967507276697,33.589324748655585,39.01861741797064,Low Economic Risk,26865.85414600349,5.438339065938883,20,11.910875507330406,12.153054503208153,Very Low Market Risk,24.831089888653814,Low Risk,0.5400155271566177,Low Risk / Low Return (SAFE)
PANORAMA,1112500.0,1052851.8367035228,59648.16329647717,5.361632655863117,59648.16329647717,7.942057942057944,1136469.939618538,1075424.571290563,1197515.3079465125,817.0,30.97530347425701,0.544579321892005,0.5885045778229908,2.245193032017961,2388.0,2.154601314025878,-59648.16329647717,-5.665390059368226,Overvalued,42.868814098079504,30.323489226778182,97.60804784178912,41.90782422293676,65.80659174371573,52.82995891228831,Premium (>$1M),1.621704331454231,Very Low Crime Risk,58.09217577706324,29.393719429593745,34.19340825628427,44.7028853686666,Moderate Economic Risk,59648.16329647717,12.10918412991353,40,9.550236063944338,21.231232667951495,Low Market Risk,27.084200517359868,Low Risk,0.07671933949816519,Low Risk / Low Return (SAFE)
PARA HILLS,828000.0,801503.7079363061,26496.292063693865,3.2000352733929787,26496.292063693865,19.128329297820823,954817.9765246068,893772.6081966322,1015863.3448525814,686.0,66.38210185457757,0.3926994406829555,0.5727888665079656,5.062624528872893,6793.0,15.316180739686814,-26496.292063693865,-3.3058227680463173,Fairly Valued,47.50018173626257,49.09761656885064,93.57963818348908,27.867095391211144,35.31214566027668,52.95166517449859,Upper-Mid ($750k-$1M),4.060892184104133,Very Low Crime Risk,72.13290460878886,31.451160611900193,64.68785433972333,58.43937135590915,Moderate Economic Risk,26496.292063693865,5.363137182469007,20,4.837240122587592,10.354564903634502,Very Low Market Risk,32.50886631391272,Low Risk,0.45707845189998597,Low Risk / Low Return (SAFE)
PARA HILLS WEST,880000.0,863120.9888788266,16879.01112117339,1.918069445587885,16879.01112117339,28.69352869352869,1110780.8574826417,1049735.489154667,1171826.225810616,600.0,126.51699029126216,0.3774271844660194,0.5144124168514412,8.052525318369891,3295.0,26.22509744120925,-16879.01112117339,-1.9555788051335443,Fairly Valued,50.15044571325763,64.6584687048137,89.30462910830344,18.64951768488746,32.24578170165069,55.09268253473959,Upper-Mid ($750k-$1M),8.203607597671274,Very Low Crime Risk,81.35048231511254,39.09358348367584,67.7542182983493,65.9541598623289,High Economic Risk,16879.01112117339,3.4061246117623103,20,5.698666445788122,9.787116456151955,Very Low Market Risk,37.39558550169622,Low Risk,0.6830237668872297,Low Risk / High Return (BEST)
PARA VISTA,870000.0,851166.7568516651,18833.243148334903,2.164740591762633,18833.243148334903,20.38254632396892,1024656.2153611796,963610.8470332052,1085701.5836891544,642.0,51.91798941798942,0.3875661375661375,0.5265914585012087,4.365117770904957,3023.0,17.776576478296512,-18833.243148334903,-2.212638474979471,Fairly Valued,49.64588801728301,52.6072092563735,94.57694475994504,23.15112540192926,34.281480941028605,53.86177457565954,Upper-Mid ($750k-$1M),3.064453958435654,Very Low Crime Risk,76.84887459807074,37.4991496493447,65.7185190589714,62.817886005633056,High Economic Risk,18833.243148334903,3.803789675941085,20,5.533007537480328,9.904767754746516,Very Low Market Risk,34.309232741296526,Low Risk,0.5034540571453882,Low Risk / Low Return (SAFE)
PARADISE,1076500.0,1063250.8116823323,13249.18831766746,1.2307652872891277,13249.18831766746,14.245958123509142,1214721.0770624687,1153675.7087344942,1275766.445390443,710.0,39.20753671377113,0.4900249376558603,0.5616570327552987,3.092178214683191,7217.0,12.839858528794124,-13249.18831766746,-1.24610187663096,Fairly Valued,51.54300972225588,45.565305816186765,96.39701456765472,30.439442658092176,54.85316120728726,56.18486480369696,Premium (>$1M),2.1888260209759873,Very Low Crime Risk,69.56055734190782,32.9084979692891,45.14683879271275,53.68219582028319,Moderate Economic Risk,13249.18831766746,2.667494961827468,20,8.95386399403628,10.305463983240056,Very Low Market Risk,29.558838513082403,Low Risk,0.4201684080138488,Low Risk / Low Return (SAFE)
PARAFIELD GARDENS,875500.0,871556.1076230027,3943.8923769972753,0.450473144145891,3943.8923769972753,22.500000000000004,1067656.2318381784,1006610.8635102038,1128701.600166153,585.0,51.33203378817414,0.3816872427983539,0.5244860323748378,4.576861076036376,18467.0,21.948170398421286,-3943.8923769972753,-0.45251158732092,Fairly Valued,53.10067175520759,58.55771359502015,94.27419071732716,17.041800643086816,33.10111631274953,55.29084979652072,Upper-Mid ($750k-$1M),3.024087251480538,Very Low Crime Risk,82.95819935691318,37.77478403406121,66.89888368725047,66.19131162612506,High Economic Risk,3943.8923769972753,0.7739679619533272,20,5.624119937049614,8.715617169043735,Very Low Market Risk,35.746005422315434,Low Risk,0.5972940499565814,Low Risk / High Return (BEST)
PARALOWIE,780000.0,752773.5730218622,27226.42697813781,3.490567561299719,27226.42697813781,21.08843537414966,911521.7414822548,850476.3731542804,972567.1098102296,678.0,60.66838046272493,0.3464724364467295,0.5780774249673771,4.937090215831888,17504.0,16.861761728494223,-27226.42697813781,-3.616814929998492,Fairly Valued,46.88976514001158,51.30228618812011,93.75912919850292,27.009646302250808,26.030686674012266,52.298842541472936,Upper-Mid ($750k-$1M),3.667271736902697,Very Low Crime Risk,72.99035369774919,30.758802642775024,73.96931332598773,60.51668030690464,High Economic Risk,27226.42697813781,5.511711734301136,20,4.042077362710179,10.215204034398,Very Low Market Risk,33.40156248140273,Low Risk,0.49014522923514264,Low Risk / Low Return (SAFE)
PARK HOLME,1050000.0,1031024.5343681877,18975.46563181246,1.8071872030297584,18975.46563181246,13.85687483248459,1173892.3135877943,1112846.9452598195,1234937.681915769,702.0,85.3125,0.518125,0.5772893772893772,5.495510175700071,3199.0,11.799267960742316,-18975.46563181246,-1.8404475353673944,Fairly Valued,50.37642580668364,44.08097181615978,92.96069120196896,29.581993569131832,60.49509237863969,55.21211720967257,Premium (>$1M),5.365014536714387,Very Low Crime Risk,70.41800643086816,30.861970849026548,39.50490762136031,52.36857599441411,Moderate Economic Risk,18975.46563181246,3.8327304118586705,20,8.514867887020625,10.661809136498626,Very Low Market Risk,29.926154185521096,Low Risk,0.38153039947871886,Low Risk / Low Return (SAFE)
PARKSIDE,1776500.0,1795899.9725222047,-19399.972522204745,-1.0920333533467348,19399.972522204745,11.150087697318968,1996144.394414558,1935099.0260865835,2057189.7627425329,1038.0,50.126779793251416,0.6284376828554711,0.6558335281739537,3.2887397906680533,5126.0,12.36388372724785,19399.972522204745,1.0802368071178796,Fairly Valued,56.10915612333255,44.88635906923138,96.11596760980252,65.59485530546624,82.64367540936729,65.38112596302477,Premium (>$1M),2.9410568438115052,Very Low Crime Risk,34.40514469453376,20.57926919970832,17.35632459063271,26.84761802530592,Low Economic Risk,19399.972522204745,3.9191129690299267,20,20.549987575581877,13.70514208150744,Very Low Market Risk,17.0471544820979,Very Low Risk,0.6850877095063579,Low Risk / Low Return (SAFE)
PASADENA,1620000.0,1769025.4397491096,-149025.43974910956,-9.199101219080836,149025.43974910956,26.67509481668773,2240914.6531335115,2179869.2848055367,2301960.0214614864,701.0,48.14573845152896,0.4941444372153545,0.4816890881913303,3.3432075048314247,3073.0,38.32806500824145,149025.43974910956,8.424154701259976,Undervalued,70.52382604925288,81.92255586120943,96.03808878078884,29.474812433011788,55.68027442470438,70.83465384365819,Premium (>$1M),2.8045821497591787,Very Low Crime Risk,70.52518756698821,43.37759727458156,44.319725575295635,57.1398180809277,Moderate Economic Risk,149025.43974910956,30.29649243448808,50,17.957425660564898,34.10795338893646,Low Market Risk,36.232874363178894,Low Risk,1.0294146144716037,Low Risk / High Return (BEST)
PAYNEHAM,1620000.0,1690192.5974385235,-70192.59743852355,-4.332876385094046,70192.59743852355,23.966942148760328,2095280.079469244,2034234.7111412687,2156325.4477972183,874.0,30.75030750307503,0.5797457974579746,0.6341698841698842,2.2343429911943016,2438.0,29.338276510447148,70192.59743852355,4.152934851619868,Fairly Valued,62.14025951146365,69.0992138763691,97.62356140770753,48.01714898177921,72.86731752618455,69.93089770395821,Premium (>$1M),1.6062042731347166,Very Low Crime Risk,51.98285101822079,23.415391118681555,27.13268247381545,38.44257933947795,Low Economic Risk,70192.59743852355,14.254862340865898,20,17.957425660564898,17.191301351487585,Very Low Market Risk,23.14141122197691,Low Risk,1.2152676676887606,Low Risk / High Return (BEST)
PAYNEHAM SOUTH,1330000.0,1380241.3491955372,-50241.34919553716,-3.7775450522960266,50241.34919553716,11.303511303511304,1536257.0861175917,1475211.7177896171,1597302.4544455665,789.0,31.17782909930716,0.5404157043879908,0.6153846153846154,2.704959479337385,1731.0,15.508051587788852,50241.34919553716,3.640040868564033,Fairly Valued,61.13354925417202,49.3713077132794,96.95066625185116,38.90675241157556,64.97062052437124,62.406099869115145,Premium (>$1M),1.6356563990534077,Very Low Crime Risk,61.09324758842444,25.87468709611251,35.02937947562876,45.314905818171724,Moderate Economic Risk,50241.34919553716,10.194999283295546,20,13.153317319638862,14.366329043227935,Very Low Market Risk,26.021415637447472,Low Risk,0.5739170662212497,Low Risk / Low Return (SAFE)
PENNINGTON,858500.0,818245.3414344599,40254.6585655401,4.688952657605137,40254.6585655401,18.332066869300917,968246.6245811648,907201.25625319,1029291.9929091393,568.0,90.35506094329624,0.4091149973502914,0.5063011972274732,6.098678939136755,3773.0,12.783532275033744,-40254.6585655401,-4.919631866766263,Fairly Valued,44.33259111000429,45.48496012008151,92.09827063382892,15.219721329046088,38.60806150993884,49.23443584013825,Upper-Mid ($750k-$1M),5.712398484481078,Very Low Crime Risk,84.78027867095392,40.15547352215783,61.39193849006116,66.71516909013654,High Economic Risk,40254.6585655401,8.162815839817918,20,5.342499792926365,11.600751284158758,Very Low Market Risk,37.39145434724435,Low Risk,0.3329785883964908,Low Risk / Low Return (SAFE)
PETERHEAD,798000.0,741504.6376276169,56495.362372383126,7.079619344910166,56495.362372383126,4.326530612244898,773586.0627657914,712540.6944378169,834631.431093766,801.0,140.5990016638935,0.3851913477537437,0.603,8.311605914656282,1201.0,-3.059390630853204,-56495.362372383126,-7.619016727007318,Overvalued,39.03422825733151,22.88607267000469,88.93419143217068,40.19292604501607,33.80467058723418,44.6280308966106,Upper-Mid ($750k-$1M),9.17372273522326,Very Low Crime Risk,59.80707395498393,27.496033862324282,66.19532941276583,51.39141301874241,Moderate Economic Risk,56495.362372383126,11.467623268973275,80,4.340263397664209,33.672115157005365,Low Market Risk,35.18224636133926,Low Risk,-0.08455502182756026,Low Risk / Low Return (SAFE)
PLYMPTON,1415000.0,1443421.5308914075,-28421.530891407518,-2.0085887555765027,28421.530891407518,12.938912938912935,1630184.586114971,1569139.2177869964,1691229.9544429455,843.0,82.23443223443223,0.6181318681318682,0.688011757295822,5.017075691567064,5459.0,15.207391244874277,28421.530891407518,1.9690388623935349,Fairly Valued,57.85370017202045,48.94243551017708,93.64476465642444,44.69453376205787,80.57447368934318,63.08229929367829,Premium (>$1M),5.152965273667235,Very Low Crime Risk,55.30546623794213,16.366617768161078,19.42552631065682,36.44782371155075,Low Economic Risk,28421.530891407518,5.754902444393528,20,14.561418040255115,12.942315487821189,Very Low Market Risk,22.35826453543978,Low Risk,0.6510497054180211,Low Risk / Low Return (SAFE)
PLYMPTON PARK,1250000.0,1259003.0175458384,-9003.017545838375,-0.7202414036670699,9003.017545838375,17.04260651629073,1473569.9478544022,1412524.5795264277,1534615.3161823768,831.0,55.64142194744977,0.5267903142709943,0.6354359925788498,3.824673852449692,3881.0,17.88559582835218,9003.017545838375,0.715091022052343,Fairly Valued,55.39244659002483,52.76271818843256,95.34968031830913,43.40836012861736,62.23491437961416,61.61309504503143,Premium (>$1M),3.320962646356704,Very Low Crime Risk,56.59163987138264,23.249637018873187,37.76508562038584,42.82372816543044,Moderate Economic Risk,9003.017545838375,1.8034451719230193,20,11.828046053176509,10.678389582063335,Very Low Market Risk,24.5438307930349,Low Risk,0.7001923859137483,Low Risk / Low Return (SAFE)
POORAKA,900000.0,908867.3781221712,-8867.378122171154,-0.9852642357967948,8867.378122171154,20.091673032849503,1091474.0400367095,1030428.6717087352,1152519.4083646843,581.0,87.15717299578058,0.3930643459915612,0.5258495732001933,6.094466334360949,7583.0,21.274893337412195,8867.378122171154,0.9756514905939544,Fairly Valued,55.903875666971125,57.597328152583295,92.10429388507193,16.613076098606644,35.38541135662997,55.621856065705536,Upper-Mid ($750k-$1M),5.492094763372784,Very Low Crime Risk,83.38692390139336,37.59627445268704,64.61458864337003,65.8952620151768,High Economic Risk,8867.378122171154,1.7758440174193022,20,6.029984262403711,9.217833672568648,Very Low Market Risk,36.438826171113966,Low Risk,0.5682574886342697,Low Risk / High Return (BEST)
PORT ADELAIDE,720000.0,564679.3498617584,155320.6501382416,21.57231251920022,155320.6501382416,3.1476997578692507,582453.7603900947,521408.3920621201,643499.1287180693,754.0,552.6512322628827,0.4585511575802838,0.5434962717481359,29.142110706331703,1338.0,-19.103644390264623,-155320.6501382416,-27.50599082050128,Significantly Overvalued,0.0,0.0,59.15039481325629,35.155412647374064,48.53385491130959,21.95677635088833,Mid-Range ($500k-$750k),37.56015815190244,Low Crime Risk,64.84458735262594,35.286035762468,51.4661450886904,53.301333422791444,Moderate Economic Risk,155320.6501382416,31.577499606931774,80,3.048123912863414,41.393030820988564,Moderate Market Risk,46.19732032116416,Moderate Risk,-0.40476120805736066,High Risk / Low Return (AVOID)
PORT NOARLUNGA,898000.0,857589.8927296936,40410.10727030644,4.500011945468423,40410.10727030644,18.60805860805861,1017170.722585622,956125.3542576472,1078216.0909135966,717.0,51.447935921133706,0.414664202094886,0.5729279768367717,3.712450255556144,3245.0,13.27068180240778,-40410.10727030644,-4.712054982560695,Fairly Valued,44.74002380644837,46.17984687840773,95.51013945356044,31.18971061093248,39.722230967690045,52.71967644065741,Upper-Mid ($750k-$1M),3.0320717936516353,Very Low Crime Risk,68.81028938906752,31.43294881647887,60.27776903230995,55.89058314593942,Moderate Economic Risk,40410.10727030644,8.194447968602136,20,5.996852480742152,11.776992307626394,Very Low Market Risk,31.210311572590477,Low Risk,0.4120010380061189,Low Risk / Low Return (SAFE)
PORT NOARLUNGA SOUTH,940000.0,922850.6493667262,17149.350633273832,1.8243990035397688,17149.350633273832,17.68707482993197,1086075.9342887322,1025030.5659607576,1147121.3026167068,786.0,32.036613272311214,0.4096109839816934,0.6038725292456636,2.626372857927488,3058.0,15.539993009439602,-17149.350633273832,-1.858301843861948,Fairly Valued,50.34138130218151,49.41687005030324,97.06303068912466,38.58520900321543,38.70764571733346,56.527783963270856,Upper-Mid ($750k-$1M),1.6948183684678395,Very Low Crime Risk,61.41479099678457,27.381805650389722,61.29235428266653,51.18040805004251,Moderate Economic Risk,17149.350633273832,3.4611357762173465,20,6.692619895634888,10.05760928439566,Very Low Market Risk,28.110171392440737,Low Risk,0.5338337861341137,Low Risk / Low Return (SAFE)
PORT WILLUNGA,1175000.0,1250636.9935282238,-75636.99352822383,-6.437190938572241,75636.99352822383,27.678571428571427,1596795.4470940714,1535750.0787660968,1657840.815422046,690.0,36.95408734602464,0.4193729003359462,0.5362517099863201,3.313509523836612,1785.0,35.897484859069905,75636.99352822383,6.047877515188574,Undervalued,65.85966016621157,78.4554931508867,96.08055143998928,28.29581993569132,40.667643510102806,66.89901896694698,Premium (>$1M),2.0335850340523045,Very Low Crime Risk,71.70418006430867,36.23446624822476,59.3323564898972,58.5889012046012,Moderate Economic Risk,75636.99352822383,15.362738012911874,50,10.585604240868053,26.291496265381763,Low Market Risk,35.162825365592646,Low Risk,0.9926626168215495,Low Risk / High Return (BEST)
PROSPECT,1600000.0,1633790.8169473745,-33790.81694737426,-2.1119260592108917,33790.81694737426,15.789473684210526,1891757.788044328,1830712.4197163533,1952803.156372303,954.0,72.81453548165923,0.5694892012341447,0.6683546405445792,4.442817494029902,14584.0,18.234861752770502,33790.81694737426,2.0682462281499463,Fairly Valued,58.04842476619645,53.26092305649664,94.46584842435244,56.59163987138264,70.8079978976902,65.19247364933,Premium (>$1M),4.504024991471289,Very Low Crime Risk,43.40836012861736,18.940052766979505,29.1920021023098,33.22459631486449,Low Economic Risk,33790.81694737426,6.8474940375942195,20,17.62610784394931,14.145524576025014,Very Low Market Risk,20.792610570078637,Low Risk,0.836745175348889,Low Risk / Low Return (SAFE)
QUEENSTOWN,779500.0,706975.037634738,72524.96236526198,9.30403622389506,72524.96236526198,13.99546485260771,805919.480543618,744874.1122156434,866964.8488715925,623.0,52.46913580246913,0.3960905349794238,0.5325762104004782,3.971695850236791,1943.0,3.389285509123537,-72524.96236526198,-10.258489834082706,Significantly Overvalued,33.85346042124453,32.08468501919301,95.13946586002352,21.114683815648448,35.99300965203327,43.97160609072691,Upper-Mid ($750k-$1M),3.102422643195415,Very Low Crime Risk,78.88531618435155,36.71564868164293,64.00699034796673,63.258750766262004,High Economic Risk,72524.96236526198,14.729473357054665,40,4.03379441729479,20.900237947145563,Low Market Risk,36.740149765518744,Low Risk,0.08980583093022473,Low Risk / Low Return (SAFE)
REDWOOD PARK,850000.0,819948.0619511055,30051.93804889452,3.5355221233993555,30051.93804889452,16.071428571428573,951725.4290503904,890680.0607224158,1012770.797378365,837.0,20.30551415797317,0.430886736214605,0.6465536723163842,2.0606609314947195,5367.0,11.967697535340044,-30051.93804889452,-3.6651026380115455,Fairly Valued,46.794985843385376,44.32122552579463,97.8718948587775,44.05144694533762,42.97939174575001,55.59883732259541,Upper-Mid ($750k-$1M),0.8866584735638848,Very Low Crime Risk,55.94855305466238,21.794152651339132,57.02060825425,45.916643973582936,Moderate Economic Risk,30051.93804889452,6.0866726527967385,20,5.2016897208647395,10.735091491334881,Very Low Market Risk,25.371337827127608,Low Risk,0.45381457754597265,Low Risk / Low Return (SAFE)
REGENCY PARK,795000.0,820652.7218839539,-25652.7218839539,-3.226757469679736,25652.7218839539,,,,,426.0,1459.016393442623,0.2295081967213114,0.0491803278688524,70.0,60.0,,25652.7218839539,3.125892499943646,Fairly Valued,60.12437688413164,50.0,0.7311161077756623,0.0,2.546603900153204,30.938196676809945,Upper-Mid ($750k-$1M),100.0,Very High Crime Risk,100.0,100.0,97.45339609984681,99.49067921996937,Very High Economic Risk,25652.7218839539,5.191479782015469,50,4.290565725171871,20.649233344099155,Low Market Risk,83.87518627880452,Very High Risk,,Unknown Growth
RENOWN PARK,1185000.0,1258043.2634603677,-73043.26346036769,-6.163988477668159,73043.26346036769,21.35338345864662,1526678.065582732,1465632.6972547574,1587723.4339107063,640.0,99.15865384615384,0.5114182692307693,0.5623678646934461,6.5832169514802334,1663.0,28.833592032298057,73043.26346036769,5.80610107632191,Undervalued,65.38510045403024,68.37931466413131,91.40547025486076,22.936763129689176,59.14851481872611,64.34681880454005,Premium (>$1M),6.318881359257476,Very Low Crime Risk,77.06323687031082,32.8154385541645,40.85148518127389,56.546547037659536,Moderate Economic Risk,73043.26346036769,14.834942019621062,20,10.751263149175847,15.621792595142386,Very Low Market Risk,33.29329644563549,Low Risk,0.8407938291382224,Low Risk / High Return (BEST)
REYNELLA,831050.0,791317.2420945228,39732.75790547719,4.781030973524721,39732.75790547719,18.601108033240997,938511.0171821882,877465.6488542137,999556.3855101628,718.0,42.5883812280339,0.3888774033491833,0.5904161412358133,3.405213582852201,4836.0,12.930752323228232,-39732.75790547719,-5.021090883892445,Overvalued,44.133446965970656,45.694959835368,95.94943147577504,31.29689174705252,34.54475691546205,52.00266979739229,Upper-Mid ($750k-$1M),2.421733689788859,Very Low Crime Risk,68.70310825294749,29.143464814368585,65.45524308453795,56.18564218769191,Moderate Economic Risk,39732.75790547719,8.056614704745789,20,4.887766089621469,11.444587404303684,Very Low Market Risk,31.10825868164335,Low Risk,0.4027235625400292,Low Risk / Low Return (SAFE)
REYNELLA EAST,857000.0,786799.0114981778,70200.98850182223,8.191480571974589,70200.98850182223,20.99629477151091,951997.6512116692,890952.2828836946,1013043.0195396438,660.0,27.122049221496734,0.3802109492717228,0.5217132659131469,2.659376522830001,1990.0,11.08490679249349,-70200.98850182223,-8.922353418841936,Overvalued,36.47603405010561,43.06198259707055,97.0158415089792,25.080385852090032,32.804706064118776,48.15400265032054,Upper-Mid ($750k-$1M),1.3562521754714298,Very Low Crime Risk,74.91961414790997,38.13778407859289,67.19529393588121,62.34020108470909,High Economic Risk,70200.98850182223,14.256569831419128,20,5.317650956680196,14.0320406717377,Very Low Market Risk,34.383384329343514,Low Risk,0.3132800042335338,Low Risk / Low Return (SAFE)
RICHMOND,1325000.0,1376606.2847610228,-51606.28476102278,-3.8948139442281344,51606.28476102278,24.58198885303608,1715003.4882311716,1653958.119903197,1776048.8565591462,771.0,52.374100719424455,0.5496402877697841,0.6482781678368439,3.7271129480394856,3474.0,29.43422552688088,51606.28476102278,3.7488049656828033,Fairly Valued,61.34703183695094,69.23607883722337,95.48917449590928,36.97749196141479,66.82273259042627,67.03986121282783,Premium (>$1M),3.0958756400564083,Very Low Crime Risk,63.02250803858521,21.568388253446145,33.17726740957373,44.61722397724119,Moderate Economic Risk,51606.28476102278,10.472748896291664,20,13.070487865484967,14.456721524887907,Very Low Market Risk,26.128718985615098,Low Risk,1.0849839810898652,Low Risk / High Return (BEST)
RIDGEHAVEN,901400.0,861936.6175568677,39463.382443132345,4.378010033629059,39463.382443132345,16.374149659863946,1003071.4092887983,942026.0409608238,1064116.777616773,688.0,36.70150987224158,0.3995354239256678,0.5294768890119015,3.2113294128449072,4304.0,11.279277711204609,-39463.382443132345,-4.578455264493817,Fairly Valued,45.00225384031982,43.33923992777993,96.22665023474778,28.081457663451232,36.68467453482364,51.46150228399053,Upper-Mid ($750k-$1M),2.0161848754927245,Very Low Crime Risk,71.91854233654877,37.12140005580851,63.31532546517636,59.7587562780522,Moderate Economic Risk,39463.382443132345,8.001799713980775,20,6.053176509566802,11.714014012984011,Very Low Market Risk,32.82703640427072,Low Risk,0.33343972485217716,Low Risk / Low Return (SAFE)
RIDLEYTON,900000.0,828792.898934402,71207.10106559796,7.911900118399775,71207.10106559796,7.692307692307693,892546.1988524329,831500.8305244583,953591.5671804076,842.0,223.5393734123624,0.5757832345469941,0.6220095693779905,11.861261618146932,1180.0,-0.8282001275074564,-71207.10106559796,-8.591663991951496,Overvalued,37.12511251276376,26.06871916549794,83.85883562119747,44.58735262593784,72.07171405270796,48.32175496860458,Upper-Mid ($750k-$1M),14.887516597352763,Very Low Crime Risk,55.41264737406216,25.007373303969757,27.92828594729204,40.794192867680415,Moderate Economic Risk,71207.10106559796,14.461302847603537,80,6.029984262403711,35.29201720464234,Low Market Risk,31.921754853974505,Low Risk,-0.025156621546480875,Low Risk / Low Return (SAFE)
RIVERLEA PARK,924750.0,1122978.0712281084,-198228.0712281084,-21.435855228776248,198228.0712281084,,,,,,48.76373626373626,0.5023510971786834,0.6001129624399887,3.4738254480856967,,,198228.0712281084,17.651998405571952,Significantly Undervalued,88.63627270824125,50.0,95.8513291081082,50.0,57.328007803112754,71.4939484144053,Upper-Mid ($750k-$1M),2.847156254887478,Very Low Crime Risk,50.0,27.87399384464807,42.671992196887246,41.896596592771864,Moderate Economic Risk,198228.0712281084,40.308695352521404,50,6.439990060465502,35.23347565612494,Low Market Risk,28.84914030407716,Low Risk,,Unknown Growth
ROSE PARK,3115000.0,2623432.9614023166,491567.0385976834,15.7806432936656,491567.0385976834,,,,,1132.0,39.97093023255814,0.654796511627907,0.6173688736027515,3.008991544272356,1375.0,,-491567.0385976834,-18.73754907519816,Significantly Overvalued,17.210730749594028,50.0,96.5159562302644,75.66988210075026,87.93600166367406,57.11049295241104,Premium (>$1M),2.2414164918176516,Very Low Crime Risk,24.330117899249743,25.614915553323996,12.063998336325938,22.26233328288726,Low Economic Risk,491567.0385976834,100.0,50,42.72343245258014,68.18085811314504,High Market Risk,25.43976321161793,Low Risk,,Unknown Growth
ROSEWATER,897500.0,866540.9689192895,30959.03108071047,3.449474215120944,30959.03108071047,16.986062717770032,1013732.1613750922,952686.7930471177,1074777.529703067,684.0,108.01004744627409,0.4298074239464136,0.5660814839350778,7.190060069617271,3582.0,12.950658649035343,-30959.03108071047,-3.5727140655935936,Fairly Valued,46.97632648410714,45.72335489978458,90.53779603424348,27.652733118971064,42.762687403426646,52.05547458521531,Upper-Mid ($750k-$1M),6.928657242310389,Very Low Crime Risk,72.34726688102893,32.329265640321665,57.23731259657336,57.31987565192564,Moderate Economic Risk,30959.03108071047,6.271256266052297,20,5.988569535326762,11.00564489025261,Very Low Market Risk,32.939663976706456,Low Risk,0.3815788706076662,Low Risk / Low Return (SAFE)
ROSSLYN PARK,2305000.0,2389390.538464321,-84390.53846432082,-3.661194727302422,84390.53846432082,27.52834467120181,3047150.2014338635,2986104.8331058887,3108195.5697618383,986.0,15.646258503401365,0.6326530612244898,0.5547675334909378,1.385976401392246,1469.0,32.197405702119894,84390.53846432082,3.531885520839103,Fairly Valued,60.921261527014615,73.17757360781944,98.83656984037134,60.021436227224015,83.49003917639187,73.6903051798563,Premium (>$1M),0.5656805734174944,Very Low Crime Risk,39.978563772775985,33.810445022644174,16.509960823608125,33.43440755790287,Low Economic Risk,84390.53846432082,17.143989655717494,50,29.305060879648803,31.6838610821992,Low Market Risk,23.223680167416525,Low Risk,1.3291706908114191,Low Risk / High Return (BEST)
ROSTREVOR,1304000.0,1316409.270550754,-12409.27055075392,-0.9516311772050552,12409.27055075392,13.83288409703504,1498506.6391886645,1437461.2708606897,1559552.0075166388,783.0,18.57328759020466,0.5275050278007808,0.5886874546773024,1.9771273069707704,8452.0,14.91615331201413,12409.27055075392,0.9426605257468432,Fairly Valued,55.83912087590952,48.527003755254256,97.99133260205562,38.2636655948553,62.37841457875627,60.45914501910147,Premium (>$1M),0.7673247242439576,Very Low Crime Risk,61.736334405144696,29.369777887031077,37.62158542124373,47.20341765293041,Moderate Economic Risk,12409.27055075392,2.496580787849006,20,12.722604158038598,11.179283354649252,Very Low Market Risk,26.067762914668243,Low Risk,0.551067088884946,Low Risk / Low Return (SAFE)
ROYAL PARK,1017500.0,1004983.4887750164,12516.511224983493,1.230123953315331,12516.511224983493,18.37881219903692,1189687.516808306,1128642.1484803315,1250732.885136281,751.0,71.80081065431385,0.4473074696004632,0.5934369602763385,4.933932370874701,3453.0,16.922606074526396,-12516.511224983493,-1.245444463992138,Fairly Valued,51.54430009427943,51.38907664567156,93.76364433689729,34.83386923901393,46.27634697707754,56.91600314064102,Premium (>$1M),4.434189101249573,Very Low Crime Risk,65.16613076098608,28.747990669184347,53.72365302292246,51.95219318583284,Moderate Economic Risk,12516.511224983493,2.5184031042409956,20,7.9764764350202935,10.001480350451471,Very Low Market Risk,29.306649393381583,Low Risk,0.5583793132282707,Low Risk / Low Return (SAFE)
ROYSTON PARK,1660500.0,1718463.8696498314,-57963.86964983144,-3.4907479463915347,57963.86964983144,6.163793103448276,1824386.427132558,1763341.0588045835,1885431.795460533,959.0,38.492381716118686,0.5846030473135525,0.6268221574344023,2.577691104185121,1246.0,9.869703531018253,57963.86964983144,3.3730048488969766,Fairly Valued,60.6094099408904,41.32857507510119,97.13263665724764,57.12754555198285,73.842556265217,63.89488154181107,Premium (>$1M),2.139558720264459,Very Low Crime Risk,42.87245444801715,24.37732757061049,26.157443734783,33.98091424214832,Low Economic Risk,57963.86964983144,11.766448604254313,40,18.628344239211465,23.36366550150459,Low Market Risk,22.30505783745442,Low Risk,0.4235004950365876,Low Risk / Low Return (SAFE)
SALISBURY,810500.0,806696.3298571266,3803.670142873423,0.4692992156537228,3803.670142873423,22.47165532879819,987974.3486526852,926928.9803247104,1049019.7169806596,536.0,179.25808640579055,0.3106763175752092,0.4330500209000975,11.55587328554025,8841.0,21.896896810942017,-3803.670142873423,-0.4715120178552304,Fairly Valued,53.06337763801425,58.48457519502357,84.29548485649501,11.789924973204716,18.843541094003022,51.05209691684017,Upper-Mid ($750k-$1M),11.83696183648607,Very Low Crime Risk,88.21007502679528,49.74523906361604,81.15645890599698,75.25990101368185,High Economic Risk,3803.670142873423,0.745434255127764,20,4.547337033048953,8.435007960313344,Very Low Market Risk,42.86804064984942,Moderate Risk,0.4991537457923182,High Risk / High Return (AGGRESSIVE)
SALISBURY DOWNS,845000.0,842736.9076335635,2263.0923664364964,0.2678215818268043,2263.0923664364964,25.29274004683841,1055888.1629600856,994842.794632111,1116933.53128806,535.0,128.63268222963316,0.342861680165158,0.4743059657412876,8.54455089589922,6296.0,24.957179048530836,-2263.0923664364964,-0.2685407920238528,Fairly Valued,53.46177033071477,62.84986651554375,88.60112288610696,11.682743837084674,25.305718943775062,53.75420577526197,Upper-Mid ($750k-$1M),8.349358422713173,Very Low Crime Risk,88.31725616291533,44.34416759890446,74.69428105622492,72.40073457237399,High Economic Risk,2263.0923664364964,0.43194335342095674,20,5.1188602667108425,8.452492408046092,Very Low Market Risk,40.39567329461017,Moderate Risk,0.602893420066206,High Risk / High Return (AGGRESSIVE)
SALISBURY EAST,814500.0,762604.2970514973,51895.70294850273,6.371479797237904,51895.70294850273,23.784595429926902,943986.643836434,882941.2755084593,1005032.0121644085,599.0,42.700021565667456,0.3441880526202286,0.4929484644787136,4.010597244677467,9273.0,15.897684940016438,-51895.70294850273,-6.805063012252907,Overvalued,40.63185969906104,49.927094061928194,95.08384400967468,18.542336548767416,25.572028036169183,49.02665351306733,Upper-Mid ($750k-$1M),2.429424635253526,Very Low Crime Risk,81.45766345123258,41.90356253339874,74.4279719638308,68.18549487840207,High Economic Risk,51895.70294850273,10.531642364671615,20,4.61360059637207,12.366057094961665,Very Low Market Risk,37.29478624876943,Low Risk,0.41513967036510874,Low Risk / Low Return (SAFE)
SALISBURY HEIGHTS,947500.0,921428.2933804358,26071.70661956421,2.751631305494904,26071.70661956421,16.83087027914614,1076512.694154647,1015467.3258266724,1137558.0624826215,816.0,28.959679215860994,0.3869458676765426,0.6355604638321369,2.2979930449521144,4488.0,13.616115478063,-26071.70661956421,-2.829488393927559,Fairly Valued,48.43513265432343,46.672585295679085,97.53255351928308,41.80064308681672,34.15694313816189,55.39098760091211,Upper-Mid ($750k-$1M),1.4828472070744492,Very Low Crime Risk,58.19935691318328,23.233341715568557,65.84305686183811,49.23829234362983,Moderate Economic Risk,26071.70661956421,5.276738640462491,20,6.816864076865733,10.81491147540143,Very Low Market Risk,27.226982629017538,Low Risk,0.48237941890627506,Low Risk / Low Return (SAFE)
SALISBURY NORTH,753000.0,728320.5012422974,24679.498757702648,3.2774898748609096,24679.498757702648,27.12773271002337,925897.3400916104,864851.9717636358,986942.7084195848,540.0,74.97192062897791,0.2824784724822164,0.4529550827423168,6.376853654312225,10683.0,22.96113414231213,-24679.498757702648,-3.388549232872999,Fairly Valued,47.33780591700592,60.00263974754792,91.70053187405478,12.218649517684888,13.181977100060404,50.69310322445849,Upper-Mid ($750k-$1M),4.652648077588893,Very Low Crime Risk,87.7813504823151,47.13934403604676,86.81802289993959,75.39608303195949,High Economic Risk,24679.498757702648,4.993439410359547,20,3.5947983102791357,9.896075341713603,Very Low Market Risk,41.07305100759913,Moderate Risk,0.5457444514343622,High Risk / High Return (AGGRESSIVE)
SALISBURY PARK,809000.0,772819.7360258357,36180.26397416426,4.472220515965916,36180.26397416426,21.830357142857142,941529.0444707616,880483.676142787,1002574.412798736,606.0,70.26789635485288,0.2942468159859464,0.4924568965517241,5.220010235109562,2276.0,16.381834916039747,-36180.26397416426,-4.681591616722731,Fairly Valued,44.79981741657807,50.6177021575494,93.35460552527186,19.29260450160772,15.544825382591869,49.21366508291548,Upper-Mid ($750k-$1M),4.328586050156518,Very Low Crime Risk,80.70739549839229,41.967916737711604,84.45517461740813,69.83510769399125,High Economic Risk,36180.26397416426,7.333720643265183,20,4.522488196802783,11.06411030650677,Very Low Market Risk,38.42895172334393,Low Risk,0.41547731299031404,Low Risk / Low Return (SAFE)
SALISBURY PLAIN,730000.0,655104.1976190313,74895.8023809687,10.259698956297084,74895.8023809687,17.90123456790123,772375.9366989813,711330.5683710068,833421.3050269559,577.0,122.18890554722638,0.3170914542728635,0.506137865911237,7.693810931555086,1333.0,5.804922835476894,-74895.8023809687,-11.432654935379231,Significantly Overvalued,31.548804702363917,35.53043277563631,89.81752480852865,16.184351554126476,20.131572389440027,40.75156453838695,Mid-Range ($500k-$750k),7.9054441879358395,Very Low Crime Risk,83.81564844587352,40.17685623717776,79.86842761055998,69.93456661620208,High Economic Risk,74895.8023809687,15.211913637379526,40,3.2137828211712085,20.888211160244612,Low Market Risk,41.51655879653072,Moderate Risk,0.13653322375541282,High Risk / Low Return (AVOID)
SEACLIFF,1681500.0,1888320.9440207717,-206820.94402077145,-12.29978852338813,206820.94402077145,15.517546969159875,2181342.0334376777,2120296.665109703,2242387.4017656525,948.0,39.6600566572238,0.5571293673276676,0.602017937219731,2.904000204802341,2117.0,29.72596095377209,206820.94402077145,10.952637298000354,Significantly Undervalued,75.48674129024688,69.65222023465863,96.6660745655038,55.948553054662376,68.32639015833102,74.61721433287195,Premium (>$1M),2.2200002925747735,Very Low Crime Risk,44.051446945337624,27.62460178821918,31.673609841668977,36.64782597746836,Low Economic Risk,206820.94402077145,42.05725195331443,20,18.97622794665783,28.56695776799023,Low Market Risk,24.703304630104657,Low Risk,1.1565034683888837,Low Risk / High Return (BEST)
SEACLIFF PARK,1040000.0,1050699.6333175418,-10699.633317541797,-1.0288108959174804,10699.633317541797,11.82525734371077,1174947.5688667663,1113902.200538792,1235992.937194741,856.0,36.29489603024575,0.4922495274102079,0.629172382258802,2.7717211649196507,2644.0,12.975727775650627,10699.633317541797,1.0183341630907528,Fairly Valued,55.9876533786049,45.75911435996854,96.85520930132574,46.08788853161844,55.29981438993198,60.05028118257472,Premium (>$1M),1.9881730927423593,Very Low Crime Risk,53.91211146838156,24.069645070946848,44.70018561006803,43.116986377488445,Moderate Economic Risk,10699.633317541797,2.148688116652121,20,8.34920897871283,9.946777491339056,Very Low Market Risk,24.144300614834744,Low Risk,0.5160504551077134,Low Risk / Low Return (SAFE)
SEACOMBE GARDENS,976944.0,903822.6979053754,73121.30209462461,7.484697392544978,73121.30209462461,13.529617766389066,1026106.454217838,965061.0858898634,1087151.8225458127,715.0,51.27445168938944,0.5121517486662714,0.5894109396914446,3.5540842791042198,3373.0,5.03226942566186,-73121.30209462461,-8.090226353474469,Overvalued,38.10933621341881,34.42829350815052,95.73657371817242,30.97534833869239,59.29578283685451,49.76306951918706,Upper-Mid ($750k-$1M),3.0201203987203122,Very Low Crime Risk,69.02465166130762,29.275061979297732,40.70421716314549,51.435687857072224,Moderate Economic Risk,73121.30209462461,14.850822036972572,40,7.304630166487202,21.76648635641083,Low Market Risk,30.97717731943437,Low Risk,0.15737065768476882,Low Risk / Low Return (SAFE)
SEACOMBE HEIGHTS,1230000.0,1241512.501693501,-11512.501693500672,-0.9359757474390792,11512.501693500672,19.565319698246928,1484418.3917435375,1423373.023415563,1545463.760071512,815.0,25.161290322580644,0.4929032258064516,0.6234076433121019,2.2048223226510686,1549.0,20.68442209297053,11512.501693500672,0.9272964773046504,Fairly Valued,55.80896426329316,56.75505976089116,97.66577054266315,41.69346195069667,55.431063969141526,62.26173401726203,Premium (>$1M),1.2211747466443836,Very Low Crime Risk,58.30653804930333,24.824342779274403,44.568936030858474,45.51435906460568,Moderate Economic Risk,11512.501693500672,2.314098032364175,20,11.496728236560921,10.7998212720859,Very Low Market Risk,25.283496210713334,Low Risk,0.7869737696668914,Low Risk / High Return (BEST)
SEAFORD,870000.0,833810.9592711441,36189.04072885588,4.15965985389148,36189.04072885588,19.76516634050881,998615.082336478,937569.7140085036,1059660.4506644527,656.0,104.1388518024032,0.3618157543391188,0.49906191369606,6.673378367932928,4493.0,14.783342797296328,-36189.04072885588,-4.340197298496731,Fairly Valued,45.46990748059385,48.3375582916789,91.27655598622654,24.65166130760986,29.11131839748937,50.5895540502336,Upper-Mid ($750k-$1M),6.661969097047038,Very Low Crime Risk,75.34833869239014,41.103213002055405,70.88868160251063,64.18286956731382,High Economic Risk,36189.04072885588,7.335506617842006,20,5.533007537480328,11.317454531506884,Very Low Market Risk,36.3535164190724,Low Risk,0.39576843666980904,Low Risk / Low Return (SAFE)
SEAFORD HEIGHTS,660000.0,720105.2640223709,-60105.26402237092,-9.106858185207717,60105.26402237092,11.904761904761903,805832.0811678913,744786.7128399167,866877.4494958658,1081.0,38.88888888888889,0.4805555555555555,0.8130277442702051,2.1768119755004176,1079.0,22.09576987392292,60105.26402237092,8.346733043810062,Undervalued,70.37186252605657,58.76825453840328,97.705820195377,70.20364415862808,52.95189844883298,71.1705229001707,Mid-Range ($500k-$750k),2.1668742507148826,Very Low Crime Risk,29.79635584137192,0.0,47.04810155116703,24.307798230919367,Low Economic Risk,60105.26402237092,12.202199179801298,20,2.0541704630166486,12.394422287674681,Very Low Market Risk,15.282845848209085,Very Low Risk,1.3569968100111434,Low Risk / High Return (BEST)
SEAFORD MEADOWS,841000.0,812462.3677579258,28537.63224207424,3.393297531756746,28537.63224207424,13.983193277310924,926070.5509469332,865025.1826189586,987115.9192749078,854.0,51.14638447971781,0.4230844601214971,0.6753314270860411,3.847908459840391,5102.0,10.115404393214414,-28537.63224207424,-3.512486654714457,Fairly Valued,47.094541074851406,41.67905119394253,95.31645909645368,45.87352625937835,41.41285057021472,54.63373093616001,Upper-Mid ($750k-$1M),3.0112977997719867,Very Low Crime Risk,54.12647374062165,18.026678395127732,58.587149429785285,44.188670274806206,Moderate Economic Risk,28537.63224207424,5.7785278125291555,20,5.052596703387724,10.574560300858593,Very Low Market Risk,25.112636537506418,Low Risk,0.38737583540004983,Low Risk / Low Return (SAFE)
SEAFORD RISE,870000.0,813999.4926862563,56000.5073137437,6.436839921119965,56000.5073137437,13.0298273155416,920062.22093266,859016.8526046855,981107.5892606346,709.0,36.521454307238784,0.380281690140845,0.5920615128844555,3.202646545233792,6105.0,5.754278268121844,-56000.5073137437,-6.87967349081976,Overvalued,40.48541396844986,35.45819163147286,96.23906514094352,30.33226152197213,32.81890941746731,48.08971529663443,Upper-Mid ($750k-$1M),2.0037807789054165,Very Low Crime Risk,69.66773847802787,28.928059012985656,67.1810905825327,56.94850505941618,Moderate Economic Risk,56000.5073137437,11.366925621038979,40,5.533007537480328,19.930022132785673,Very Low Market Risk,33.06139118993685,Low Risk,0.1689384393031456,Low Risk / Low Return (SAFE)
SEATON,1077000.0,1059807.1032551262,17192.89674487384,1.5963692427923717,17192.89674487384,14.909244880649,1217816.3395419456,1156770.971213971,1278861.7078699202,696.0,66.64828093399522,0.4328920757492186,0.5520641456279121,4.355460553726644,10877.0,13.07486903824936,-17192.89674487384,-1.6222666079579025,Fairly Valued,50.80467215938968,45.9005328500058,94.5907528070961,28.938906752411576,43.38202386417452,54.31372382101676,Premium (>$1M),4.079229362466634,Very Low Crime Risk,71.06109324758842,34.16436228478037,56.61797613582548,57.10345053639341,Moderate Economic Risk,17192.89674487384,3.469996938568322,20,8.962146939451669,10.628535510290247,Very Low Market Risk,31.901201178994746,Low Risk,0.39739792377540323,Low Risk / Low Return (SAFE)
SEAVIEW DOWNS,1148000.0,1168609.9476457357,-20609.94764573546,-1.7952916067713816,20609.94764573546,18.029556650246302,1379305.140176937,1318259.7718489624,1440350.5085049116,796.0,44.86943729312247,0.4520044133872747,0.6076923076923076,3.4852135588395505,2718.0,20.148531374297647,20609.94764573546,1.763629317656927,Fairly Valued,57.45052153771497,55.99064689915026,95.8350462009987,39.65702036441586,47.21939945989271,61.07032042695344,Premium (>$1M),2.57887651262793,Very Low Crime Risk,60.342979635584136,26.88173477698939,52.78060054010729,48.79213035891034,Moderate Economic Risk,20609.94764573546,4.1653298094388145,20,10.138325188437008,11.200713220884777,Very Low Market Risk,27.409870777420505,Low Risk,0.7092088356245262,Low Risk / High Return (BEST)
SELLICKS BEACH,970000.0,952860.697407428,17139.302592572058,1.7669384116053666,17139.302592572058,27.70562770562771,1216856.7347843775,1155811.366456403,1277902.103112352,745.0,25.868440502586843,0.3762010347376201,0.5838621940163191,2.5089234146893795,2705.0,25.449147915915205,-17139.302592572058,-1.798720698545463,Fairly Valued,50.45832740042568,63.55162774540052,97.23096182499452,34.19078242229367,31.999595330649843,58.80017441788577,Upper-Mid ($750k-$1M),1.269890592413399,Very Low Crime Risk,65.80921757770633,30.001482669606133,68.00040466935015,55.50513452360504,Moderate Economic Risk,17139.302592572058,3.4590911086983387,20,7.189596620558271,10.181035598618903,Very Low Market Risk,30.16974155925032,Low Risk,0.816469647896795,Low Risk / High Return (BEST)
SEMAPHORE,1472500.0,1474227.8470513634,-1727.8470513634384,-0.1173410561197581,1727.8470513634384,11.36759581881533,1641812.1101525854,1580766.7418246109,1702857.47848056,857.0,81.0909090909091,0.5076363636363637,0.596138044371405,4.811931269536543,2749.0,11.498275731924307,1727.8470513634384,0.117203528261886,Fairly Valued,54.21891074716096,43.65162619964615,93.93808350800136,46.19506966773847,58.38918372547538,58.734375298368406,Premium (>$1M),5.074187527909347,Very Low Crime Risk,53.80493033226153,28.39437500759162,41.61081627452462,43.74294092331317,Moderate Economic Risk,1727.8470513634384,0.32302672550186845,20,15.51395676302493,11.00769988095698,Very Low Market Risk,25.595266696220783,Low Risk,0.43234293768365273,Low Risk / Low Return (SAFE)
SEMAPHORE PARK,1115000.0,1129140.553403833,-14140.55340383295,-1.2682110676083362,14140.55340383295,13.177339901477827,1277931.2420912837,1216885.873763309,1338976.6104192582,656.0,88.28709819462792,0.3989431968295905,0.4922118380062305,5.698955019072819,4541.0,14.612667452133064,14140.55340383295,1.2523288939721249,Fairly Valued,56.4469391248072,48.09410113804885,92.66980243576862,24.65166130760986,36.56576716469195,54.84589342171877,Premium (>$1M),5.569935741532597,Very Low Crime Risk,75.34833869239014,41.999998870901,63.434232835308045,62.96101557452698,High Economic Risk,14140.55340383295,2.8488781083884076,20,9.591650791021287,10.537463941110685,Very Low Market Risk,35.25898129794541,Low Risk,0.403008218351713,Low Risk / Low Return (SAFE)
SEMAPHORE SOUTH,1336500.0,1433287.1109277485,-96787.11092774826,-7.241833963916817,96787.11092774826,8.389888021717,1553538.2945642893,1492492.9262363147,1614583.6628922638,930.0,57.17054263565891,0.4786821705426357,0.6330275229357798,3.5084130478860107,1031.0,16.239303745925124,96787.11092774826,6.752806900293634,Undervalued,67.24329823976312,50.41439081843083,95.80187519192654,54.019292604501615,52.57576016234474,65.29743212183166,Premium (>$1M),3.426304354122873,Very Low Crime Risk,45.980707395498385,23.56494470878026,47.42423983765525,39.54468507791432,Low Economic Risk,96787.11092774826,19.6665579668233,20,13.26099561003893,18.181872089239054,Very Low Market Risk,24.436608263041833,Low Risk,0.6384225277990403,Low Risk / Low Return (SAFE)
SHEIDOW PARK,1011500.0,1026148.6204930812,-14648.620493081164,-1.4482076612042676,14648.620493081164,14.328147100424326,1173176.7043063047,1112131.33597833,1234222.0726342793,905.0,24.06417112299465,0.4708853238265003,0.7155841696648362,1.941915650405363,6731.0,15.983856085645543,14648.620493081164,1.4275340043864468,Fairly Valued,56.79083238074507,50.05001153322339,98.041678804812,51.339764201500536,51.01030909724433,61.96008389844128,Premium (>$1M),1.1455937862933758,Very Low Crime Risk,48.660235798499464,12.756942356949537,48.98969090275567,37.955138786885726,Low Economic Risk,14648.620493081164,2.9522642615395633,20,7.877081090035616,10.150175977124729,Very Low Market Risk,21.351282724755823,Low Risk,0.7151203034956983,Low Risk / Low Return (SAFE)
SMITHFIELD,645000.0,557877.6182359734,87122.38176402659,13.507346009926604,87122.38176402659,23.555294807861543,689287.3358785333,628241.9675505587,750332.7042065079,526.0,411.5988723318566,0.2650020136931131,0.4238070805541303,23.15010507269577,2482.0,6.866253624578808,-87122.38176402659,-15.61675516567779,Significantly Overvalued,23.336236884193003,37.04435133679417,67.71786252066022,10.718113612004288,9.673053297702308,32.38055377515936,Mid-Range ($500k-$750k),27.84300724670824,Low Crime Risk,89.28188638799571,50.95528967680168,90.3269467022977,77.9929194374979,High Economic Risk,87122.38176402659,17.699890196699705,40,1.8056821005549573,21.53137660381862,Low Market Risk,51.65563721352515,Moderate Risk,0.13039921246675445,High Risk / Low Return (AVOID)
SMITHFIELD PLAINS,686000.0,668593.778187118,17406.221812881995,2.537350118495917,17406.221812881995,25.71428571428571,840517.8925780912,779472.5242501167,901563.2609060658,511.0,119.47973381730186,0.2589231699939504,0.4240297274979356,10.053165819495671,3305.0,22.524474136747997,-17406.221812881995,-2.6034076865146285,Fairly Valued,48.878884725214014,59.3797729711132,86.4440805815627,9.110396570203644,8.45254291832806,49.0092385540184,Mid-Range ($500k-$750k),7.718808313565247,Very Low Crime Risk,90.88960342979635,50.926141585307924,91.54745708167194,79.03213560682494,High Economic Risk,17406.221812881995,3.513406280796543,20,2.4848836246169137,9.026583418472846,Very Low Market Risk,43.63702698117661,Moderate Risk,0.504614121057985,High Risk / High Return (AGGRESSIVE)
SOMERTON PARK,2470000.0,2622953.814224248,-152953.81422424782,-6.192462114342017,152953.81422424782,16.264687693259127,3049569.06044625,2988523.692118275,3110614.4287742246,908.0,34.75567790777701,0.5273571920165175,0.564792663476874,2.217495038213607,5811.0,23.46433443102226,152953.81422424782,5.831357509796058,Undervalued,65.43467387754663,60.72042186117426,97.64765088657713,51.66130760986066,62.34873210655172,68.32410715800724,Premium (>$1M),1.8821357688765816,Very Low Crime Risk,48.338692390139336,32.497993115276785,37.65126789344828,41.44899770834236,Moderate Economic Risk,152953.81422424782,31.095874117963586,20,32.038432866727405,27.447957863867284,Low Market Risk,26.778731157607613,Low Risk,0.844687048443399,Low Risk / High Return (BEST)
SOUTH BRIGHTON,1250000.0,1299253.8861504656,-49253.88615046558,-3.9403108920372474,49253.88615046558,16.502463054187196,1513662.7786925377,1452617.4103645629,1574708.147020512,820.0,31.476121562952244,0.5126628075253257,0.5630323679727428,2.929344116497495,2763.0,21.093022295403,49253.88615046558,3.7909362192788185,Fairly Valued,61.42972722147263,57.337901073804375,96.62983742583748,42.229367631296896,59.3983932464679,64.3636053894017,Premium (>$1M),1.6562058807107074,Very Low Crime Risk,57.770632368703104,32.7284443109389,40.6016067535321,46.82417082833964,Moderate Economic Risk,49253.88615046558,9.994061242297969,20,11.828046053176509,13.954636010213314,Very Low Market Risk,26.699874380425694,Low Risk,0.7614844026263357,Low Risk / High Return (BEST)
SOUTH PLYMPTON,1235000.0,1261284.842903884,-26284.842903884128,-2.1283273606383912,26284.842903884128,16.666666666666664,1471498.983387865,1410453.61505989,1532544.3517158392,805.0,49.76704786107582,0.5455315544260907,0.6242454728370221,3.8113923416040767,4721.0,19.14971525407811,26284.842903884128,2.0839735807312127,Fairly Valued,58.07929447355637,54.565901401223485,95.36867043985316,40.62165058949625,65.99778101406815,62.83202347017468,Premium (>$1M),2.9162747737201102,Very Low Crime Risk,59.37834941050375,24.714657322869044,34.00221898593185,43.90401569929896,Moderate Economic Risk,26284.842903884128,5.320109567253621,20,11.579557690714818,12.022933249580152,Very Low Market Risk,25.23147693168154,Low Risk,0.7300280995977658,Low Risk / Low Return (SAFE)
SPRINGFIELD,6572500.0,6258299.110804945,314200.8891950548,4.780538443439403,314200.8891950548,42.447129909365565,8914767.46448499,8853722.096157014,8975812.832812965,1356.0,29.14389799635701,0.6757741347905283,0.6046511627906976,1.7668766764161197,548.0,35.63739010247227,-314200.8891950548,-5.020547654115594,Overvalued,44.13451321943918,78.08448508844631,98.29195239413772,99.67845659163989,92.14788933042016,76.58642313855887,Premium (>$1M),1.4955381091658848,Very Low Crime Risk,0.32154340836012807,27.279869906638382,7.852110669579844,9.915154810087547,Very Low Economic Risk,314200.8891950548,63.907908475031306,50,100.0,68.06316339001252,High Market Risk,19.018871515796043,Very Low Risk,1.7801897611637256,Low Risk / High Return (BEST)
ST AGNES,845000.0,786423.3817277007,58576.618272299296,6.932144174236603,58576.618272299296,14.455782312925171,900107.0338482016,839061.665520227,961152.4021761762,746.0,46.29192253188474,0.4222957014643363,0.584841628959276,3.0438104445106333,4233.0,6.521542467242796,-58576.618272299296,-7.448483810795629,Overvalued,39.36895091274912,36.552643544381226,96.4661715969316,34.29796355841372,41.25448358867534,49.51222337193596,Upper-Mid ($750k-$1M),2.676872063586618,Very Low Crime Risk,65.70203644158627,29.87325877018243,58.74551641132466,53.5620991341128,Moderate Economic Risk,58576.618272299296,11.89113631630305,40,5.1188602667108425,20.03616959319893,Low Market Risk,31.591345104772174,Low Risk,0.2001004391281746,Low Risk / Low Return (SAFE)
ST CLAIR,1092500.0,1089137.8101553088,3362.1898446911946,0.3077519308641825,3362.1898446911946,5.852534562211981,1152879.9769247668,1091834.6085967922,1213925.3452527414,1055.0,106.2618595825427,0.6091081593927894,0.745594215996385,5.845756739254209,2634.0,5.526771343228081,-3362.1898446911946,-0.3087019671286367,Fairly Valued,53.38294182373563,35.13366796747921,92.45990293400828,67.41693461950696,78.7626932387268,61.27908964259088,Premium (>$1M),6.808223913220298,Very Low Crime Risk,32.58306538049304,8.828141173994368,21.237306761273203,23.187436394699468,Low Economic Risk,3362.1898446911946,0.6555977931978568,40,9.21891824732875,16.56696867911133,Very Low Market Risk,16.94957910713809,Very Low Risk,0.3079053447570938,Low Risk / Low Return (SAFE)
ST GEORGES,2850000.0,2972134.566634585,-122134.56663458516,-4.285423390687199,122134.56663458516,17.522321428571427,3492921.538689975,3431876.1703620004,3553966.90701795,982.0,17.950202663578462,0.6045165026056746,0.5637010676156584,1.5270801161033682,1726.0,22.558650480350007,122134.56663458516,4.10932156321848,Fairly Valued,62.054655183399,59.42852327729754,98.63481744007382,59.59271168274384,77.84078028216078,69.9234756429865,Premium (>$1M),0.7244001658619545,Very Low Crime Risk,40.40728831725616,32.640900695740726,22.15921971783922,34.427758310918136,Low Economic Risk,122134.56663458516,24.82449083269117,20,38.33347138242359,26.513164178682366,Low Market Risk,22.73383204095413,Low Risk,0.9504849634658121,Low Risk / High Return (BEST)
ST MARYS,1115500.0,1139561.4791099897,-24061.47910998948,-2.157012918869518,24061.47910998948,26.89184200812108,1446010.5516576555,1384965.183329681,1507055.91998563,785.0,104.28429093324478,0.5313849219528396,0.631013916500994,6.500391917992062,3010.0,29.62891543322775,24061.47910998948,2.1114682753914926,Fairly Valued,58.1332611646271,69.5137911828136,91.52389484308064,38.47802786709539,63.157419816892826,65.21065127546126,Premium (>$1M),6.671988454274376,Very Low Crime Risk,61.52197213290461,23.828558408525723,36.842580183107174,45.27806962563146,Moderate Economic Risk,24061.47910998948,4.867679101728964,20,9.599933736436677,11.347055074800755,Very Low Market Risk,26.910042364058196,Low Risk,1.0615861863177634,Low Risk / High Return (BEST)
ST PETERS,2400000.0,2409713.6184625686,-9713.618462568616,-0.4047341026070256,9713.618462568616,9.149497119421934,2630190.296570119,2569144.928242144,2691235.664898094,1097.0,46.41089108910891,0.6311881188118812,0.6427255985267035,3.1995474970268765,3231.0,9.591262357088292,9713.618462568616,0.403102608880388,Fairly Valued,54.78007454809711,40.93139705507988,96.2434962107822,71.91854233654877,83.19590800469871,65.02294302130773,Premium (>$1M),2.6850678528955374,Very Low Crime Risk,28.081457663451232,22.295309519515186,16.80409199530129,24.09014008664043,Low Economic Risk,9713.618462568616,1.9480447666638097,40,30.878820508572847,22.498923033808737,Low Market Risk,17.350375005950625,Very Low Risk,0.522673915599984,Low Risk / Low Return (SAFE)
STEPNEY,1650000.0,1650333.0602667942,-333.0602667941712,-0.0201854707147982,333.0602667941712,12.730249693000408,1860424.579604892,1799379.2112769173,1921469.9479328664,1075.0,116.64899257688228,0.6203605514316013,0.6674937965260546,6.226658228455614,942.0,12.7530048245389,333.0602667941712,0.020181397004816,Fairly Valued,54.028475339557126,45.44141471990701,91.91528375172372,69.56055734190782,81.02194877412568,64.48823151088739,Premium (>$1M),7.523797469222307,Very Low Crime Risk,30.439442658092176,19.052751193398265,18.978051225874324,24.73115693224043,Low Economic Risk,333.0602667941712,0.03920271254314361,20,18.45440238548828,11.629281681389326,Very Low Market Risk,16.948574043164772,Very Low Risk,0.7105302512538892,Low Risk / Low Return (SAFE)
STIRLING,1592500.0,1619376.759272201,-26876.759272200987,-1.6877085885212548,26876.759272200987,14.418809547241787,1852871.610043956,1791826.2417159814,1913916.9783719303,1058.0,28.03129074315515,0.5961538461538461,0.5933147632311978,1.8932231196234224,3067.0,16.349865622854377,26876.759272200987,1.659697727431895,Fairly Valued,57.24652421781508,50.57210006361469,98.1113001821225,67.7384780278671,76.16172592516138,67.2161866143689,Premium (>$1M),1.4188901708906034,Very Low Crime Risk,32.2615219721329,28.7639882418038,23.838274074838623,29.52761227357531,Low Economic Risk,26876.759272200987,5.440558141078852,20,17.50186366271846,13.551689172111157,Very Low Market Risk,17.899811022477067,Very Low Risk,0.8650809049577213,Low Risk / Low Return (SAFE)
STONYFELL,1508000.0,1567095.637968006,-59095.63796800608,-3.918808883820032,59095.63796800608,12.642857142857142,1765221.3007682466,1704175.932440272,1826266.6690962208,1070.0,14.20678768745067,0.6132596685082873,0.629126213592233,1.196560415694885,1266.0,17.05711543556012,59095.63796800608,3.771029446845578,Fairly Valued,61.39065413295887,51.58094540177422,99.10739991630092,69.02465166130762,79.5962333355432,69.44723365634187,Premium (>$1M),0.46651487956412135,Very Low Crime Risk,30.975348338692385,24.07568929726453,20.403766664456796,26.79113429141691,Low Economic Risk,59095.63796800608,11.99675120631336,20,16.1020458875176,15.824211954404745,Very Low Market Risk,16.70036400045864,Very Low Risk,0.9636590205217331,Low Risk / Low Return (SAFE)
STURT,1020000.0,995577.5149539888,24422.48504601128,2.3943612790207136,24422.48504601128,14.857142857142858,1143491.8886042957,1082446.520276321,1204537.2569322702,635.0,59.18220946915351,0.4906743185078909,0.532258064516129,4.535422194993652,2787.0,12.107047902381929,-24422.48504601128,-2.453097290685596,Fairly Valued,49.17391454084392,44.519999658548656,94.33344070754272,22.40085744908896,54.98354390986924,53.60734542674916,Premium (>$1M),3.5648888499909313,Very Low Crime Risk,77.59914255091104,36.7572991313948,45.016456090130774,58.830052232900115,Moderate Economic Risk,24422.48504601128,4.941139902044239,20,8.017891162097241,10.980928751342006,Very Low Market Risk,32.680678521715734,Low Risk,0.3594656768739343,Low Risk / Low Return (SAFE)
SUMMERTOWN,1400000.0,1407148.3045257716,-7148.304525771644,-0.5105931804122603,7148.304525771644,13.492063492063492,1597001.6471998836,1535956.278871909,1658047.0155278582,876.0,11.95219123505976,0.5312084993359893,0.6405228758169934,1.0578364086790668,752.0,14.071546228563117,7148.304525771644,0.5079993702711187,Fairly Valued,54.98596630962558,47.32222730511105,99.30574977159446,48.231511254019296,63.12199767977623,61.73442312956485,Premium (>$1M),0.311194869541524,Very Low Crime Risk,51.768488745980704,22.583681603050877,36.87800232022377,40.034949317950364,Moderate Economic Risk,7148.304525771644,1.4260311484565582,20,14.312929677793424,11.148644878830979,Very Low Market Risk,22.340562095603836,Low Risk,0.6028794924014907,Low Risk / Low Return (SAFE)
SURREY DOWNS,867500.0,832759.0307509314,34740.96924906864,4.004722680007912,34740.96924906864,17.90352504638219,981852.252397434,920806.8840694594,1042897.6207254084,828.0,48.52634712712116,0.3956534682941351,0.6436993367722919,3.031561698670187,3358.0,13.181815838320915,-34740.96924906864,-4.171791354546027,Fairly Valued,45.800455306781934,46.05308542583541,96.4836850541712,43.08681672025724,35.90525539279035,54.603693006645294,Upper-Mid ($750k-$1M),2.8308024266716956,Very Low Crime Risk,56.91318327974276,22.167831410055072,64.09474460720966,47.92588998432983,Moderate Economic Risk,34740.96924906864,7.040839746180174,20,5.491592810403379,11.189234101072913,Very Low Market Risk,27.050032540381004,Low Risk,0.46993941341580586,Low Risk / Low Return (SAFE)
TAPEROO,857000.0,824389.040877566,32610.959122434026,3.80524610530152,32610.959122434026,20.201207243460765,990925.5795176215,929880.2111896472,1051970.9478455964,585.0,125.19224853891112,0.3251307290064595,0.4745889387144992,8.018641942955181,3250.0,15.62725548630358,-32610.959122434026,-3.9557730034498646,Fairly Valued,46.22445694648933,49.54134423382219,89.35307611293473,17.041800643086816,21.745698157527546,48.85412827720507,Upper-Mid ($750k-$1M),8.112345632793117,Very Low Crime Risk,82.95819935691318,44.3071218529694,78.25430184247247,70.4220966028419,High Economic Risk,32610.959122434026,6.607405741447433,20,5.317650956680196,10.972375035749023,Very Low Market Risk,39.83922699840869,Low Risk,0.38265306752531086,Low Risk / Low Return (SAFE)
TEA TREE GULLY,900000.0,858128.1560428841,41871.843957115896,4.652427106346211,41871.843957115896,19.568917686223987,1026054.5485412276,965009.1802132532,1087099.9168692024,799.0,27.142857142857142,0.442,0.5957951848084097,2.270379948780385,3499.0,14.0060609490253,-41871.843957115896,-4.879439470929491,Fairly Valued,44.4114808971547,47.2288168611732,97.57203517604668,39.97856377277599,45.21071310719027,55.16291139628448,Upper-Mid ($750k-$1M),1.3576856411148361,Very Low Crime Risk,60.02143622722401,28.439260878203157,54.78928689280972,49.5003537556349,Moderate Economic Risk,41871.843957115896,8.491895561975607,20,6.029984262403711,11.90425429039117,Very Low Market Risk,27.538333428230132,Low Risk,0.49078061913631227,Low Risk / Low Return (SAFE)
TENNYSON,3720000.0,3941684.486207812,-221684.4862078121,-5.959260381930433,221684.4862078121,37.30929264909848,5412299.086471198,5351253.718143224,5473344.4547991725,1032.0,37.78558875219684,0.5333919156414763,0.6032504780114722,2.153607238273473,1137.0,45.49191092664511,221684.4862078121,5.624105302783601,Undervalued,65.02787845872992,92.14131085871936,97.73899870838348,64.95176848874597,63.560384056400586,78.19029467292746,Premium (>$1M),2.0908674832478185,Very Low Crime Risk,35.04823151125403,27.46324223325098,36.439615943599414,33.05101161432219,Low Economic Risk,221684.4862078121,45.08182189975965,50,52.745796405201695,48.71917786120429,Moderate Market Risk,26.8966016243763,Low Risk,1.6307330741997577,Low Risk / High Return (BEST)
TERINGIE,1327500.0,1353265.0736166928,-25765.0736166928,-1.940871835532414,25765.0736166928,14.557305812058662,1550264.0088308556,1489218.640502881,1611309.3771588302,978.0,12.01923076923077,0.5588942307692307,0.6130434782608696,1.391069274044315,831.0,16.78071629610965,25765.0736166928,1.9039192039320048,Fairly Valued,57.72588305914663,51.1866802096222,98.82928796771428,59.163987138263664,68.68073948119692,65.62296458255163,Premium (>$1M),0.31581324863473575,Very Low Crime Risk,40.836012861736336,26.1811798685533,31.319260518803077,34.536212495194775,Low Economic Risk,25765.0736166928,5.214342143490071,20,13.111902592561913,12.363712505536506,Very Low Market Risk,19.83559272329511,Very Low Risk,0.8053870374106549,Low Risk / Low Return (SAFE)
THEBARTON,1495000.0,1411150.495163279,83849.50483672111,5.608662530884356,83849.50483672111,,,,,831.0,130.28413028413027,0.5717255717255717,0.645933014354067,7.304189116598536,1442.0,,-83849.50483672111,-5.9419250550607785,Overvalued,42.326030158589454,50.0,90.3746124552762,43.40836012861736,71.25701641699985,56.90968719962466,Premium (>$1M),8.463127309426481,Very Low Crime Risk,56.59163987138264,21.87540683234313,28.742983583000154,40.60703870199429,Moderate Economic Risk,83849.50483672111,17.033895168854123,50,15.88668930671747,28.285230394221017,Low Market Risk,28.499503622669295,Low Risk,,Unknown Growth
TONSLEY,800000.0,823770.6512445112,-23770.65124451125,-2.9713314055639057,23770.65124451125,,,,,788.0,102.1505376344086,0.6129032258064516,0.6144578313253012,6.907495362652116,743.0,,23770.65124451125,2.885590935850864,Fairly Valued,59.65271206175626,50.0,90.9418116761158,38.79957127545552,79.52466676157412,62.356578321225776,Upper-Mid ($750k-$1M),6.524993375217308,Very Low Crime Risk,61.20042872454448,25.996018142001304,20.475333238425875,42.4940864525578,Moderate Economic Risk,23770.65124451125,4.808498779135255,50,4.373395179325768,20.516748306485546,Low Market Risk,27.307890900141203,Low Risk,,Unknown Growth
TOORAK GARDENS,2910000.0,2912052.5464978693,-2052.5464978693053,-0.0705342439130345,2052.5464978693053,10.09635525764558,3206063.716881609,3145018.3485536342,3267109.085209584,1068.0,29.174664107485604,0.6337811900191939,0.5837471783295711,2.3683603188119227,2604.0,10.174010889402371,2052.5464978693053,0.0704845281840042,Fairly Valued,54.12721051642596,41.76264950588678,97.43194123963704,68.81028938906752,83.7165449020444,64.85841167789145,Premium (>$1M),1.4976575983027467,Very Low Crime Risk,31.18971061093248,30.01654008608466,16.283455097955596,27.85650835088276,Low Economic Risk,2052.5464978693053,0.389099548195863,20,39.32742483227036,16.987496027345934,Very Low Market Risk,17.77505066040139,Very Low Risk,0.5418899300687618,Low Risk / Low Return (SAFE)
TORRENS PARK,2340000.0,2446131.972974196,-106131.97297419608,-4.53555440060667,106131.97297419608,25.274725274725277,3064385.1090006414,3003339.7406726666,3125430.477328616,1001.0,40.55059523809524,0.5959821428571429,0.6350267379679144,2.9469448846858946,2687.0,30.956628589771,106131.97297419608,4.338767251594877,Fairly Valued,62.5050120517008,71.40768666971002,96.60467155946492,61.62915326902465,76.12725133325372,72.78145771850978,Premium (>$1M),2.2813498352655643,Very Low Crime Risk,38.37084673097535,23.303215076761163,23.872748666746276,30.95093762186528,Low Economic Risk,106131.97297419608,21.56813624094466,50,29.884867058726083,33.59847126105939,Low Market Risk,22.879568013724185,Low Risk,1.2963646818057786,Low Risk / High Return (BEST)
TORRENSVILLE,1559000.0,1635432.1018427992,-76432.10184279922,-4.902636423527853,76432.10184279922,23.590864917395525,2021244.6798042564,1960199.3114762816,2082290.048132231,799.0,91.46193140355145,0.5747993189005108,0.6615081598199212,5.25205584903066,4110.0,29.65007567698887,76432.10184279922,4.673511162993303,Fairly Valued,63.16204867194524,69.54397487871458,93.30878618209708,39.97856377277599,71.87416344631107,68.18056646822913,Premium (>$1M),5.788651212900943,Very Low Crime Risk,60.02143622722401,19.836367996651063,28.125836553688927,41.586795823345106,Moderate Economic Risk,76432.10184279922,15.524533948374032,20,16.946906319887354,17.44654015932145,Very Low Market Risk,26.019301307407126,Low Risk,1.0973664840422996,Low Risk / High Return (BEST)
TRANMERE,1511500.0,1563191.5822697224,-51691.58226972236,-3.419886355919441,51691.58226972236,15.09232264334305,1799113.499399448,1738068.1310714737,1860158.8677274224,831.0,34.807831762146485,0.5699782451051486,0.6221064814814815,2.8800100674652303,4136.0,19.028349282133515,51691.58226972236,3.306797634789412,Fairly Valued,60.47945816966532,54.39278082514431,96.70037605644,43.40836012861736,70.90618813749055,64.68398070151534,Premium (>$1M),1.8857286678074716,Very Low Crime Risk,56.59163987138264,24.994685939790713,29.093811862509455,41.61298809013043,Moderate Economic Risk,51691.58226972236,10.490106016019448,20,16.16002650542533,15.236049032764113,Very Low Market Risk,24.419422451960276,Low Risk,0.7485752014269742,Low Risk / Low Return (SAFE)
TRINITY GARDENS,1606300.0,1656254.7342435012,-49954.73424350121,-3.1099255583328898,49954.73424350121,4.072,1723697.4270218967,1662652.058693922,1784742.7953498713,923.0,60.07905138339921,0.5533596837944664,0.6819923371647509,3.648670842206383,1264.0,7.308561727068212,49954.73424350121,3.0161262763917875,Fairly Valued,59.90892732378499,37.67527475198676,95.60133230244624,53.26902465166131,67.56951301081334,61.25906834445197,Premium (>$1M),3.6266726317234044,Very Low Crime Risk,46.73097534833869,17.1546573689795,32.43048698918666,34.99798228270053,Low Economic Risk,49954.73424350121,10.136676242985168,40,17.73047295618322,22.487288736239872,Low Market Risk,23.08445067811526,Low Risk,0.30345561228470364,Low Risk / Low Return (SAFE)
TROTT PARK,1045000.0,1018108.1307619,26891.86923810013,2.573384616086137,26891.86923810013,19.83673469387756,1220067.539557934,1159022.1712299597,1281112.9078859086,766.0,13.76,0.44096,0.6246553761323356,1.7450148536882322,3124.0,16.752874598845363,-26891.86923810013,-2.6413568878951623,Fairly Valued,48.80439788865923,51.14696585977448,98.32321078601818,36.441586280814576,45.0019018829892,57.059131119166125,Premium (>$1M),0.435735505268903,Very Low Crime Risk,63.558413719185424,24.66099434168825,54.9980981170108,50.17712478550135,Moderate Economic Risk,26891.86923810013,5.443632855583326,20,8.432038432866728,11.285462750450012,Very Low Market Risk,27.47637559442135,Low Risk,0.5883078253163414,Low Risk / Low Return (SAFE)
TUSMORE,1975000.0,2100708.183672075,-125708.18367207516,-6.364971325168363,125708.18367207516,16.052227342549923,2437918.637118668,2376873.268790693,2498964.005446642,1090.0,21.94148936170213,0.6389627659574468,0.6123417721518988,2.1695530007780306,1503.0,23.438918335122423,125708.18367207516,5.984085969158031,Undervalued,65.73444987745987,60.68416747212794,97.71619919622,71.16827438370846,84.75690183950351,73.58554801202057,Premium (>$1M),0.9993614296829011,Very Low Crime Risk,28.831725616291536,26.2730445648138,15.243098160496487,25.346395809689206,Low Economic Risk,125708.18367207516,25.55168321763429,20,23.838316905491595,23.180252513426616,Low Market Risk,17.609056836434796,Very Low Risk,1.259543594344406,Low Risk / High Return (BEST)
UNDERDALE,1551000.0,1613123.6462498736,-62123.64624987357,-4.005393052860965,62123.64624987357,17.36734693877551,1893280.426445515,1832235.0581175403,1954325.7947734892,830.0,71.60493827160494,0.5267489711934157,0.6326234269119071,4.714486764638044,2429.0,22.06837049938845,62123.64624987357,3.851139768132231,Fairly Valued,61.54789497574221,58.72917113283568,94.07741125567492,43.30117899249732,62.22661351553585,64.67998172749476,Premium (>$1M),4.420695378054349,Very Low Crime Risk,56.69882100750268,23.617847424060287,37.77338648446415,42.98944202786225,Moderate Economic Risk,62123.64624987357,12.612918115363398,20,16.814379193241116,16.24876204445564,Very Low Market Risk,26.07068203623856,Low Risk,0.8152129477139256,Low Risk / High Return (BEST)
UNLEY,1671000.0,1708442.248996495,-37442.24899649504,-2.240709096139739,37442.24899649504,5.442739079102716,1801428.3029265285,1740382.934598554,1862473.671254503,1066.0,74.53726863431716,0.6283141570785392,0.6414705882352941,4.495893315060905,3997.0,7.805404124867056,37442.24899649504,2.1916016779898686,Fairly Valued,58.29054731149672,38.383987752421184,94.3899597469162,68.59592711682744,82.61887390100043,64.5124295385617,Premium (>$1M),4.622704735801294,Very Low Crime Risk,31.40407288317256,22.45961069596244,17.381126098999573,25.916144870174925,Low Economic Risk,37442.24899649504,7.590520935105014,40,18.802286092934647,21.736779897275667,Low Market Risk,18.692239835282983,Very Low Risk,0.3963695440516602,Low Risk / Low Return (SAFE)
UNLEY PARK,3037500.0,3042247.9445928405,-4747.944592840504,-0.1563109330976297,4747.944592840504,14.642857142857142,3487719.965051078,3426674.596723103,3548765.3333790526,1346.0,31.791907514450862,0.6315028901734104,0.6166242578456319,2.5545723467955703,1383.0,14.822056462586922,4747.944592840504,0.1560669833397141,Fairly Valued,54.29519208434401,48.392780788807706,97.16569223487566,98.60664523043944,83.25910780599136,70.93679883464532,Premium (>$1M),1.6779604954222433,Very Low Crime Risk,1.3933547695605597,25.712397817599708,16.740892194008637,11.75857516886192,Very Low Economic Risk,4747.944592840504,0.9375838845113078,20,41.43957591319473,17.734927532103207,Very Low Market Risk,9.929661239478275,Very Low Risk,1.3561313692915928,Low Risk / Low Return (SAFE)
UPPER STURT,1357000.0,1347969.6641002237,9030.335899776312,0.6654632203224992,9030.335899776312,23.950408565793182,1670813.905995177,1609768.5376672023,1731859.2743231517,1009.0,14.910536779324056,0.5228628230616302,0.6436498150431565,1.6804974961516013,1005.0,23.12556418534835,-9030.335899776312,-0.6699213001803053,Fairly Valued,52.67393914534863,60.23718838848122,98.41545875957804,62.486602357985,61.44635260320426,66.06219620665867,Premium (>$1M),0.5149964230737161,Very Low Crime Risk,37.513397642015,22.174314606577312,38.55364739679574,33.11972268233984,Low Economic Risk,9030.335899776312,1.8090041612451664,20,13.600596372069909,11.123750757515545,Very Low Market Risk,18.939110419595146,Very Low Risk,1.1598092241177278,Low Risk / High Return (BEST)
URAIDLA,1170000.0,1161867.9432969787,8132.056703021284,0.6950475814548106,8132.056703021284,10.66098081023454,1285734.4617721364,1224689.0934441618,1346779.830100111,872.0,12.027491408934708,0.4742268041237113,0.6645702306079665,1.331467629079503,581.0,9.891834339498836,-8132.056703021284,-0.6999123050030388,Fairly Valued,52.61507268721309,41.36014321773515,98.91450737499883,47.80278670953912,51.68121158907552,58.2459982509359,Premium (>$1M),0.31638232725643234,Very Low Crime Risk,52.19721329046088,19.435493329499423,48.31878841092448,41.59301232626517,Moderate Economic Risk,8132.056703021284,1.626214068020211,40,10.502774786714156,17.276179323886623,Very Low Market Risk,24.346656726086838,Low Risk,0.3902618971171112,Low Risk / Low Return (SAFE)
URRBRAE,1350000.0,1286632.5775212066,63367.42247879342,4.69388314657729,63367.42247879342,2.7436140018921487,1321932.8090709844,1260887.4407430098,1382978.177398959,907.0,20.54154995331466,0.6265172735760971,0.5851428571428572,2.0720433487079983,1070.0,-2.079051179927084,-63367.42247879342,-4.925059693488834,Fairly Valued,44.321937351104914,24.28446241449541,97.8556200923855,51.554126473740624,82.25809558956614,54.89774935745014,Premium (>$1M),0.9029190695828551,Very Low Crime Risk,48.445873526259376,29.833823121502718,17.74190441043386,36.72146458166728,Low Economic Risk,63367.42247879342,12.866013114842989,80,13.484635136254452,36.517564030000806,Low Market Risk,25.935120817708654,Low Risk,-0.0771873716103846,Low Risk / Low Return (SAFE)
VALE PARK,1478000.0,1500340.447038439,-22340.447038439102,-1.5115322759431056,22340.447038439102,14.055608820709493,1711222.431253046,1650177.0629250717,1772267.7995810206,890.0,33.42845495311863,0.5801059926620464,0.6149732620320856,2.363492011117202,2452.0,15.77959616055792,22340.447038439102,1.4890251797542011,Fairly Valued,56.91152749322585,49.75864818537165,97.43890202564332,49.732047159699896,72.93963752763992,63.75467152615831,Premium (>$1M),1.7907028730245755,Very Low Crime Risk,50.267952840300104,25.928539913271706,27.060362472360083,38.32461088860359,Low Economic Risk,22340.447038439102,4.517467704272296,20,15.605069162594218,12.708254372357473,Very Low Market Risk,22.241167180680662,Low Risk,0.6789502453936475,Low Risk / Low Return (SAFE)
VALLEY VIEW,920000.0,894165.1781846007,25834.821815399337,2.8081328060216677,25834.821815399337,20.43786432629747,1076913.4441549652,1015868.0758269908,1137958.8124829398,696.0,43.86512644395879,0.4416172338432719,0.5667044595616024,3.616782408469053,6405.0,17.05580914727883,-25834.821815399337,-2.8892672680288305,Fairly Valued,48.31779845326975,51.57908206746266,95.64692690682224,28.938906752411576,45.133861309335344,55.37371757800631,Upper-Mid ($750k-$1M),2.509689154955791,Very Low Crime Risk,71.06109324758842,32.24770803953018,54.86613869066466,56.1780867737862,Moderate Economic Risk,25834.821815399337,5.228535146945896,20,6.361302079019299,10.681739578533183,Very Low Market Risk,30.978298049086472,Low Risk,0.5333557502371852,Low Risk / Low Return (SAFE)
VIRGINIA,883000.0,832859.6301145435,50140.36988545652,5.678411085555664,50140.36988545652,9.292389853137518,910252.193874186,849206.8255462114,971297.5622021606,832.0,72.10144927536231,0.3326086956521739,0.6378908072795147,4.228430147410026,2759.0,3.086318672048247,-50140.36988545652,-6.020266569837308,Overvalued,42.172261135939976,31.65252275388109,94.77238296075728,43.51554126473741,23.247124474668382,48.37132925858117,Upper-Mid ($750k-$1M),4.454900210585752,Very Low Crime Risk,56.48445873526259,22.928262010205856,76.75287552533162,50.47128307575938,Moderate Economic Risk,50140.36988545652,10.174451086732486,40,5.748364118280461,19.50687146426311,Very Low Market Risk,30.473485893908038,Low Risk,0.09806091014041855,Low Risk / Low Return (SAFE)
VISTA,965000.0,920875.3437980775,44124.656201922335,4.572503233359828,44124.656201922335,21.992481203007515,1123398.6806860007,1062353.3123580262,1184444.0490139753,848.0,19.305019305019304,0.4777992277992278,0.6130177514792899,1.6524138009288518,1035.0,16.414371055544116,-44124.656201922335,-4.791599264666342,Fairly Valued,44.58389398751864,50.664112820473605,98.4556132865656,45.230439442658096,52.39848289777699,57.75673326486352,Upper-Mid ($750k-$1M),0.8177340013269311,Very Low Crime Risk,54.769560557341904,26.184547920997716,47.60151710222301,44.76044807541487,Moderate Economic Risk,44124.656201922335,8.950318468499614,20,7.1067671664043734,12.356819179000938,Very Low Market Risk,25.096908073905702,Low Risk,0.6289776171590552,Low Risk / Low Return (SAFE)
WALKERVILLE,2207500.0,2379832.536619941,-172332.53661994124,-7.806683425591903,172332.53661994124,11.99404761904762,2665270.784315726,2604225.415987751,2726316.1526437006,981.0,80.5439330543933,0.5892608089260809,0.5192307692307693,4.695554298008639,2867.0,20.737068372173308,172332.53661994124,7.24137240617375,Undervalued,68.20225646968419,56.83015621534192,94.10448120627017,59.4855305466238,74.77774175016782,69.88971599300511,Premium (>$1M),5.036506140012341,Very Low Crime Risk,40.5144694533762,38.46278310707336,25.22225824983218,36.840521308776545,Low Economic Risk,172332.53661994124,35.03923436284671,20,27.68988652364781,27.938165376050637,Low Market Risk,25.518845571602103,Low Risk,0.7819747777550221,Low Risk / High Return (BEST)
WALKLEY HEIGHTS,1260000.0,1292673.5905246795,-32673.59052467952,-2.593142105133295,32673.59052467952,18.00128122998078,1525371.398940717,1464326.0306127428,1586416.767268692,715.0,29.880478087649404,0.4447922595332954,0.5736786839341967,2.2523969749282813,3513.0,21.061222138152168,32673.59052467952,2.527597899746504,Fairly Valued,58.95004197126702,57.2925402411553,97.59774752633152,30.97534833869239,45.77134304126196,60.751133711865286,Premium (>$1M),1.5462813927546877,Very Low Crime Risk,69.02465166130762,31.334669097086504,54.228656958738036,54.75845795152736,Moderate Economic Risk,32673.59052467952,6.620150553858341,20,11.993704961484305,12.646486461914412,Very Low Market Risk,30.37241068597297,Low Risk,0.6713294158031957,Low Risk / High Return (BEST)
WARRADALE,1355000.0,1381575.003892464,-26575.003892463865,-1.9612548998128316,26575.003892463865,17.343604108309993,1621189.9030269412,1560144.534698967,1682235.2713549158,854.0,36.366770079283,0.5125818683212685,0.608155661353757,2.595187166386785,5801.0,19.645011293501195,26575.003892463865,1.923529581643499,Fairly Valued,57.76437438297519,55.272408623147285,97.10762050120832,45.87352625937835,59.38214227119381,63.38818173694718,Premium (>$1M),1.993124523409693,Very Low Crime Risk,54.12647374062165,26.82107427706491,40.617857728806186,43.233130699191534,Moderate Economic Risk,26575.003892463865,5.379154187617016,20,13.567464590408349,12.543527822648894,Very Low Market Risk,24.723208271148454,Low Risk,0.7637076637728484,Low Risk / Low Return (SAFE)
WATERFALL GULLY,1295000.0,1447930.9472052832,-152930.9472052832,-11.809339552531522,152930.9472052832,,,,,1359.0,24.69135802469136,0.5555555555555556,0.6854838709677419,2.21216065191239,161.0,,152930.9472052832,10.562033189528972,Significantly Undervalued,74.72006206309833,50.0,97.65527807940182,100.0,68.01040019410335,76.2481142542202,Premium (>$1M),1.1888009313034154,Very Low Crime Risk,0.0,16.697559036508807,31.989599805896646,11.407187672131972,Very Low Economic Risk,152930.9472052832,31.091220927125573,50,12.573511140561584,33.07986615599062,Low Market Risk,12.676207346655136,Very Low Risk,,Unknown Growth
WATTLE PARK,1851000.0,1928355.409079228,-77355.4090792276,-4.1791144829404425,77355.4090792276,16.461794019933556,2245797.304494097,2184751.936166122,2306842.672822072,952.0,15.906680805938493,0.6240721102863203,0.5899419729206963,1.6685348156566242,1885.0,21.32886572091285,77355.4090792276,4.011470536759824,Fairly Valued,61.86259281714636,57.674316207589904,98.43256319590554,56.37727759914255,81.76715564734512,69.29717674082839,Premium (>$1M),0.5836211652237487,Very Low Crime Risk,43.62272240085745,29.205541127639506,18.23284435265488,34.219592409251554,Low Economic Risk,77355.4090792276,15.712416976759519,20,21.784146442474945,18.731003401322546,Very Low Market Risk,21.031083234457412,Low Risk,0.9681260559877388,Low Risk / High Return (BEST)
WAYVILLE,1430000.0,1496885.325365795,-66885.32536579506,-4.677295480125529,66885.32536579506,2.6533996683250414,1536603.6756242574,1475558.3072962828,1597649.043952232,979.0,115.4446177847114,0.6515860634425377,0.6464221286831028,6.588579341116462,1922.0,7.454802491206812,66885.32536579506,4.468299891272582,Fairly Valued,62.75925920866815,37.88387758298037,91.3978030224094,59.27116827438371,87.29140780230762,64.19812378421574,Premium (>$1M),7.440827630166377,Very Low Crime Risk,40.72883172561629,21.81137384374705,12.708592197692383,29.44954645547074,Low Economic Risk,66885.32536579506,13.58186827323283,40,14.809906402716805,23.135223909972336,Low Market Risk,21.58406629877975,Low Risk,0.3300912418774473,Low Risk / Low Return (SAFE)
WELLAND,1332500.0,1407886.6043761305,-75386.6043761305,-5.657531285263078,75386.6043761305,,,,,676.0,171.2018140589569,0.4943310657596372,0.6013245033112583,9.607373512008886,881.0,,75386.6043761305,5.354593483722802,Undervalued,64.49887963699817,50.0,87.08148171769692,26.79528403001072,55.71774570816835,58.85702740995728,Premium (>$1M),11.281962160012695,Very Low Crime Risk,73.20471596998928,27.715383519437125,44.282254291831634,53.77342389919211,Moderate Economic Risk,75386.6043761305,15.311786530768023,50,13.194732046715812,26.923397623986162,Low Market Risk,35.6559801223971,Low Risk,,Unknown Growth
WEST BEACH,1530000.0,1569632.9712142032,-39632.97121420317,-2.590390275438116,39632.97121420317,11.353162966066192,1747835.9604052585,1686790.592077284,1808881.328733233,896.0,43.66306027820711,0.527047913446677,0.5958029197080292,3.247038117778119,5175.0,14.237644470931926,39632.97121420317,2.524983352225631,Fairly Valued,58.94491012746618,47.55915552266573,96.1755933441015,50.37513397642015,62.286635148102135,62.59331419899983,Premium (>$1M),2.495768739683028,Very Low Crime Risk,49.62486602357985,28.438248254549066,37.713364851897865,40.88658045853421,Moderate Economic Risk,39632.97121420317,8.036309193200516,20,16.46649548579475,14.331147548728893,Very Low Market Risk,24.058250360917793,Low Risk,0.5681819067917738,Low Risk / Low Return (SAFE)
WEST CROYDON,1290000.0,1341471.3847341528,-51471.384734152816,-3.990029824352932,51471.384734152816,19.528178243774573,1603436.3078342692,1542390.939506295,1664481.6761622438,784.0,63.8699033702569,0.5180296959698326,0.6241783366676193,4.251478110255602,4242.0,24.29738820420692,51471.384734152816,3.8369349745282255,Fairly Valued,61.52001375292368,61.908718274146544,94.7394286063267,38.37084673097535,60.47595723324495,64.68429214864987,Premium (>$1M),3.8878258717937166,Very Low Crime Risk,61.62915326902465,24.723446534950057,39.52404276675505,46.13641914834835,Moderate Economic Risk,51471.384734152816,10.445298201032678,20,12.490681686407687,14.300789702014992,Very Low Market Risk,27.09471527611529,Low Risk,0.8648383856327362,Low Risk / High Return (BEST)
WEST LAKES,1667500.0,1761481.5500360162,-93981.55003601615,-5.63607496467863,93981.55003601615,18.79960317460317,2092633.091436636,2031587.7231086616,2153678.459764611,791.0,107.99231791992908,0.4721524597429458,0.5124833555259654,5.929205093932076,6768.0,25.49523786726453,93981.55003601615,5.335369537881028,Undervalued,64.46114680311071,63.61737202941368,92.3405871109514,39.12111468381565,51.26472467603486,64.70544414065274,Premium (>$1M),6.927435848474395,Very Low Crime Risk,60.87888531618435,39.34612885910751,48.73527532396513,51.99033638061745,Moderate Economic Risk,93981.55003601615,19.095656693810906,20,18.74430547502692,19.324339046281093,Very Low Market Risk,31.93826675410726,Low Risk,0.7740309487925737,Low Risk / High Return (BEST)
WEST LAKES SHORE,1360000.0,1393059.6213844935,-33059.62138449354,-2.4308545135657016,33059.62138449354,17.564402810304447,1637742.224672168,1576696.8563441937,1698787.5930001426,849.0,38.92493049119555,0.4670991658943466,0.5796460176991151,2.5985500193165936,3236.0,20.422222402365296,33059.62138449354,2.373166293603228,Fairly Valued,58.64692302838495,56.38104914854192,97.10281223905996,45.337620578778136,50.2501242195216,62.93555715223184,Premium (>$1M),2.169357170452277,Very Low Crime Risk,54.662379421221864,30.553448445319205,49.749875780478405,46.447199400302374,Moderate Economic Risk,33059.62138449354,6.698703655286067,20,13.650294044562248,13.092054973254989,Very Low Market Risk,26.492817845937868,Low Risk,0.7428202709815258,Low Risk / High Return (BEST)
WEST RICHMOND,1100000.0,1102728.059908721,-2728.0599087206647,-0.2480054462473331,2728.0599087206647,16.526610644257705,1284971.632834812,1223926.2645068374,1346017.0011627865,724.0,81.80147058823529,0.4880514705882353,0.5982436882546652,5.326196866441273,1087.0,16.815602984982903,2728.0599087206647,0.2473919008596265,Fairly Valued,54.47444497919343,51.236443776612695,93.20277814216902,31.939978563772776,54.45692844352639,58.028689695263566,Premium (>$1M),5.123138380630391,Very Low Crime Risk,68.06002143622723,28.11871211497096,45.54307155647361,51.57423866389963,Moderate Economic Risk,2728.0599087206647,0.526559215290771,20,9.343162428559596,9.546414293256207,Very Low Market Risk,29.233343704790173,Low Risk,0.5561939542373091,Low Risk / Low Return (SAFE)
WESTBOURNE PARK,2490500.0,2688445.217786039,-197945.21778603923,-7.9480111538261085,197945.21778603923,23.36356764928193,3316561.934957365,3255516.5666293907,3377607.3032853403,884.0,25.730994152046787,0.5637426900584795,0.6011209715086409,2.082295302609912,2564.0,33.16851776580468,197945.21778603923,7.362813885010051,Undervalued,68.4406222654316,74.56280109134583,97.84096168093484,49.08896034297964,69.65421325011727,73.06984466511159,Premium (>$1M),1.2604218608713031,Very Low Crime Risk,50.91103965702036,27.742029129312513,30.345786749882734,39.84728591728049,Low Economic Risk,197945.21778603923,40.25113773877325,50,32.37803362875839,41.6949635026989,Moderate Market Risk,28.640762217441416,Low Risk,1.1190170321020771,Low Risk / High Return (BEST)
WILLASTON,760000.0,708876.7939499413,51123.20605005871,6.72673763816562,51123.20605005871,21.66508987701041,862455.588476466,801410.2201484914,923500.9568044406,713.0,50.5926568372362,0.3411390575310783,0.5493257629524485,4.001205903814375,3458.0,13.480998483745529,-51123.20605005871,-7.2118605780835985,Overvalued,39.83339589232451,46.47984979066449,95.09727190251948,30.760986066452308,24.95985073121866,49.69956857895709,Upper-Mid ($750k-$1M),2.9731512911633935,Very Low Crime Risk,69.2390139335477,34.52286093472864,75.04014926878135,59.98439510094871,Moderate Economic Risk,51123.20605005871,10.374447607637649,20,3.7107595460945912,12.077468929578707,Very Low Market Risk,33.29963672373911,Low Risk,0.3930361884682935,Low Risk / Low Return (SAFE)
WILLUNGA,1115750.0,1097538.4449105368,18211.555089463247,1.6322254169359844,18211.555089463247,14.82713633398565,1260271.966455328,1199226.5981273537,1321317.3347833026,780.0,24.52984464431725,0.4832379394930499,0.5911354581673307,2.114371949023978,2445.0,12.952898629202602,-18211.555089463247,-1.6593090815099163,Fairly Valued,50.731965051659365,45.72655008415751,97.79509796699378,37.942122186495176,53.49046755822289,57.25061171373251,Premium (>$1M),1.1776742128913966,Very Low Crime Risk,62.057877813504824,29.049294576167583,46.509532441777104,49.04563376795811,Moderate Economic Risk,18211.555089463247,3.6772828853480237,20,9.604075209144373,10.871931956425303,Very Low Market Risk,27.050505539131535,Low Risk,0.46177059486977196,Low Risk / Low Return (SAFE)
WILLUNGA SOUTH,1400000.0,1466963.1573961882,-66963.15739618824,-4.783082671156303,66963.15739618824,,,,,776.0,19.108280254777068,0.4543524416135881,0.6237113402061856,1.2829264011522137,470.0,,66963.15739618824,4.564747046207054,Fairly Valued,62.9485660505629,50.0,98.98391241701184,37.51339764201501,47.690836621811165,61.57744560705461,Premium (>$1M),0.8041805730745912,Very Low Crime Risk,62.48660235798499,24.784583936400452,52.30916337818883,49.140509035550394,Moderate Economic Risk,66963.15739618824,13.597706248934427,50,14.312929677793424,26.517314919022127,Low Market Risk,30.114971673502,Low Risk,,Unknown Growth
WINDSOR GARDENS,982500.0,958598.9089949124,23901.0910050876,2.4326810183295264,23901.0910050876,17.98029556650247,1130957.8261294656,1069912.457801491,1192003.1944574402,777.0,55.42210020590254,0.5274536719286205,0.6274796408435999,3.964097441517521,5827.0,15.110211310887085,-23901.0910050876,-2.4933359281774905,Fairly Valued,49.09493399039727,48.80381472639693,95.15033018914974,37.62057877813505,62.36810334554885,57.83939706782351,Upper-Mid ($750k-$1M),3.3058534878821724,Very Low Crime Risk,62.37942122186495,24.29125234209232,37.63189665445115,46.0034656444504,Moderate Economic Risk,23901.0910050876,4.835041858483105,20,7.396670255943014,10.783184307378995,Very Low Market Risk,26.150125730065653,Low Risk,0.5565429589946339,Low Risk / Low Return (SAFE)
WOODCROFT,921750.0,891261.2984946215,30488.70150537847,3.3076974782075914,30488.70150537847,20.32100619485639,1072374.562174071,1011329.1938460964,1133419.9305020457,771.0,22.15944204114064,0.4146729054471616,0.6198567917067436,1.8500633910624025,11326.0,16.34115130719513,-30488.70150537847,-3.420848807961839,Fairly Valued,47.274408188386914,50.5596696655147,98.17301066827945,36.97749196141479,39.72397842696247,55.9758636434591,Upper-Mid ($750k-$1M),1.0143762729462897,Very Low Crime Risk,63.02250803858521,25.289206772935216,60.276021573037525,51.153220365780676,Moderate Economic Risk,30488.70150537847,6.17554928849793,20,6.3902923879731635,11.067792812392462,Very Low Market Risk,28.09448162725272,Low Risk,0.5616581012355422,Low Risk / Low Return (SAFE)
WOODFORDE,1590000.0,1608688.129272098,-18688.129272097955,-1.1753540422703117,18688.129272097955,8.31556503198294,1742459.6368235091,1681414.2684955343,1803505.005151484,928.0,29.26829268292683,0.5785365853658536,0.6611764705882353,2.7328753946173325,1024.0,9.588656403994284,18688.129272097955,1.1616999548914426,Fairly Valued,56.26905229908079,40.92767983439898,96.91075161937133,53.80493033226153,72.6245318941898,61.82797871145645,Premium (>$1M),1.5041077065961894,Very Low Crime Risk,46.19506966773847,19.879791489951415,27.3754681058102,34.5365659020167,Low Economic Risk,18688.129272097955,3.774260572894496,40,17.460448935641516,19.87481646306818,Very Low Market Risk,21.694478555600842,Low Risk,0.4225105406366726,Low Risk / Low Return (SAFE)
WOODSIDE,965000.0,944422.7556188904,20577.2443811096,2.132356930684933,20577.2443811096,,,,,757.0,15.544041450777202,0.4274611398963731,0.5755864465682016,1.3510471611573205,2701.0,,-20577.2443811096,-2.178817087864969,Fairly Valued,49.71227276432399,50.0,98.88651223963696,35.47695605573419,42.29160043726083,56.7416877293108,Upper-Mid ($750k-$1M),0.5586388016533151,Very Low Crime Risk,64.52304394426581,31.084912065375548,57.70839956273916,53.128675504293405,Moderate Economic Risk,20577.2443811096,4.15867504907999,50,7.1067671664043734,20.94016181123309,Low Market Risk,30.919961754889314,Low Risk,,Unknown Growth
WOODVILLE GARDENS,825000.0,815954.8600524266,9045.139947573422,1.096380599705869,9045.139947573422,12.93302540415704,921482.5093894608,860437.1410614863,982527.8777174356,517.0,80.81226688769166,0.4504765851636966,0.4681064791562029,6.6584942321344,2412.0,11.694849622964956,-9045.139947573422,-1.1085343553186575,Fairly Valued,51.81302777540237,43.93202592548213,91.2978375671534,9.753483386923902,46.91264207360973,50.94076904282148,Upper-Mid ($750k-$1M),5.054991760192,Very Low Crime Risk,90.2465166130761,45.15578081536225,53.087357926390276,69.28746413642477,High Economic Risk,9045.139947573422,1.8120166247272504,20,4.787542450095254,8.921692262414714,Very Low Market Risk,37.94456804875293,Low Risk,0.3002947576238285,Low Risk / Low Return (SAFE)
WOODVILLE NORTH,1130000.0,1190976.2129237372,-60976.21292373724,-5.396125037498871,60976.21292373724,21.58730158730159,1448075.8398406075,1387030.4715126331,1509121.2081685823,643.0,86.33357825128581,0.4790595150624541,0.5637878123629987,6.024749904982343,2721.0,28.148304410673248,60976.21292373724,5.119851451444714,Undervalued,64.03812708477705,67.40179694697602,92.20397557662838,23.258306538049304,52.65152340381479,63.25658079859167,Premium (>$1M),5.4353570071176325,Very Low Crime Risk,76.74169346195069,32.629544403177874,47.34847659618519,57.629405371165745,Moderate Economic Risk,60976.21292373724,12.379427853748135,20,9.840139153482978,14.411805929869999,Very Low Market Risk,33.327670973692165,Low Risk,0.8199887616099961,Low Risk / High Return (BEST)
WOODVILLE PARK,1320000.0,1358275.8609831692,-38275.86098316917,-2.8996864381188767,38275.86098316917,18.50931677018633,1609683.4427055195,1548638.074377545,1670728.811033494,847.0,101.99676200755532,0.5051268213707502,0.6284403669724771,6.540079799518798,1852.0,21.94571535647875,38275.86098316917,2.8179740274161773,Fairly Valued,59.51999333715361,58.554211639170575,91.46714846062618,45.12325830653805,57.885317770987776,63.34500112614344,Premium (>$1M),6.514399713598283,Very Low Crime Risk,54.87674169346195,24.165477729486653,42.114682229012224,43.11095061137942,Moderate Economic Risk,38275.86098316917,7.760151951060915,20,12.987658411331068,13.350975383257133,Very Low Market Risk,26.179990296420623,Low Risk,0.8074217509698235,Low Risk / High Return (BEST)
